"method","f","Tt","replica","rmse_lambda1"
"montoril","constant",200,1,0.884130590230072
"pg_apf","constant",200,1,0.867812284374918
"sir_laplace","constant",200,1,0.871744144560666
"sir_collapsed","constant",200,1,0.871794432016943
"stan","constant",200,1,0.876480832821822
"montoril","linear",200,1,0.71174683947806
"pg_apf","linear",200,1,0.70687429950032
"sir_laplace","linear",200,1,0.704967103354316
"sir_collapsed","linear",200,1,0.703793396157552
"stan","linear",200,1,0.706870587946375
"montoril","quadratic",200,1,0.729844642698118
"pg_apf","quadratic",200,1,0.728701932581615
"sir_laplace","quadratic",200,1,0.72512498497097
"sir_collapsed","quadratic",200,1,0.716542354368901
"stan","quadratic",200,1,0.726098402766544
"montoril","sinusoidal",200,1,0.717576186927584
"pg_apf","sinusoidal",200,1,0.713837360183056
"sir_laplace","sinusoidal",200,1,0.718585045887961
"sir_collapsed","sinusoidal",200,1,0.705516852339653
"stan","sinusoidal",200,1,0.713416246817812
"montoril","constant",400,1,0.604242179343733
"pg_apf","constant",400,1,0.601568935551498
"sir_laplace","constant",400,1,0.6002301957956
"sir_collapsed","constant",400,1,0.598416280349251
"stan","constant",400,1,0.604960267745769
"montoril","linear",400,1,0.353864203657446
"pg_apf","linear",400,1,0.341273171802518
"sir_laplace","linear",400,1,0.348967793157623
"sir_collapsed","linear",400,1,0.355422993355905
"stan","linear",400,1,0.346727657132705
"montoril","quadratic",400,1,0.342894311407789
"pg_apf","quadratic",400,1,0.334951925090002
"sir_laplace","quadratic",400,1,0.342961863012683
"sir_collapsed","quadratic",400,1,0.349851064199384
"stan","quadratic",400,1,0.341234564759211
"montoril","sinusoidal",400,1,0.313220774942533
"pg_apf","sinusoidal",400,1,0.300239274787809
"sir_laplace","sinusoidal",400,1,0.30218516550029
"sir_collapsed","sinusoidal",400,1,0.309023680586257
"stan","sinusoidal",400,1,0.299503945637602
"montoril","constant",800,1,0.549603914519834
"pg_apf","constant",800,1,0.541083465368549
"sir_laplace","constant",800,1,0.544711570993004
"sir_collapsed","constant",800,1,0.547828138399684
"stan","constant",800,1,0.54343115397687
"montoril","linear",800,1,0.347466188928128
"pg_apf","linear",800,1,0.331061898024093
"sir_laplace","linear",800,1,0.334557294184651
"sir_collapsed","linear",800,1,0.339418938291438
"stan","linear",800,1,0.331667531896915
"montoril","quadratic",800,1,0.350086131596898
"pg_apf","quadratic",800,1,0.336333448992647
"sir_laplace","quadratic",800,1,0.340417850899165
"sir_collapsed","quadratic",800,1,0.345230773271226
"stan","quadratic",800,1,0.33776940727714
"montoril","sinusoidal",800,1,0.365656170339679
"pg_apf","sinusoidal",800,1,0.352255279967567
"sir_laplace","sinusoidal",800,1,0.354573319172411
"sir_collapsed","sinusoidal",800,1,0.360324535096409
"stan","sinusoidal",800,1,0.35329446236104
"montoril","constant",1600,1,0.463356825030184
"pg_apf","constant",1600,1,0.457945094928366
"sir_laplace","constant",1600,1,0.45778841052343
"sir_collapsed","constant",1600,1,0.458220626373067
"stan","constant",1600,1,0.457794405708916
"montoril","linear",1600,1,0.310604750807664
"pg_apf","linear",1600,1,0.303865362942368
"sir_laplace","linear",1600,1,0.304478497238162
"sir_collapsed","linear",1600,1,0.308239224704937
"stan","linear",1600,1,0.302637643207173
"montoril","quadratic",1600,1,0.302717716758807
"pg_apf","quadratic",1600,1,0.289490310192349
"sir_laplace","quadratic",1600,1,0.290987800253479
"sir_collapsed","quadratic",1600,1,0.292615997750226
"stan","quadratic",1600,1,0.290498672497338
"montoril","sinusoidal",1600,1,0.321664434842742
"pg_apf","sinusoidal",1600,1,0.306991204314406
"sir_laplace","sinusoidal",1600,1,0.306933659071401
"sir_collapsed","sinusoidal",1600,1,0.307887422951158
"stan","sinusoidal",1600,1,0.309181524960822
"montoril","constant",200,2,0.822368874279337
"pg_apf","constant",200,2,0.830058186794214
"sir_laplace","constant",200,2,0.832785060901879
"sir_collapsed","constant",200,2,0.834365092476588
"stan","constant",200,2,0.829081117226305
"montoril","linear",200,2,0.47472043238282
"pg_apf","linear",200,2,0.461375016071633
"sir_laplace","linear",200,2,0.469460904896395
"sir_collapsed","linear",200,2,0.471820735927894
"stan","linear",200,2,0.462575703813801
"montoril","quadratic",200,2,0.512048340988664
"pg_apf","quadratic",200,2,0.502656316128762
"sir_laplace","quadratic",200,2,0.502194895999822
"sir_collapsed","quadratic",200,2,0.507669327726877
"stan","quadratic",200,2,0.497019817642029
"montoril","sinusoidal",200,2,0.46778052417868
"pg_apf","sinusoidal",200,2,0.468887441376304
"sir_laplace","sinusoidal",200,2,0.472884689053621
"sir_collapsed","sinusoidal",200,2,0.482800628426399
"stan","sinusoidal",200,2,0.473456850830503
"montoril","constant",400,2,0.676893208676879
"pg_apf","constant",400,2,0.676846301504332
"sir_laplace","constant",400,2,0.679784863427369
"sir_collapsed","constant",400,2,0.680743010801911
"stan","constant",400,2,0.674052204403511
"montoril","linear",400,2,0.405062507860557
"pg_apf","linear",400,2,0.395823901841698
"sir_laplace","linear",400,2,0.406551943453725
"sir_collapsed","linear",400,2,0.41024857942682
"stan","linear",400,2,0.401787025265892
"montoril","quadratic",400,2,0.395659795571681
"pg_apf","quadratic",400,2,0.388035902127139
"sir_laplace","quadratic",400,2,0.396884971672495
"sir_collapsed","quadratic",400,2,0.40028678502928
"stan","quadratic",400,2,0.395095602066336
"montoril","sinusoidal",400,2,0.394987861109148
"pg_apf","sinusoidal",400,2,0.403517924018664
"sir_laplace","sinusoidal",400,2,0.406815043455041
"sir_collapsed","sinusoidal",400,2,0.412749629991052
"stan","sinusoidal",400,2,0.40390886348835
"montoril","constant",800,2,0.574621066494337
"pg_apf","constant",800,2,0.576790369829636
"sir_laplace","constant",800,2,0.576013834019437
"sir_collapsed","constant",800,2,0.573780912499031
"stan","constant",800,2,0.575897586437768
"montoril","linear",800,2,0.382178536415547
"pg_apf","linear",800,2,0.375150090880803
"sir_laplace","linear",800,2,0.379083670312943
"sir_collapsed","linear",800,2,0.378850733588538
"stan","linear",800,2,0.377256130486345
"montoril","quadratic",800,2,0.365334666181892
"pg_apf","quadratic",800,2,0.3615176566057
"sir_laplace","quadratic",800,2,0.363280399226518
"sir_collapsed","quadratic",800,2,0.362750109936262
"stan","quadratic",800,2,0.363754146179136
"montoril","sinusoidal",800,2,0.389183112076667
"pg_apf","sinusoidal",800,2,0.380177255278921
"sir_laplace","sinusoidal",800,2,0.379135670325885
"sir_collapsed","sinusoidal",800,2,0.383583876415419
"stan","sinusoidal",800,2,0.382663904639067
"montoril","constant",1600,2,0.499749506554619
"pg_apf","constant",1600,2,0.493664879975618
"sir_laplace","constant",1600,2,0.493689988010209
"sir_collapsed","constant",1600,2,0.492861664340677
"stan","constant",1600,2,0.494353346793298
"montoril","linear",1600,2,0.362154521593951
"pg_apf","linear",1600,2,0.357383548621117
"sir_laplace","linear",1600,2,0.358025678358675
"sir_collapsed","linear",1600,2,0.362724638521728
"stan","linear",1600,2,0.359755117473936
"montoril","quadratic",1600,2,0.360832877232212
"pg_apf","quadratic",1600,2,0.360731585288932
"sir_laplace","quadratic",1600,2,0.361872608016504
"sir_collapsed","quadratic",1600,2,0.36764019823643
"stan","quadratic",1600,2,0.3648584178811
"montoril","sinusoidal",1600,2,0.390778127886898
"pg_apf","sinusoidal",1600,2,0.379699470606921
"sir_laplace","sinusoidal",1600,2,0.381073375599732
"sir_collapsed","sinusoidal",1600,2,0.385681403320924
"stan","sinusoidal",1600,2,0.381014050773124
"montoril","constant",200,3,0.824766458659594
"pg_apf","constant",200,3,0.827283060142886
"sir_laplace","constant",200,3,0.823059725208927
"sir_collapsed","constant",200,3,0.822200223734666
"stan","constant",200,3,0.82091571764071
"montoril","linear",200,3,0.599834440877352
"pg_apf","linear",200,3,0.602950123315602
"sir_laplace","linear",200,3,0.609205271456627
"sir_collapsed","linear",200,3,0.614887970091086
"stan","linear",200,3,0.604133010397563
"montoril","quadratic",200,3,0.594170719582174
"pg_apf","quadratic",200,3,0.591393567563724
"sir_laplace","quadratic",200,3,0.599392335690851
"sir_collapsed","quadratic",200,3,0.607107511228374
"stan","quadratic",200,3,0.594617352046722
"montoril","sinusoidal",200,3,0.567781656754936
"pg_apf","sinusoidal",200,3,0.563179368327064
"sir_laplace","sinusoidal",200,3,0.570958058084968
"sir_collapsed","sinusoidal",200,3,0.572117067375673
"stan","sinusoidal",200,3,0.56432065679732
"montoril","constant",400,3,0.708996493358333
"pg_apf","constant",400,3,0.715472121465494
"sir_laplace","constant",400,3,0.70984161638867
"sir_collapsed","constant",400,3,0.711077823570484
"stan","constant",400,3,0.711451012450865
"montoril","linear",400,3,0.347527010571641
"pg_apf","linear",400,3,0.349789465049849
"sir_laplace","linear",400,3,0.352300165964338
"sir_collapsed","linear",400,3,0.355344399927386
"stan","linear",400,3,0.35105968846547
"montoril","quadratic",400,3,0.35482045194193
"pg_apf","quadratic",400,3,0.347265809890384
"sir_laplace","quadratic",400,3,0.349454645244838
"sir_collapsed","quadratic",400,3,0.352551462030381
"stan","quadratic",400,3,0.348239620787663
"montoril","sinusoidal",400,3,0.393220828242357
"pg_apf","sinusoidal",400,3,0.391926179070522
"sir_laplace","sinusoidal",400,3,0.39117826028324
"sir_collapsed","sinusoidal",400,3,0.406724354118061
"stan","sinusoidal",400,3,0.401465463118533
"montoril","constant",800,3,0.558193506955337
"pg_apf","constant",800,3,0.55476010375634
"sir_laplace","constant",800,3,0.554253724725985
"sir_collapsed","constant",800,3,0.553122257743736
"stan","constant",800,3,0.555522073719461
"montoril","linear",800,3,0.382879081338619
"pg_apf","linear",800,3,0.369195361076524
"sir_laplace","linear",800,3,0.367517499085481
"sir_collapsed","linear",800,3,0.36857516540314
"stan","linear",800,3,0.370223011829717
"montoril","quadratic",800,3,0.399610326254384
"pg_apf","quadratic",800,3,0.401105494116733
"sir_laplace","quadratic",800,3,0.399481434664814
"sir_collapsed","quadratic",800,3,0.398474536908055
"stan","quadratic",800,3,0.403549828137787
"montoril","sinusoidal",800,3,0.412825552151299
"pg_apf","sinusoidal",800,3,0.407146084480044
"sir_laplace","sinusoidal",800,3,0.40731660833158
"sir_collapsed","sinusoidal",800,3,0.40732205244443
"stan","sinusoidal",800,3,0.409283557494809
"montoril","constant",1600,3,0.45477190076772
"pg_apf","constant",1600,3,0.455709642456117
"sir_laplace","constant",1600,3,0.453726653406923
"sir_collapsed","constant",1600,3,0.455472573040399
"stan","constant",1600,3,0.455265919752301
"montoril","linear",1600,3,0.317458593468384
"pg_apf","linear",1600,3,0.30117045931299
"sir_laplace","linear",1600,3,0.303609656487868
"sir_collapsed","linear",1600,3,0.304929912575401
"stan","linear",1600,3,0.30390029971094
"montoril","quadratic",1600,3,0.302578764611217
"pg_apf","quadratic",1600,3,0.301041783076236
"sir_laplace","quadratic",1600,3,0.301425264725934
"sir_collapsed","quadratic",1600,3,0.305620461579909
"stan","quadratic",1600,3,0.302477604710311
"montoril","sinusoidal",1600,3,0.316663894836648
"pg_apf","sinusoidal",1600,3,0.312052629763742
"sir_laplace","sinusoidal",1600,3,0.312827699801126
"sir_collapsed","sinusoidal",1600,3,0.317426036888345
"stan","sinusoidal",1600,3,0.316943520915076
"montoril","constant",200,4,0.924675880441297
"pg_apf","constant",200,4,0.924392193908469
"sir_laplace","constant",200,4,0.924946889004251
"sir_collapsed","constant",200,4,0.925701908732348
"stan","constant",200,4,0.921127273459635
"montoril","linear",200,4,0.510365745356209
"pg_apf","linear",200,4,0.51276336390573
"sir_laplace","linear",200,4,0.506498782818473
"sir_collapsed","linear",200,4,0.520379457808675
"stan","linear",200,4,0.511185605076326
"montoril","quadratic",200,4,0.505733540911103
"pg_apf","quadratic",200,4,0.507504512443124
"sir_laplace","quadratic",200,4,0.508372125969136
"sir_collapsed","quadratic",200,4,0.518810709473834
"stan","quadratic",200,4,0.502184960600617
"montoril","sinusoidal",200,4,0.435068351439909
"pg_apf","sinusoidal",200,4,0.435179202070274
"sir_laplace","sinusoidal",200,4,0.453813950046663
"sir_collapsed","sinusoidal",200,4,0.459672398734226
"stan","sinusoidal",200,4,0.440087158971539
"montoril","constant",400,4,0.616472928515837
"pg_apf","constant",400,4,0.616463068511211
"sir_laplace","constant",400,4,0.611098801274385
"sir_collapsed","constant",400,4,0.60819149001682
"stan","constant",400,4,0.615269108487652
"montoril","linear",400,4,0.291264482406039
"pg_apf","linear",400,4,0.286549940826816
"sir_laplace","linear",400,4,0.288465627029372
"sir_collapsed","linear",400,4,0.288295311560788
"stan","linear",400,4,0.284083460596372
"montoril","quadratic",400,4,0.274569488639025
"pg_apf","quadratic",400,4,0.276761411550332
"sir_laplace","quadratic",400,4,0.27623594623907
"sir_collapsed","quadratic",400,4,0.279581367747778
"stan","quadratic",400,4,0.278989494718685
"montoril","sinusoidal",400,4,0.312715563943111
"pg_apf","sinusoidal",400,4,0.297510089817614
"sir_laplace","sinusoidal",400,4,0.297517197195994
"sir_collapsed","sinusoidal",400,4,0.301558351758944
"stan","sinusoidal",400,4,0.295206487848248
"montoril","constant",800,4,0.611346054745149
"pg_apf","constant",800,4,0.605131133539836
"sir_laplace","constant",800,4,0.608046239927619
"sir_collapsed","constant",800,4,0.612272736163285
"stan","constant",800,4,0.608673896243386
"montoril","linear",800,4,0.366645716600484
"pg_apf","linear",800,4,0.372274022173394
"sir_laplace","linear",800,4,0.377561562457372
"sir_collapsed","linear",800,4,0.378020503045184
"stan","linear",800,4,0.371458873111497
"montoril","quadratic",800,4,0.378262808393053
"pg_apf","quadratic",800,4,0.372300280116446
"sir_laplace","quadratic",800,4,0.377590633738241
"sir_collapsed","quadratic",800,4,0.383255897483955
"stan","quadratic",800,4,0.373360784648597
"montoril","sinusoidal",800,4,0.402483820171168
"pg_apf","sinusoidal",800,4,0.400935126400281
"sir_laplace","sinusoidal",800,4,0.40536712561663
"sir_collapsed","sinusoidal",800,4,0.411618567862736
"stan","sinusoidal",800,4,0.407492436681999
"montoril","constant",1600,4,0.519789460092201
"pg_apf","constant",1600,4,0.52406083718311
"sir_laplace","constant",1600,4,0.521154059071793
"sir_collapsed","constant",1600,4,0.521608563718137
"stan","constant",1600,4,0.523343273197971
"montoril","linear",1600,4,0.339431065301897
"pg_apf","linear",1600,4,0.343600705111954
"sir_laplace","linear",1600,4,0.346415953748833
"sir_collapsed","linear",1600,4,0.34403070783597
"stan","linear",1600,4,0.34605758888593
"montoril","quadratic",1600,4,0.336552825894502
"pg_apf","quadratic",1600,4,0.327074468707042
"sir_laplace","quadratic",1600,4,0.329854140956332
"sir_collapsed","quadratic",1600,4,0.328389032506507
"stan","quadratic",1600,4,0.329676904086463
"montoril","sinusoidal",1600,4,0.348615466169494
"pg_apf","sinusoidal",1600,4,0.352748791376304
"sir_laplace","sinusoidal",1600,4,0.353282834949281
"sir_collapsed","sinusoidal",1600,4,0.351017768638779
"stan","sinusoidal",1600,4,0.354377478981227
"montoril","constant",200,5,0.684740333983192
"pg_apf","constant",200,5,0.680479666951393
"sir_laplace","constant",200,5,0.682031761564537
"sir_collapsed","constant",200,5,0.740500945965173
"stan","constant",200,5,0.676267483359888
"montoril","linear",200,5,0.404799192702658
"pg_apf","linear",200,5,0.406580192856464
"sir_laplace","linear",200,5,0.412709063748637
"sir_collapsed","linear",200,5,0.424973549159225
"stan","linear",200,5,0.409402847517229
"montoril","quadratic",200,5,0.393609452177386
"pg_apf","quadratic",200,5,0.393837402972192
"sir_laplace","quadratic",200,5,0.399274436341357
"sir_collapsed","quadratic",200,5,0.403651987124494
"stan","quadratic",200,5,0.395991262260219
"montoril","sinusoidal",200,5,0.371746834586406
"pg_apf","sinusoidal",200,5,0.380737632498312
"sir_laplace","sinusoidal",200,5,0.381993583043379
"sir_collapsed","sinusoidal",200,5,0.390521974035398
"stan","sinusoidal",200,5,0.38062550928418
"montoril","constant",400,5,0.576257636738805
"pg_apf","constant",400,5,0.569715153493673
"sir_laplace","constant",400,5,0.569435387963334
"sir_collapsed","constant",400,5,0.569316867524785
"stan","constant",400,5,0.571492685163822
"montoril","linear",400,5,0.315342986881566
"pg_apf","linear",400,5,0.297808822097787
"sir_laplace","linear",400,5,0.29982224900784
"sir_collapsed","linear",400,5,0.300248823693484
"stan","linear",400,5,0.301010616006543
"montoril","quadratic",400,5,0.33449747517903
"pg_apf","quadratic",400,5,0.318662775498887
"sir_laplace","quadratic",400,5,0.320641925774655
"sir_collapsed","quadratic",400,5,0.323612298833003
"stan","quadratic",400,5,0.318946773638418
"montoril","sinusoidal",400,5,0.319804517773696
"pg_apf","sinusoidal",400,5,0.30314310403277
"sir_laplace","sinusoidal",400,5,0.307064568878936
"sir_collapsed","sinusoidal",400,5,0.312129087087367
"stan","sinusoidal",400,5,0.30950983622389
"montoril","constant",800,5,0.553617762087173
"pg_apf","constant",800,5,0.546627575146807
"sir_laplace","constant",800,5,0.547822743712557
"sir_collapsed","constant",800,5,0.547870709203495
"stan","constant",800,5,0.545113975586129
"montoril","linear",800,5,0.34101057481087
"pg_apf","linear",800,5,0.330999872038385
"sir_laplace","linear",800,5,0.336710562606653
"sir_collapsed","linear",800,5,0.340815907485223
"stan","linear",800,5,0.333061571395973
"montoril","quadratic",800,5,0.346181578437037
"pg_apf","quadratic",800,5,0.3550163728179
"sir_laplace","quadratic",800,5,0.357480561126668
"sir_collapsed","quadratic",800,5,0.360714137234898
"stan","quadratic",800,5,0.359284832881302
"montoril","sinusoidal",800,5,0.390833641362473
"pg_apf","sinusoidal",800,5,0.380877687399098
"sir_laplace","sinusoidal",800,5,0.383040799210819
"sir_collapsed","sinusoidal",800,5,0.389337531216225
"stan","sinusoidal",800,5,0.383340919298262
"montoril","constant",1600,5,0.480792889549824
"pg_apf","constant",1600,5,0.474382411556882
"sir_laplace","constant",1600,5,0.480002691698444
"sir_collapsed","constant",1600,5,0.481012057960048
"stan","constant",1600,5,0.475815563196674
"montoril","linear",1600,5,0.361353718598866
"pg_apf","linear",1600,5,0.358193784939906
"sir_laplace","linear",1600,5,0.360786763659657
"sir_collapsed","linear",1600,5,0.364314016972398
"stan","linear",1600,5,0.361583016055092
"montoril","quadratic",1600,5,0.349733366080327
"pg_apf","quadratic",1600,5,0.344608369116759
"sir_laplace","quadratic",1600,5,0.347178457058739
"sir_collapsed","quadratic",1600,5,0.350430351607823
"stan","quadratic",1600,5,0.342029720452443
"montoril","sinusoidal",1600,5,0.365775434598525
"pg_apf","sinusoidal",1600,5,0.363935868193824
"sir_laplace","sinusoidal",1600,5,0.367394958270992
"sir_collapsed","sinusoidal",1600,5,0.372052965187958
"stan","sinusoidal",1600,5,0.363458466262168
"montoril","constant",200,6,0.762475176951456
"pg_apf","constant",200,6,0.772798308969445
"sir_laplace","constant",200,6,0.769946991737847
"sir_collapsed","constant",200,6,0.772759342587169
"stan","constant",200,6,0.769218894885174
"montoril","linear",200,6,0.400978202248126
"pg_apf","linear",200,6,0.389732309832022
"sir_laplace","linear",200,6,0.392443695255771
"sir_collapsed","linear",200,6,0.400344646865246
"stan","linear",200,6,0.394117381915117
"montoril","quadratic",200,6,0.379450128582518
"pg_apf","quadratic",200,6,0.372410558356972
"sir_laplace","quadratic",200,6,0.373846446447163
"sir_collapsed","quadratic",200,6,0.380381772881635
"stan","quadratic",200,6,0.374232991333818
"montoril","sinusoidal",200,6,0.387470887249894
"pg_apf","sinusoidal",200,6,0.397904693106361
"sir_laplace","sinusoidal",200,6,0.394636509997552
"sir_collapsed","sinusoidal",200,6,0.400361770893249
"stan","sinusoidal",200,6,0.393905902494826
"montoril","constant",400,6,0.775290196502139
"pg_apf","constant",400,6,0.768598870093491
"sir_laplace","constant",400,6,0.758997784535033
"sir_collapsed","constant",400,6,0.76005399175588
"stan","constant",400,6,0.768629657025156
"montoril","linear",400,6,0.452729995008338
"pg_apf","linear",400,6,0.451994754522625
"sir_laplace","linear",400,6,0.450016332902325
"sir_collapsed","linear",400,6,0.450390706428188
"stan","linear",400,6,0.45869034473715
"montoril","quadratic",400,6,0.438733916104669
"pg_apf","quadratic",400,6,0.432485273882026
"sir_laplace","quadratic",400,6,0.425520731231692
"sir_collapsed","quadratic",400,6,0.42730738615687
"stan","quadratic",400,6,0.433310461327675
"montoril","sinusoidal",400,6,0.470994060902961
"pg_apf","sinusoidal",400,6,0.461749806732125
"sir_laplace","sinusoidal",400,6,0.463765790484216
"sir_collapsed","sinusoidal",400,6,0.45741055145858
"stan","sinusoidal",400,6,0.467518206496797
"montoril","constant",800,6,0.598822890662969
"pg_apf","constant",800,6,0.595256900185856
"sir_laplace","constant",800,6,0.597500967846095
"sir_collapsed","constant",800,6,0.596197941540705
"stan","constant",800,6,0.598745790177818
"montoril","linear",800,6,0.401300249557808
"pg_apf","linear",800,6,0.399260629347556
"sir_laplace","linear",800,6,0.398701528171956
"sir_collapsed","linear",800,6,0.398285910460349
"stan","linear",800,6,0.397891654624725
"montoril","quadratic",800,6,0.385356890747438
"pg_apf","quadratic",800,6,0.392457065461637
"sir_laplace","quadratic",800,6,0.393679529768495
"sir_collapsed","quadratic",800,6,0.393810750324357
"stan","quadratic",800,6,0.39417485563829
"montoril","sinusoidal",800,6,0.397665763809392
"pg_apf","sinusoidal",800,6,0.393817607244432
"sir_laplace","sinusoidal",800,6,0.395138713332432
"sir_collapsed","sinusoidal",800,6,0.39836770659235
"stan","sinusoidal",800,6,0.393724810979828
"montoril","constant",1600,6,0.449387220481077
"pg_apf","constant",1600,6,0.446278778265442
"sir_laplace","constant",1600,6,0.448952008792572
"sir_collapsed","constant",1600,6,0.45110832057997
"stan","constant",1600,6,0.447205055825364
"montoril","linear",1600,6,0.300531474654471
"pg_apf","linear",1600,6,0.304044964996368
"sir_laplace","linear",1600,6,0.30820053011916
"sir_collapsed","linear",1600,6,0.309780152090124
"stan","linear",1600,6,0.306970297931506
"montoril","quadratic",1600,6,0.295141791417599
"pg_apf","quadratic",1600,6,0.289933620120237
"sir_laplace","quadratic",1600,6,0.293055532613426
"sir_collapsed","quadratic",1600,6,0.295634952480614
"stan","quadratic",1600,6,0.293224506649215
"montoril","sinusoidal",1600,6,0.310810168405441
"pg_apf","sinusoidal",1600,6,0.302612731765372
"sir_laplace","sinusoidal",1600,6,0.306578310709066
"sir_collapsed","sinusoidal",1600,6,0.309463200522114
"stan","sinusoidal",1600,6,0.305791300364543
"montoril","constant",200,7,0.807800592961165
"pg_apf","constant",200,7,0.813764346344473
"sir_laplace","constant",200,7,0.811081565093521
"sir_collapsed","constant",200,7,0.820077819250182
"stan","constant",200,7,0.811438522528065
"montoril","linear",200,7,0.411901476311836
"pg_apf","linear",200,7,0.406252202976297
"sir_laplace","linear",200,7,0.409327971225757
"sir_collapsed","linear",200,7,0.410293459112736
"stan","linear",200,7,0.407830756362276
"montoril","quadratic",200,7,0.421732577639722
"pg_apf","quadratic",200,7,0.407406815706737
"sir_laplace","quadratic",200,7,0.407682676422411
"sir_collapsed","quadratic",200,7,0.406424924613562
"stan","quadratic",200,7,0.407358151169745
"montoril","sinusoidal",200,7,0.465739711541343
"pg_apf","sinusoidal",200,7,0.457714790247404
"sir_laplace","sinusoidal",200,7,0.468199681054338
"sir_collapsed","sinusoidal",200,7,0.473267212226414
"stan","sinusoidal",200,7,0.45604511976434
"montoril","constant",400,7,0.691415701571689
"pg_apf","constant",400,7,0.698471893145791
"sir_laplace","constant",400,7,0.694933718206745
"sir_collapsed","constant",400,7,0.693874251596501
"stan","constant",400,7,0.699948862668866
"montoril","linear",400,7,0.401533732840967
"pg_apf","linear",400,7,0.396846942684028
"sir_laplace","linear",400,7,0.39597244161635
"sir_collapsed","linear",400,7,0.399300033323462
"stan","linear",400,7,0.393714563803606
"montoril","quadratic",400,7,0.397657888114616
"pg_apf","quadratic",400,7,0.394838992670094
"sir_laplace","quadratic",400,7,0.393262904781246
"sir_collapsed","quadratic",400,7,0.397395542833719
"stan","quadratic",400,7,0.394591247165736
"montoril","sinusoidal",400,7,0.437621417417325
"pg_apf","sinusoidal",400,7,0.416831713910528
"sir_laplace","sinusoidal",400,7,0.417993076133648
"sir_collapsed","sinusoidal",400,7,0.423488890734522
"stan","sinusoidal",400,7,0.418127768016949
"montoril","constant",800,7,0.485672985667754
"pg_apf","constant",800,7,0.488189209199348
"sir_laplace","constant",800,7,0.482146319819432
"sir_collapsed","constant",800,7,0.477523599363195
"stan","constant",800,7,0.485892112207479
"montoril","linear",800,7,0.31896458395477
"pg_apf","linear",800,7,0.326818355541219
"sir_laplace","linear",800,7,0.324765484768541
"sir_collapsed","linear",800,7,0.318897721995846
"stan","linear",800,7,0.32991553913611
"montoril","quadratic",800,7,0.347840148892233
"pg_apf","quadratic",800,7,0.331710600300039
"sir_laplace","quadratic",800,7,0.329598362799561
"sir_collapsed","quadratic",800,7,0.323063944867812
"stan","quadratic",800,7,0.334298283874356
"montoril","sinusoidal",800,7,0.347949303173863
"pg_apf","sinusoidal",800,7,0.33842012286547
"sir_laplace","sinusoidal",800,7,0.333457836273244
"sir_collapsed","sinusoidal",800,7,0.330304732449032
"stan","sinusoidal",800,7,0.341938736449388
"montoril","constant",1600,7,0.429454487934926
"pg_apf","constant",1600,7,0.427312324396696
"sir_laplace","constant",1600,7,0.428266187952442
"sir_collapsed","constant",1600,7,0.427377465078947
"stan","constant",1600,7,0.428294198966249
"montoril","linear",1600,7,0.30251329032652
"pg_apf","linear",1600,7,0.295594438082275
"sir_laplace","linear",1600,7,0.299003045914588
"sir_collapsed","linear",1600,7,0.298946210641049
"stan","linear",1600,7,0.299552661312284
"montoril","quadratic",1600,7,0.299325383280232
"pg_apf","quadratic",1600,7,0.296244070801583
"sir_laplace","quadratic",1600,7,0.299004458867459
"sir_collapsed","quadratic",1600,7,0.298930509028131
"stan","quadratic",1600,7,0.297330135182557
"montoril","sinusoidal",1600,7,0.32105687273141
"pg_apf","sinusoidal",1600,7,0.318869831683417
"sir_laplace","sinusoidal",1600,7,0.317672710655581
"sir_collapsed","sinusoidal",1600,7,0.320879917943325
"stan","sinusoidal",1600,7,0.317069390592314
"montoril","constant",200,8,0.805093229594865
"pg_apf","constant",200,8,0.813920480258412
"sir_laplace","constant",200,8,0.812823738616731
"sir_collapsed","constant",200,8,0.814959967986359
"stan","constant",200,8,0.811672956129566
"montoril","linear",200,8,0.391871540298806
"pg_apf","linear",200,8,0.399316483875372
"sir_laplace","linear",200,8,0.404114817839364
"sir_collapsed","linear",200,8,0.422038649628836
"stan","linear",200,8,0.397776334764694
"montoril","quadratic",200,8,0.367661147481777
"pg_apf","quadratic",200,8,0.381860808538922
"sir_laplace","quadratic",200,8,0.393868151702278
"sir_collapsed","quadratic",200,8,0.409121207227124
"stan","quadratic",200,8,0.385410417442396
"montoril","sinusoidal",200,8,0.42710967176708
"pg_apf","sinusoidal",200,8,0.426054892933306
"sir_laplace","sinusoidal",200,8,0.435017366887676
"sir_collapsed","sinusoidal",200,8,0.444026679274177
"stan","sinusoidal",200,8,0.424835627811871
"montoril","constant",400,8,0.669200158681574
"pg_apf","constant",400,8,0.668369819885812
"sir_laplace","constant",400,8,0.668063722536476
"sir_collapsed","constant",400,8,0.665234980698503
"stan","constant",400,8,0.667618735244685
"montoril","linear",400,8,0.390250518155897
"pg_apf","linear",400,8,0.395372851363331
"sir_laplace","linear",400,8,0.394389507974098
"sir_collapsed","linear",400,8,0.400598146237629
"stan","linear",400,8,0.395278823199126
"montoril","quadratic",400,8,0.400069626119416
"pg_apf","quadratic",400,8,0.404753403802495
"sir_laplace","quadratic",400,8,0.40515879261088
"sir_collapsed","quadratic",400,8,0.410064441035342
"stan","quadratic",400,8,0.402605577778495
"montoril","sinusoidal",400,8,0.396245696348744
"pg_apf","sinusoidal",400,8,0.392475959763798
"sir_laplace","sinusoidal",400,8,0.394926176160125
"sir_collapsed","sinusoidal",400,8,0.400379342935579
"stan","sinusoidal",400,8,0.396008889828028
"montoril","constant",800,8,0.556554049128743
"pg_apf","constant",800,8,0.558933132642191
"sir_laplace","constant",800,8,0.555378787684446
"sir_collapsed","constant",800,8,0.556114684535926
"stan","constant",800,8,0.558251829780216
"montoril","linear",800,8,0.377132739583659
"pg_apf","linear",800,8,0.365495418692153
"sir_laplace","linear",800,8,0.372672310141123
"sir_collapsed","linear",800,8,0.369336835996598
"stan","linear",800,8,0.376027728950927
"montoril","quadratic",800,8,0.379347435987142
"pg_apf","quadratic",800,8,0.368334100539194
"sir_laplace","quadratic",800,8,0.373513311703651
"sir_collapsed","quadratic",800,8,0.37508842609039
"stan","quadratic",800,8,0.376188291306397
"montoril","sinusoidal",800,8,0.386407271661011
"pg_apf","sinusoidal",800,8,0.39102505354914
"sir_laplace","sinusoidal",800,8,0.392251838531032
"sir_collapsed","sinusoidal",800,8,0.395618541773071
"stan","sinusoidal",800,8,0.389150316692689
"montoril","constant",1600,8,0.487103528536044
"pg_apf","constant",1600,8,0.482509990285966
"sir_laplace","constant",1600,8,0.483200188971155
"sir_collapsed","constant",1600,8,0.482450460689778
"stan","constant",1600,8,0.484437195919842
"montoril","linear",1600,8,0.30218702520269
"pg_apf","linear",1600,8,0.302920175831531
"sir_laplace","linear",1600,8,0.30391420237975
"sir_collapsed","linear",1600,8,0.306832989641144
"stan","linear",1600,8,0.306415597310676
"montoril","quadratic",1600,8,0.287185279679895
"pg_apf","quadratic",1600,8,0.288824142673718
"sir_laplace","quadratic",1600,8,0.288305175126775
"sir_collapsed","quadratic",1600,8,0.288277561090197
"stan","quadratic",1600,8,0.290387993353187
"montoril","sinusoidal",1600,8,0.313731423378533
"pg_apf","sinusoidal",1600,8,0.31851199299948
"sir_laplace","sinusoidal",1600,8,0.320066741834084
"sir_collapsed","sinusoidal",1600,8,0.321194554571483
"stan","sinusoidal",1600,8,0.320110216056998
"montoril","constant",200,9,0.745238879763639
"pg_apf","constant",200,9,0.743485346143496
"sir_laplace","constant",200,9,0.748943784572501
"sir_collapsed","constant",200,9,0.753242006005022
"stan","constant",200,9,0.744253469549523
"montoril","linear",200,9,0.450470070482463
"pg_apf","linear",200,9,0.446887046824162
"sir_laplace","linear",200,9,0.452325238463408
"sir_collapsed","linear",200,9,0.458795163429111
"stan","linear",200,9,0.445257585591203
"montoril","quadratic",200,9,0.45653012644192
"pg_apf","quadratic",200,9,0.443989737251782
"sir_laplace","quadratic",200,9,0.445840978790525
"sir_collapsed","quadratic",200,9,0.454643578380946
"stan","quadratic",200,9,0.445083739289389
"montoril","sinusoidal",200,9,0.336378888042883
"pg_apf","sinusoidal",200,9,0.328635369903718
"sir_laplace","sinusoidal",200,9,0.333278970189077
"sir_collapsed","sinusoidal",200,9,0.344727367281935
"stan","sinusoidal",200,9,0.328041902250227
"montoril","constant",400,9,0.690065501310543
"pg_apf","constant",400,9,0.699027300133994
"sir_laplace","constant",400,9,0.694061784717086
"sir_collapsed","constant",400,9,0.690409455132471
"stan","constant",400,9,0.696786460030552
"montoril","linear",400,9,0.423764205034528
"pg_apf","linear",400,9,0.417851820960796
"sir_laplace","linear",400,9,0.415677341152494
"sir_collapsed","linear",400,9,0.415672700328212
"stan","linear",400,9,0.418428540269513
"montoril","quadratic",400,9,0.395006996860414
"pg_apf","quadratic",400,9,0.399365662817728
"sir_laplace","quadratic",400,9,0.396620660386858
"sir_collapsed","quadratic",400,9,0.393866907113349
"stan","quadratic",400,9,0.397674494235231
"montoril","sinusoidal",400,9,0.420636691100417
"pg_apf","sinusoidal",400,9,0.416071617731645
"sir_laplace","sinusoidal",400,9,0.415571534991086
"sir_collapsed","sinusoidal",400,9,0.41674872226898
"stan","sinusoidal",400,9,0.417943664497349
"montoril","constant",800,9,0.515918184417287
"pg_apf","constant",800,9,0.515483886459383
"sir_laplace","constant",800,9,0.513728949745175
"sir_collapsed","constant",800,9,0.511942674437468
"stan","constant",800,9,0.515679556520142
"montoril","linear",800,9,0.321825967776778
"pg_apf","linear",800,9,0.320117242569372
"sir_laplace","linear",800,9,0.319773299407694
"sir_collapsed","linear",800,9,0.325750062215909
"stan","linear",800,9,0.319105924867664
"montoril","quadratic",800,9,0.327726466510862
"pg_apf","quadratic",800,9,0.323015271363029
"sir_laplace","quadratic",800,9,0.323830786440975
"sir_collapsed","quadratic",800,9,0.327867280077521
"stan","quadratic",800,9,0.326172941921686
"montoril","sinusoidal",800,9,0.389613228762662
"pg_apf","sinusoidal",800,9,0.378207779830076
"sir_laplace","sinusoidal",800,9,0.379842984130857
"sir_collapsed","sinusoidal",800,9,0.383544109818197
"stan","sinusoidal",800,9,0.382664715697232
"montoril","constant",1600,9,0.394241434657812
"pg_apf","constant",1600,9,0.397664806343053
"sir_laplace","constant",1600,9,0.39357160353278
"sir_collapsed","constant",1600,9,0.390647709091142
"stan","constant",1600,9,0.39440356608844
"montoril","linear",1600,9,0.224697386101643
"pg_apf","linear",1600,9,0.234805326598915
"sir_laplace","linear",1600,9,0.237288906788734
"sir_collapsed","linear",1600,9,0.238338570103035
"stan","linear",1600,9,0.235138677214225
"montoril","quadratic",1600,9,0.238830041373606
"pg_apf","quadratic",1600,9,0.237401315409644
"sir_laplace","quadratic",1600,9,0.240118497103884
"sir_collapsed","quadratic",1600,9,0.240247058952736
"stan","quadratic",1600,9,0.236853465371077
"montoril","sinusoidal",1600,9,0.259160092412104
"pg_apf","sinusoidal",1600,9,0.258333878227244
"sir_laplace","sinusoidal",1600,9,0.260975592415151
"sir_collapsed","sinusoidal",1600,9,0.259076580751189
"stan","sinusoidal",1600,9,0.257049970162724
"montoril","constant",200,10,0.80113203384879
"pg_apf","constant",200,10,0.792310983512062
"sir_laplace","constant",200,10,0.791534249500081
"sir_collapsed","constant",200,10,0.789866107323995
"stan","constant",200,10,0.7943466722524
"montoril","linear",200,10,0.452161954328637
"pg_apf","linear",200,10,0.446352876150905
"sir_laplace","linear",200,10,0.449877882193119
"sir_collapsed","linear",200,10,0.448423913617016
"stan","linear",200,10,0.445352768402365
"montoril","quadratic",200,10,0.405852364009626
"pg_apf","quadratic",200,10,0.404828913982905
"sir_laplace","quadratic",200,10,0.400789470243036
"sir_collapsed","quadratic",200,10,0.402683903980959
"stan","quadratic",200,10,0.401911021371758
"montoril","sinusoidal",200,10,0.392907362336211
"pg_apf","sinusoidal",200,10,0.36999573892213
"sir_laplace","sinusoidal",200,10,0.373517045027704
"sir_collapsed","sinusoidal",200,10,0.377712370037285
"stan","sinusoidal",200,10,0.377665208617954
"montoril","constant",400,10,0.619326235109965
"pg_apf","constant",400,10,0.616063194852257
"sir_laplace","constant",400,10,0.618806632790587
"sir_collapsed","constant",400,10,0.618588725792397
"stan","constant",400,10,0.61852077945181
"montoril","linear",400,10,0.292698077318428
"pg_apf","linear",400,10,0.30062467499985
"sir_laplace","linear",400,10,0.300987747458702
"sir_collapsed","linear",400,10,0.308121170607691
"stan","linear",400,10,0.303785084537435
"montoril","quadratic",400,10,0.302119992935641
"pg_apf","quadratic",400,10,0.309325015095643
"sir_laplace","quadratic",400,10,0.309415376315503
"sir_collapsed","quadratic",400,10,0.313831592333918
"stan","quadratic",400,10,0.310740542956309
"montoril","sinusoidal",400,10,0.339678643309216
"pg_apf","sinusoidal",400,10,0.332134544184228
"sir_laplace","sinusoidal",400,10,0.334919367207374
"sir_collapsed","sinusoidal",400,10,0.343006725206953
"stan","sinusoidal",400,10,0.338270937564511
"montoril","constant",800,10,0.532978235577413
"pg_apf","constant",800,10,0.533218240215323
"sir_laplace","constant",800,10,0.537629017900436
"sir_collapsed","constant",800,10,0.542033856128543
"stan","constant",800,10,0.532174316380957
"montoril","linear",800,10,0.348999644170468
"pg_apf","linear",800,10,0.339664412084382
"sir_laplace","linear",800,10,0.344663664178216
"sir_collapsed","linear",800,10,0.35484057804848
"stan","linear",800,10,0.341923991590651
"montoril","quadratic",800,10,0.341709651562081
"pg_apf","quadratic",800,10,0.330990481225051
"sir_laplace","quadratic",800,10,0.332202741392016
"sir_collapsed","quadratic",800,10,0.347462039058182
"stan","quadratic",800,10,0.332377992786702
"montoril","sinusoidal",800,10,0.346744022303329
"pg_apf","sinusoidal",800,10,0.348612519463533
"sir_laplace","sinusoidal",800,10,0.356073694935571
"sir_collapsed","sinusoidal",800,10,0.36628193268991
"stan","sinusoidal",800,10,0.350946554858451
"montoril","constant",1600,10,0.484384910388626
"pg_apf","constant",1600,10,0.493943864762839
"sir_laplace","constant",1600,10,0.492328607109775
"sir_collapsed","constant",1600,10,0.49229423680951
"stan","constant",1600,10,0.492790187116921
"montoril","linear",1600,10,0.352109709959228
"pg_apf","linear",1600,10,0.348047869671683
"sir_laplace","linear",1600,10,0.352926185849328
"sir_collapsed","linear",1600,10,0.354417207291202
"stan","linear",1600,10,0.351882811533206
"montoril","quadratic",1600,10,0.372933870959826
"pg_apf","quadratic",1600,10,0.358367728678834
"sir_laplace","quadratic",1600,10,0.359387756170929
"sir_collapsed","quadratic",1600,10,0.362823634630292
"stan","quadratic",1600,10,0.359773083156827
"montoril","sinusoidal",1600,10,0.380812932816591
"pg_apf","sinusoidal",1600,10,0.37807750100099
"sir_laplace","sinusoidal",1600,10,0.382266385959356
"sir_collapsed","sinusoidal",1600,10,0.38347719318744
"stan","sinusoidal",1600,10,0.378435490715032
"montoril","constant",200,11,0.767570260992924
"pg_apf","constant",200,11,0.770804808246469
"sir_laplace","constant",200,11,0.760515741682349
"sir_collapsed","constant",200,11,0.75602442613827
"stan","constant",200,11,0.771809848987858
"montoril","linear",200,11,0.493342054328411
"pg_apf","linear",200,11,0.507359608600868
"sir_laplace","linear",200,11,0.503124654495928
"sir_collapsed","linear",200,11,0.499927439458588
"stan","linear",200,11,0.50805335264163
"montoril","quadratic",200,11,0.552308614252485
"pg_apf","quadratic",200,11,0.529855436399533
"sir_laplace","quadratic",200,11,0.527763160658315
"sir_collapsed","quadratic",200,11,0.520992777503321
"stan","quadratic",200,11,0.533408927948357
"montoril","sinusoidal",200,11,0.428891623853768
"pg_apf","sinusoidal",200,11,0.427986464432722
"sir_laplace","sinusoidal",200,11,0.420461727570073
"sir_collapsed","sinusoidal",200,11,0.41571400112243
"stan","sinusoidal",200,11,0.425824378258648
"montoril","constant",400,11,0.724041246456533
"pg_apf","constant",400,11,0.724291094003098
"sir_laplace","constant",400,11,0.724670848096552
"sir_collapsed","constant",400,11,0.725497711989743
"stan","constant",400,11,0.723269972457735
"montoril","linear",400,11,0.444383316346059
"pg_apf","linear",400,11,0.439678194262634
"sir_laplace","linear",400,11,0.447170067442257
"sir_collapsed","linear",400,11,0.452665402502734
"stan","linear",400,11,0.445682957187233
"montoril","quadratic",400,11,0.417254552687539
"pg_apf","quadratic",400,11,0.412596949711161
"sir_laplace","quadratic",400,11,0.41201716392017
"sir_collapsed","quadratic",400,11,0.42243829712252
"stan","quadratic",400,11,0.413714687891569
"montoril","sinusoidal",400,11,0.451866797539144
"pg_apf","sinusoidal",400,11,0.455947839678052
"sir_laplace","sinusoidal",400,11,0.460307107648016
"sir_collapsed","sinusoidal",400,11,0.465766845732709
"stan","sinusoidal",400,11,0.454146645298617
"montoril","constant",800,11,0.527146066787279
"pg_apf","constant",800,11,0.528792865923074
"sir_laplace","constant",800,11,0.531524072117637
"sir_collapsed","constant",800,11,0.534152612766998
"stan","constant",800,11,0.531417012178353
"montoril","linear",800,11,0.320433705278576
"pg_apf","linear",800,11,0.315898918746945
"sir_laplace","linear",800,11,0.319741052571264
"sir_collapsed","linear",800,11,0.326438063890881
"stan","linear",800,11,0.320268442654101
"montoril","quadratic",800,11,0.303717882697701
"pg_apf","quadratic",800,11,0.294141138876994
"sir_laplace","quadratic",800,11,0.305898111884932
"sir_collapsed","quadratic",800,11,0.310150664872049
"stan","quadratic",800,11,0.295954989309051
"montoril","sinusoidal",800,11,0.33721185027694
"pg_apf","sinusoidal",800,11,0.320966634621291
"sir_laplace","sinusoidal",800,11,0.322583999092382
"sir_collapsed","sinusoidal",800,11,0.332937338752452
"stan","sinusoidal",800,11,0.32531099823173
"montoril","constant",1600,11,0.445156393384368
"pg_apf","constant",1600,11,0.44281867035406
"sir_laplace","constant",1600,11,0.441352158296513
"sir_collapsed","constant",1600,11,0.44332334585191
"stan","constant",1600,11,0.439920597740167
"montoril","linear",1600,11,0.3000206239435
"pg_apf","linear",1600,11,0.291717612212955
"sir_laplace","linear",1600,11,0.293607120471223
"sir_collapsed","linear",1600,11,0.295423246524116
"stan","linear",1600,11,0.292488858809779
"montoril","quadratic",1600,11,0.281039250433364
"pg_apf","quadratic",1600,11,0.272503607951658
"sir_laplace","quadratic",1600,11,0.275728526006122
"sir_collapsed","quadratic",1600,11,0.277533087284067
"stan","quadratic",1600,11,0.27645082596662
"montoril","sinusoidal",1600,11,0.290546685661045
"pg_apf","sinusoidal",1600,11,0.283528717838221
"sir_laplace","sinusoidal",1600,11,0.286296531922558
"sir_collapsed","sinusoidal",1600,11,0.288624533545454
"stan","sinusoidal",1600,11,0.28667446709777
"montoril","constant",200,12,0.899654691656708
"pg_apf","constant",200,12,0.893716334360416
"sir_laplace","constant",200,12,0.887386310845277
"sir_collapsed","constant",200,12,0.885007658446363
"stan","constant",200,12,0.89183955716671
"montoril","linear",200,12,0.394287378934144
"pg_apf","linear",200,12,0.393634773001093
"sir_laplace","linear",200,12,0.392420109291969
"sir_collapsed","linear",200,12,0.391025516332022
"stan","linear",200,12,0.400554082548929
"montoril","quadratic",200,12,0.376081148951872
"pg_apf","quadratic",200,12,0.368873066436862
"sir_laplace","quadratic",200,12,0.36725806801475
"sir_collapsed","quadratic",200,12,0.367426155178477
"stan","quadratic",200,12,0.369303298656283
"montoril","sinusoidal",200,12,0.375924940048451
"pg_apf","sinusoidal",200,12,0.365647214508791
"sir_laplace","sinusoidal",200,12,0.37437921960035
"sir_collapsed","sinusoidal",200,12,0.376465110711046
"stan","sinusoidal",200,12,0.371340369291585
"montoril","constant",400,12,0.668118989443793
"pg_apf","constant",400,12,0.665694947652203
"sir_laplace","constant",400,12,0.664571555941292
"sir_collapsed","constant",400,12,0.668091388526556
"stan","constant",400,12,0.661988106189147
"montoril","linear",400,12,0.437227914728673
"pg_apf","linear",400,12,0.433989146156522
"sir_laplace","linear",400,12,0.442089968208924
"sir_collapsed","linear",400,12,0.45091992639537
"stan","linear",400,12,0.436478844345637
"montoril","quadratic",400,12,0.386435755504678
"pg_apf","quadratic",400,12,0.404273051221868
"sir_laplace","quadratic",400,12,0.412480184403774
"sir_collapsed","quadratic",400,12,0.414437984829459
"stan","quadratic",400,12,0.406548095871002
"montoril","sinusoidal",400,12,0.352306607176439
"pg_apf","sinusoidal",400,12,0.351988787620599
"sir_laplace","sinusoidal",400,12,0.357845035453313
"sir_collapsed","sinusoidal",400,12,0.363119379429118
"stan","sinusoidal",400,12,0.354241335071619
"montoril","constant",800,12,0.514039240205911
"pg_apf","constant",800,12,0.518790607514119
"sir_laplace","constant",800,12,0.513773817163077
"sir_collapsed","constant",800,12,0.511746739268018
"stan","constant",800,12,0.515398804338578
"montoril","linear",800,12,0.260657096621544
"pg_apf","linear",800,12,0.256979788615934
"sir_laplace","linear",800,12,0.261462474486714
"sir_collapsed","linear",800,12,0.262192023631826
"stan","linear",800,12,0.260219638496563
"montoril","quadratic",800,12,0.248227942405846
"pg_apf","quadratic",800,12,0.251081921175128
"sir_laplace","quadratic",800,12,0.250327009583834
"sir_collapsed","quadratic",800,12,0.254280625449302
"stan","quadratic",800,12,0.252596159831074
"montoril","sinusoidal",800,12,0.30314962566875
"pg_apf","sinusoidal",800,12,0.294711263531131
"sir_laplace","sinusoidal",800,12,0.295589238364202
"sir_collapsed","sinusoidal",800,12,0.297810143525665
"stan","sinusoidal",800,12,0.297744689463578
"montoril","constant",1600,12,0.488939143581408
"pg_apf","constant",1600,12,0.486887209927804
"sir_laplace","constant",1600,12,0.48597193994928
"sir_collapsed","constant",1600,12,0.485584001271778
"stan","constant",1600,12,0.48620891308772
"montoril","linear",1600,12,0.324309126248285
"pg_apf","linear",1600,12,0.310059672701637
"sir_laplace","linear",1600,12,0.312751527658577
"sir_collapsed","linear",1600,12,0.314208113221254
"stan","linear",1600,12,0.311670158791238
"montoril","quadratic",1600,12,0.329992151779415
"pg_apf","quadratic",1600,12,0.325443129773592
"sir_laplace","quadratic",1600,12,0.324539393234516
"sir_collapsed","quadratic",1600,12,0.329598735854248
"stan","quadratic",1600,12,0.326469142247271
"montoril","sinusoidal",1600,12,0.369860161824753
"pg_apf","sinusoidal",1600,12,0.364118561535901
"sir_laplace","sinusoidal",1600,12,0.367710173689961
"sir_collapsed","sinusoidal",1600,12,0.37002306259376
"stan","sinusoidal",1600,12,0.365513847223815
"montoril","constant",200,13,0.771622434193079
"pg_apf","constant",200,13,0.775631237487986
"sir_laplace","constant",200,13,0.765474938554882
"sir_collapsed","constant",200,13,0.762092853086993
"stan","constant",200,13,0.772683836646858
"montoril","linear",200,13,0.348231158227484
"pg_apf","linear",200,13,0.363451640768946
"sir_laplace","linear",200,13,0.361769126678032
"sir_collapsed","linear",200,13,0.353760867820426
"stan","linear",200,13,0.359742519315754
"montoril","quadratic",200,13,0.38154462971704
"pg_apf","quadratic",200,13,0.388334059582539
"sir_laplace","quadratic",200,13,0.383685718078964
"sir_collapsed","quadratic",200,13,0.382068778750451
"stan","quadratic",200,13,0.387915281753664
"montoril","sinusoidal",200,13,0.345960605345493
"pg_apf","sinusoidal",200,13,0.328986315202681
"sir_laplace","sinusoidal",200,13,0.328206873187904
"sir_collapsed","sinusoidal",200,13,0.331485863466088
"stan","sinusoidal",200,13,0.332377101609914
"montoril","constant",400,13,0.724336225958873
"pg_apf","constant",400,13,0.727429858057116
"sir_laplace","constant",400,13,0.724926281797219
"sir_collapsed","constant",400,13,0.721980375976745
"stan","constant",400,13,0.726337221356976
"montoril","linear",400,13,0.457892806384262
"pg_apf","linear",400,13,0.457942655326588
"sir_laplace","linear",400,13,0.458735337755785
"sir_collapsed","linear",400,13,0.463325545555405
"stan","linear",400,13,0.458898034121716
"montoril","quadratic",400,13,0.421496061230312
"pg_apf","quadratic",400,13,0.417583171780601
"sir_laplace","quadratic",400,13,0.415432024329848
"sir_collapsed","quadratic",400,13,0.420454442580605
"stan","quadratic",400,13,0.413857688203709
"montoril","sinusoidal",400,13,0.425826565683963
"pg_apf","sinusoidal",400,13,0.420114510829592
"sir_laplace","sinusoidal",400,13,0.421968778292476
"sir_collapsed","sinusoidal",400,13,0.43031130636393
"stan","sinusoidal",400,13,0.42177670791788
"montoril","constant",800,13,0.494244516420444
"pg_apf","constant",800,13,0.486400157491302
"sir_laplace","constant",800,13,0.488407020145348
"sir_collapsed","constant",800,13,0.488316181457036
"stan","constant",800,13,0.486484242794977
"montoril","linear",800,13,0.356516198135917
"pg_apf","linear",800,13,0.351179196271106
"sir_laplace","linear",800,13,0.354178111045219
"sir_collapsed","linear",800,13,0.356720114324812
"stan","linear",800,13,0.356569757946468
"montoril","quadratic",800,13,0.321385106875018
"pg_apf","quadratic",800,13,0.324411861961569
"sir_laplace","quadratic",800,13,0.32691649448241
"sir_collapsed","quadratic",800,13,0.331968091285399
"stan","quadratic",800,13,0.327822083707373
"montoril","sinusoidal",800,13,0.348130785371418
"pg_apf","sinusoidal",800,13,0.338463964559955
"sir_laplace","sinusoidal",800,13,0.342135184283369
"sir_collapsed","sinusoidal",800,13,0.344272559073603
"stan","sinusoidal",800,13,0.33952151983069
"montoril","constant",1600,13,0.497039025101604
"pg_apf","constant",1600,13,0.501274239188701
"sir_laplace","constant",1600,13,0.49676891505448
"sir_collapsed","constant",1600,13,0.493879020904418
"stan","constant",1600,13,0.499402352040052
"montoril","linear",1600,13,0.324486885836331
"pg_apf","linear",1600,13,0.32906895997821
"sir_laplace","linear",1600,13,0.327976946849378
"sir_collapsed","linear",1600,13,0.327798262456475
"stan","linear",1600,13,0.330028477465719
"montoril","quadratic",1600,13,0.308761448421071
"pg_apf","quadratic",1600,13,0.307797558375301
"sir_laplace","quadratic",1600,13,0.306578028107134
"sir_collapsed","quadratic",1600,13,0.307452315557532
"stan","quadratic",1600,13,0.308891000369673
"montoril","sinusoidal",1600,13,0.344931129349179
"pg_apf","sinusoidal",1600,13,0.337194493633418
"sir_laplace","sinusoidal",1600,13,0.336726828811613
"sir_collapsed","sinusoidal",1600,13,0.33577803856072
"stan","sinusoidal",1600,13,0.336146194938903
"montoril","constant",200,14,0.920738664665213
"pg_apf","constant",200,14,0.917636215480813
"sir_laplace","constant",200,14,0.919052089757482
"sir_collapsed","constant",200,14,0.916899153056625
"stan","constant",200,14,0.916224887782777
"montoril","linear",200,14,0.562291774632415
"pg_apf","linear",200,14,0.561309922042473
"sir_laplace","linear",200,14,0.566616386312395
"sir_collapsed","linear",200,14,0.573056367470211
"stan","linear",200,14,0.570908569146421
"montoril","quadratic",200,14,0.576329845865107
"pg_apf","quadratic",200,14,0.559214446051551
"sir_laplace","quadratic",200,14,0.571882536449185
"sir_collapsed","quadratic",200,14,0.566444798508316
"stan","quadratic",200,14,0.557180234902059
"montoril","sinusoidal",200,14,0.524515966975763
"pg_apf","sinusoidal",200,14,0.527203203052263
"sir_laplace","sinusoidal",200,14,0.519234486353881
"sir_collapsed","sinusoidal",200,14,0.527671051642877
"stan","sinusoidal",200,14,0.527812852991477
"montoril","constant",400,14,0.671842374650825
"pg_apf","constant",400,14,0.673426335717226
"sir_laplace","constant",400,14,0.671361485658705
"sir_collapsed","constant",400,14,0.673028220099164
"stan","constant",400,14,0.672639352592787
"montoril","linear",400,14,0.438659408499897
"pg_apf","linear",400,14,0.450403998966448
"sir_laplace","linear",400,14,0.45542561380046
"sir_collapsed","linear",400,14,0.461639963889946
"stan","linear",400,14,0.446040698763439
"montoril","quadratic",400,14,0.467959049856435
"pg_apf","quadratic",400,14,0.466320334046795
"sir_laplace","quadratic",400,14,0.475388092617771
"sir_collapsed","quadratic",400,14,0.483047346141979
"stan","quadratic",400,14,0.467529658828112
"montoril","sinusoidal",400,14,0.474234904203216
"pg_apf","sinusoidal",400,14,0.490763137336185
"sir_laplace","sinusoidal",400,14,0.491769879898237
"sir_collapsed","sinusoidal",400,14,0.504841029895257
"stan","sinusoidal",400,14,0.492390195615607
"montoril","constant",800,14,0.574281767904529
"pg_apf","constant",800,14,0.573979840415701
"sir_laplace","constant",800,14,0.574018686900251
"sir_collapsed","constant",800,14,0.575384733705714
"stan","constant",800,14,0.576793719685639
"montoril","linear",800,14,0.416967776339134
"pg_apf","linear",800,14,0.409265009138098
"sir_laplace","linear",800,14,0.414301532458849
"sir_collapsed","linear",800,14,0.418102372771548
"stan","linear",800,14,0.414491478056764
"montoril","quadratic",800,14,0.436055065585722
"pg_apf","quadratic",800,14,0.42675876820958
"sir_laplace","quadratic",800,14,0.428815116652981
"sir_collapsed","quadratic",800,14,0.432103754850057
"stan","quadratic",800,14,0.428359409983677
"montoril","sinusoidal",800,14,0.415655677200933
"pg_apf","sinusoidal",800,14,0.420947327760341
"sir_laplace","sinusoidal",800,14,0.419269833117101
"sir_collapsed","sinusoidal",800,14,0.426670373828794
"stan","sinusoidal",800,14,0.421913672506057
"montoril","constant",1600,14,0.457651268850208
"pg_apf","constant",1600,14,0.455135755853549
"sir_laplace","constant",1600,14,0.452505495734799
"sir_collapsed","constant",1600,14,0.45041956746334
"stan","constant",1600,14,0.454781086274571
"montoril","linear",1600,14,0.277198129870051
"pg_apf","linear",1600,14,0.272576356486137
"sir_laplace","linear",1600,14,0.274591921235168
"sir_collapsed","linear",1600,14,0.273783305190282
"stan","linear",1600,14,0.27136813818419
"montoril","quadratic",1600,14,0.249011672609251
"pg_apf","quadratic",1600,14,0.248770726256942
"sir_laplace","quadratic",1600,14,0.248961967223831
"sir_collapsed","quadratic",1600,14,0.25222484276576
"stan","quadratic",1600,14,0.250638179130397
"montoril","sinusoidal",1600,14,0.30036190545952
"pg_apf","sinusoidal",1600,14,0.286079920961017
"sir_laplace","sinusoidal",1600,14,0.287651085912324
"sir_collapsed","sinusoidal",1600,14,0.285199351914093
"stan","sinusoidal",1600,14,0.28685245533046
"montoril","constant",200,15,0.835004203823345
"pg_apf","constant",200,15,0.843056133436455
"sir_laplace","constant",200,15,0.83873482749078
"sir_collapsed","constant",200,15,0.840455191976492
"stan","constant",200,15,0.841765267227741
"montoril","linear",200,15,0.322238974370542
"pg_apf","linear",200,15,0.336121814699764
"sir_laplace","linear",200,15,0.336876302672988
"sir_collapsed","linear",200,15,0.334850634737371
"stan","linear",200,15,0.335506871356809
"montoril","quadratic",200,15,0.346465509487301
"pg_apf","quadratic",200,15,0.34522943013994
"sir_laplace","quadratic",200,15,0.348802979139023
"sir_collapsed","quadratic",200,15,0.347584512226674
"stan","quadratic",200,15,0.348242235340302
"montoril","sinusoidal",200,15,0.329889429240894
"pg_apf","sinusoidal",200,15,0.317242095291465
"sir_laplace","sinusoidal",200,15,0.329799263498104
"sir_collapsed","sinusoidal",200,15,0.33898760553175
"stan","sinusoidal",200,15,0.323378197004349
"montoril","constant",400,15,0.638917642468761
"pg_apf","constant",400,15,0.639129908857633
"sir_laplace","constant",400,15,0.642480726836347
"sir_collapsed","constant",400,15,0.646261009552907
"stan","constant",400,15,0.639265079725291
"montoril","linear",400,15,0.43627008500142
"pg_apf","linear",400,15,0.437551520289574
"sir_laplace","linear",400,15,0.441448347858165
"sir_collapsed","linear",400,15,0.452598804438039
"stan","linear",400,15,0.44823525167439
"montoril","quadratic",400,15,0.474584377641577
"pg_apf","quadratic",400,15,0.462742581782873
"sir_laplace","quadratic",400,15,0.475008258151502
"sir_collapsed","quadratic",400,15,0.477809364639072
"stan","quadratic",400,15,0.468131327617921
"montoril","sinusoidal",400,15,0.438486024672402
"pg_apf","sinusoidal",400,15,0.43225909926694
"sir_laplace","sinusoidal",400,15,0.440957950577895
"sir_collapsed","sinusoidal",400,15,0.439051412468372
"stan","sinusoidal",400,15,0.438054058169216
"montoril","constant",800,15,0.538530504863566
"pg_apf","constant",800,15,0.531721933954156
"sir_laplace","constant",800,15,0.531026539900733
"sir_collapsed","constant",800,15,0.530506410417265
"stan","constant",800,15,0.536341487978936
"montoril","linear",800,15,0.307912335705742
"pg_apf","linear",800,15,0.300240732547659
"sir_laplace","linear",800,15,0.302761987860821
"sir_collapsed","linear",800,15,0.306030565606635
"stan","linear",800,15,0.304829876731838
"montoril","quadratic",800,15,0.296146779428192
"pg_apf","quadratic",800,15,0.300907929840754
"sir_laplace","quadratic",800,15,0.304765307685693
"sir_collapsed","quadratic",800,15,0.308010357857898
"stan","quadratic",800,15,0.306016867043586
"montoril","sinusoidal",800,15,0.306407146029252
"pg_apf","sinusoidal",800,15,0.310181340943997
"sir_laplace","sinusoidal",800,15,0.308420269063006
"sir_collapsed","sinusoidal",800,15,0.313075125960122
"stan","sinusoidal",800,15,0.314167692899253
"montoril","constant",1600,15,0.475876660729962
"pg_apf","constant",1600,15,0.467752526144622
"sir_laplace","constant",1600,15,0.465569656250784
"sir_collapsed","constant",1600,15,0.465034852633292
"stan","constant",1600,15,0.467271881983516
"montoril","linear",1600,15,0.293257935563845
"pg_apf","linear",1600,15,0.295241491810501
"sir_laplace","linear",1600,15,0.296517905243259
"sir_collapsed","linear",1600,15,0.295543674859654
"stan","linear",1600,15,0.297968693972049
"montoril","quadratic",1600,15,0.315645822919517
"pg_apf","quadratic",1600,15,0.312994195887816
"sir_laplace","quadratic",1600,15,0.311827697313944
"sir_collapsed","quadratic",1600,15,0.311751170840711
"stan","quadratic",1600,15,0.316487933362639
"montoril","sinusoidal",1600,15,0.325875249772514
"pg_apf","sinusoidal",1600,15,0.322426256600891
"sir_laplace","sinusoidal",1600,15,0.322869170182284
"sir_collapsed","sinusoidal",1600,15,0.322614116888884
"stan","sinusoidal",1600,15,0.32727298164313
"montoril","constant",200,16,0.678992280034431
"pg_apf","constant",200,16,0.681361191360968
"sir_laplace","constant",200,16,0.677877773404846
"sir_collapsed","constant",200,16,0.679242756450908
"stan","constant",200,16,0.680526283340811
"montoril","linear",200,16,0.375420237646445
"pg_apf","linear",200,16,0.371880755178084
"sir_laplace","linear",200,16,0.381866145404478
"sir_collapsed","linear",200,16,0.377209415589151
"stan","linear",200,16,0.374260393652869
"montoril","quadratic",200,16,0.419193232955236
"pg_apf","quadratic",200,16,0.396612856995824
"sir_laplace","quadratic",200,16,0.399478661142988
"sir_collapsed","quadratic",200,16,0.40696654793251
"stan","quadratic",200,16,0.397752136765021
"montoril","sinusoidal",200,16,0.34876036712836
"pg_apf","sinusoidal",200,16,0.3489462476421
"sir_laplace","sinusoidal",200,16,0.345395306431203
"sir_collapsed","sinusoidal",200,16,0.354897987252198
"stan","sinusoidal",200,16,0.352640906518948
"montoril","constant",400,16,0.640035450569927
"pg_apf","constant",400,16,0.643022837214597
"sir_laplace","constant",400,16,0.647910782613597
"sir_collapsed","constant",400,16,0.651030038060308
"stan","constant",400,16,0.644971723621777
"montoril","linear",400,16,0.34270370143888
"pg_apf","linear",400,16,0.342684742538035
"sir_laplace","linear",400,16,0.349516261649873
"sir_collapsed","linear",400,16,0.356072489951379
"stan","linear",400,16,0.344641428449604
"montoril","quadratic",400,16,0.364571467737569
"pg_apf","quadratic",400,16,0.365798852226226
"sir_laplace","quadratic",400,16,0.373851680526514
"sir_collapsed","quadratic",400,16,0.377584782444321
"stan","quadratic",400,16,0.370827942630796
"montoril","sinusoidal",400,16,0.428674286000715
"pg_apf","sinusoidal",400,16,0.415795272333985
"sir_laplace","sinusoidal",400,16,0.423948046853809
"sir_collapsed","sinusoidal",400,16,0.431291668768477
"stan","sinusoidal",400,16,0.419055458732858
"montoril","constant",800,16,0.500792321830596
"pg_apf","constant",800,16,0.492475156499441
"sir_laplace","constant",800,16,0.494619716358447
"sir_collapsed","constant",800,16,0.497965764976433
"stan","constant",800,16,0.492625915060487
"montoril","linear",800,16,0.282764128939201
"pg_apf","linear",800,16,0.274349609006211
"sir_laplace","linear",800,16,0.279498592193533
"sir_collapsed","linear",800,16,0.283765310319355
"stan","linear",800,16,0.280884734991797
"montoril","quadratic",800,16,0.28094605524918
"pg_apf","quadratic",800,16,0.277359844936275
"sir_laplace","quadratic",800,16,0.281524109936481
"sir_collapsed","quadratic",800,16,0.286307534977259
"stan","quadratic",800,16,0.279629626181364
"montoril","sinusoidal",800,16,0.317550863723324
"pg_apf","sinusoidal",800,16,0.303838573304467
"sir_laplace","sinusoidal",800,16,0.308340928854989
"sir_collapsed","sinusoidal",800,16,0.313410496322429
"stan","sinusoidal",800,16,0.307659601234172
"montoril","constant",1600,16,0.421791690746015
"pg_apf","constant",1600,16,0.423943109510472
"sir_laplace","constant",1600,16,0.423216960651335
"sir_collapsed","constant",1600,16,0.4235572555931
"stan","constant",1600,16,0.424847605838822
"montoril","linear",1600,16,0.300397505016337
"pg_apf","linear",1600,16,0.28884394534835
"sir_laplace","linear",1600,16,0.292470541397198
"sir_collapsed","linear",1600,16,0.293868594287122
"stan","linear",1600,16,0.291791633376935
"montoril","quadratic",1600,16,0.282251682041091
"pg_apf","quadratic",1600,16,0.279497426967409
"sir_laplace","quadratic",1600,16,0.281257960029557
"sir_collapsed","quadratic",1600,16,0.284443236510413
"stan","quadratic",1600,16,0.281603685948659
"montoril","sinusoidal",1600,16,0.301425364724423
"pg_apf","sinusoidal",1600,16,0.29845090940223
"sir_laplace","sinusoidal",1600,16,0.302536456744682
"sir_collapsed","sinusoidal",1600,16,0.30407322906005
"stan","sinusoidal",1600,16,0.301198717946818
"montoril","constant",200,17,0.85504946532546
"pg_apf","constant",200,17,0.850497553192981
"sir_laplace","constant",200,17,0.848883702545203
"sir_collapsed","constant",200,17,0.849165522524771
"stan","constant",200,17,0.851224477405341
"montoril","linear",200,17,0.484893317473699
"pg_apf","linear",200,17,0.491323868645967
"sir_laplace","linear",200,17,0.485385467092441
"sir_collapsed","linear",200,17,0.484905474586063
"stan","linear",200,17,0.490710036428631
"montoril","quadratic",200,17,0.489245898854771
"pg_apf","quadratic",200,17,0.49538805104744
"sir_laplace","quadratic",200,17,0.485490401920336
"sir_collapsed","quadratic",200,17,0.48448854207689
"stan","quadratic",200,17,0.487811501506116
"montoril","sinusoidal",200,17,0.39271014465248
"pg_apf","sinusoidal",200,17,0.398058662249507
"sir_laplace","sinusoidal",200,17,0.394322956588297
"sir_collapsed","sinusoidal",200,17,0.399037654376073
"stan","sinusoidal",200,17,0.394876461655613
"montoril","constant",400,17,0.534747165708114
"pg_apf","constant",400,17,0.529945637242519
"sir_laplace","constant",400,17,0.524074816430034
"sir_collapsed","constant",400,17,0.52705435557116
"stan","constant",400,17,0.532230506908652
"montoril","linear",400,17,0.241986201479648
"pg_apf","linear",400,17,0.232502843750993
"sir_laplace","linear",400,17,0.232037658603283
"sir_collapsed","linear",400,17,0.228736061999527
"stan","linear",400,17,0.233460176047279
"montoril","quadratic",400,17,0.237558661023637
"pg_apf","quadratic",400,17,0.229929202319985
"sir_laplace","quadratic",400,17,0.230210358824564
"sir_collapsed","quadratic",400,17,0.227226420552593
"stan","quadratic",400,17,0.233128343173632
"montoril","sinusoidal",400,17,0.237164073456591
"pg_apf","sinusoidal",400,17,0.240256453315673
"sir_laplace","sinusoidal",400,17,0.237608482325892
"sir_collapsed","sinusoidal",400,17,0.236613735949894
"stan","sinusoidal",400,17,0.241871856108726
"montoril","constant",800,17,0.519394183784414
"pg_apf","constant",800,17,0.515733382332779
"sir_laplace","constant",800,17,0.514043234315771
"sir_collapsed","constant",800,17,0.512177085909671
"stan","constant",800,17,0.515587404242065
"montoril","linear",800,17,0.282717859435178
"pg_apf","linear",800,17,0.273314300264132
"sir_laplace","linear",800,17,0.274105358401935
"sir_collapsed","linear",800,17,0.279813942042641
"stan","linear",800,17,0.272405537370595
"montoril","quadratic",800,17,0.261572979997521
"pg_apf","quadratic",800,17,0.263337966582177
"sir_laplace","quadratic",800,17,0.264290144726424
"sir_collapsed","quadratic",800,17,0.268509350788723
"stan","quadratic",800,17,0.264427862004606
"montoril","sinusoidal",800,17,0.307584738642162
"pg_apf","sinusoidal",800,17,0.302653518266761
"sir_laplace","sinusoidal",800,17,0.303442062427058
"sir_collapsed","sinusoidal",800,17,0.30820441631758
"stan","sinusoidal",800,17,0.306757947968786
"montoril","constant",1600,17,0.470523693168073
"pg_apf","constant",1600,17,0.462314975507054
"sir_laplace","constant",1600,17,0.465580033979687
"sir_collapsed","constant",1600,17,0.466609533351014
"stan","constant",1600,17,0.463426799567502
"montoril","linear",1600,17,0.301983931035366
"pg_apf","linear",1600,17,0.285990521264608
"sir_laplace","linear",1600,17,0.289452984904861
"sir_collapsed","linear",1600,17,0.290026339389807
"stan","linear",1600,17,0.286080744278887
"montoril","quadratic",1600,17,0.281671942021884
"pg_apf","quadratic",1600,17,0.277729325132872
"sir_laplace","quadratic",1600,17,0.280525865980635
"sir_collapsed","quadratic",1600,17,0.282854049719853
"stan","quadratic",1600,17,0.281282942513404
"montoril","sinusoidal",1600,17,0.30837860443689
"pg_apf","sinusoidal",1600,17,0.303303476930186
"sir_laplace","sinusoidal",1600,17,0.305872488126325
"sir_collapsed","sinusoidal",1600,17,0.308969892372209
"stan","sinusoidal",1600,17,0.306598905782888
"montoril","constant",200,18,0.842269894324706
"pg_apf","constant",200,18,0.834051441927714
"sir_laplace","constant",200,18,0.8305959987022
"sir_collapsed","constant",200,18,0.835164092988514
"stan","constant",200,18,0.837647143352594
"montoril","linear",200,18,0.412832870516595
"pg_apf","linear",200,18,0.41946401563073
"sir_laplace","linear",200,18,0.417244097700246
"sir_collapsed","linear",200,18,0.414055118074189
"stan","linear",200,18,0.417372625391418
"montoril","quadratic",200,18,0.431315105047479
"pg_apf","quadratic",200,18,0.440774306151881
"sir_laplace","quadratic",200,18,0.437943980815447
"sir_collapsed","quadratic",200,18,0.436215528693643
"stan","quadratic",200,18,0.444600845703531
"montoril","sinusoidal",200,18,0.435676477759015
"pg_apf","sinusoidal",200,18,0.440229656258508
"sir_laplace","sinusoidal",200,18,0.433706513073483
"sir_collapsed","sinusoidal",200,18,0.440658192288738
"stan","sinusoidal",200,18,0.445386572138674
"montoril","constant",400,18,0.663160524431508
"pg_apf","constant",400,18,0.661525461204334
"sir_laplace","constant",400,18,0.668497197804336
"sir_collapsed","constant",400,18,0.665338698724237
"stan","constant",400,18,0.665747926996855
"montoril","linear",400,18,0.42639236207989
"pg_apf","linear",400,18,0.413141462815968
"sir_laplace","linear",400,18,0.414607839752058
"sir_collapsed","linear",400,18,0.419970611304789
"stan","linear",400,18,0.414089586362706
"montoril","quadratic",400,18,0.425365348952179
"pg_apf","quadratic",400,18,0.424505826376889
"sir_laplace","quadratic",400,18,0.424105027217804
"sir_collapsed","quadratic",400,18,0.435480599742559
"stan","quadratic",400,18,0.426996265271447
"montoril","sinusoidal",400,18,0.442933566876673
"pg_apf","sinusoidal",400,18,0.446998396793709
"sir_laplace","sinusoidal",400,18,0.451819241325126
"sir_collapsed","sinusoidal",400,18,0.459028989939428
"stan","sinusoidal",400,18,0.450357766059904
"montoril","constant",800,18,0.543475620805083
"pg_apf","constant",800,18,0.544510360953591
"sir_laplace","constant",800,18,0.546355773636431
"sir_collapsed","constant",800,18,0.548786784084615
"stan","constant",800,18,0.544327612152626
"montoril","linear",800,18,0.323397034689499
"pg_apf","linear",800,18,0.316337535436765
"sir_laplace","linear",800,18,0.320249429521205
"sir_collapsed","linear",800,18,0.325762796898616
"stan","linear",800,18,0.318124488561933
"montoril","quadratic",800,18,0.331142370481153
"pg_apf","quadratic",800,18,0.318545717731197
"sir_laplace","quadratic",800,18,0.323083416092433
"sir_collapsed","quadratic",800,18,0.329011093973561
"stan","quadratic",800,18,0.322933893101581
"montoril","sinusoidal",800,18,0.333219092467109
"pg_apf","sinusoidal",800,18,0.339450056597732
"sir_laplace","sinusoidal",800,18,0.342316343561307
"sir_collapsed","sinusoidal",800,18,0.354485518041336
"stan","sinusoidal",800,18,0.342337017172663
"montoril","constant",1600,18,0.452676837304282
"pg_apf","constant",1600,18,0.450101058119955
"sir_laplace","constant",1600,18,0.453352291208716
"sir_collapsed","constant",1600,18,0.450411455744314
"stan","constant",1600,18,0.454160097243455
"montoril","linear",1600,18,0.319373069288005
"pg_apf","linear",1600,18,0.306564038088918
"sir_laplace","linear",1600,18,0.307713984615045
"sir_collapsed","linear",1600,18,0.310317295223464
"stan","linear",1600,18,0.310342640435739
"montoril","quadratic",1600,18,0.313021685688989
"pg_apf","quadratic",1600,18,0.303999443031107
"sir_laplace","quadratic",1600,18,0.308280579711738
"sir_collapsed","quadratic",1600,18,0.309854313346099
"stan","quadratic",1600,18,0.306747369035911
"montoril","sinusoidal",1600,18,0.319582055219176
"pg_apf","sinusoidal",1600,18,0.314858590376599
"sir_laplace","sinusoidal",1600,18,0.320333135643322
"sir_collapsed","sinusoidal",1600,18,0.32048212890742
"stan","sinusoidal",1600,18,0.324325739462021
"montoril","constant",200,19,0.839270005812569
"pg_apf","constant",200,19,0.840589773034047
"sir_laplace","constant",200,19,0.838691491127007
"sir_collapsed","constant",200,19,0.83702958558951
"stan","constant",200,19,0.844396143535496
"montoril","linear",200,19,0.51811455383942
"pg_apf","linear",200,19,0.515665161930964
"sir_laplace","linear",200,19,0.511565142924716
"sir_collapsed","linear",200,19,0.518388243479831
"stan","linear",200,19,0.521215509374484
"montoril","quadratic",200,19,0.605604124708267
"pg_apf","quadratic",200,19,0.611115353693334
"sir_laplace","quadratic",200,19,0.608667731179061
"sir_collapsed","quadratic",200,19,0.608013869187028
"stan","quadratic",200,19,0.608234894750084
"montoril","sinusoidal",200,19,0.534172231540691
"pg_apf","sinusoidal",200,19,0.527831674890842
"sir_laplace","sinusoidal",200,19,0.527839705654887
"sir_collapsed","sinusoidal",200,19,0.536286378934673
"stan","sinusoidal",200,19,0.530213289229634
"montoril","constant",400,19,0.604452375996832
"pg_apf","constant",400,19,0.606846776397816
"sir_laplace","constant",400,19,0.606174937620909
"sir_collapsed","constant",400,19,0.612529639818769
"stan","constant",400,19,0.605663465911753
"montoril","linear",400,19,0.372712677123586
"pg_apf","linear",400,19,0.360914268023384
"sir_laplace","linear",400,19,0.361796184580384
"sir_collapsed","linear",400,19,0.379351795905566
"stan","linear",400,19,0.364579515227975
"montoril","quadratic",400,19,0.374099703518447
"pg_apf","quadratic",400,19,0.35992263963815
"sir_laplace","quadratic",400,19,0.369753313807584
"sir_collapsed","quadratic",400,19,0.3780406372151
"stan","quadratic",400,19,0.35935323437778
"montoril","sinusoidal",400,19,0.403576425024025
"pg_apf","sinusoidal",400,19,0.400825834934422
"sir_laplace","sinusoidal",400,19,0.398832271323728
"sir_collapsed","sinusoidal",400,19,0.408859959232573
"stan","sinusoidal",400,19,0.403644652559771
"montoril","constant",800,19,0.499100567237028
"pg_apf","constant",800,19,0.50026473979602
"sir_laplace","constant",800,19,0.498829629279638
"sir_collapsed","constant",800,19,0.499083927003165
"stan","constant",800,19,0.499516071199711
"montoril","linear",800,19,0.28794455726026
"pg_apf","linear",800,19,0.289758608127148
"sir_laplace","linear",800,19,0.290681825221725
"sir_collapsed","linear",800,19,0.293758901213126
"stan","linear",800,19,0.292404245827951
"montoril","quadratic",800,19,0.273239999339258
"pg_apf","quadratic",800,19,0.271445752089641
"sir_laplace","quadratic",800,19,0.270720292964756
"sir_collapsed","quadratic",800,19,0.275303795102646
"stan","quadratic",800,19,0.273991684907912
"montoril","sinusoidal",800,19,0.269966760126577
"pg_apf","sinusoidal",800,19,0.268350971134944
"sir_laplace","sinusoidal",800,19,0.265491205063536
"sir_collapsed","sinusoidal",800,19,0.270842909074784
"stan","sinusoidal",800,19,0.272610938771886
"montoril","constant",1600,19,0.504492954797332
"pg_apf","constant",1600,19,0.500921819858205
"sir_laplace","constant",1600,19,0.499011090623252
"sir_collapsed","constant",1600,19,0.498924294366887
"stan","constant",1600,19,0.498796254818796
"montoril","linear",1600,19,0.325783732687024
"pg_apf","linear",1600,19,0.313830091052677
"sir_laplace","linear",1600,19,0.314444097074154
"sir_collapsed","linear",1600,19,0.317737989596135
"stan","linear",1600,19,0.315754320033187
"montoril","quadratic",1600,19,0.308636914005379
"pg_apf","quadratic",1600,19,0.305356326782866
"sir_laplace","quadratic",1600,19,0.309513805050959
"sir_collapsed","quadratic",1600,19,0.310893564037888
"stan","quadratic",1600,19,0.310095007618151
"montoril","sinusoidal",1600,19,0.351296541331802
"pg_apf","sinusoidal",1600,19,0.348562446286276
"sir_laplace","sinusoidal",1600,19,0.35426281801184
"sir_collapsed","sinusoidal",1600,19,0.353261104837013
"stan","sinusoidal",1600,19,0.351115539257229
"montoril","constant",200,20,0.692315522636098
"pg_apf","constant",200,20,0.69487830825215
"sir_laplace","constant",200,20,0.693982774056108
"sir_collapsed","constant",200,20,0.687498533196625
"stan","constant",200,20,0.693935096655079
"montoril","linear",200,20,0.396230915466163
"pg_apf","linear",200,20,0.380941169491441
"sir_laplace","linear",200,20,0.376170005419163
"sir_collapsed","linear",200,20,0.376194262182625
"stan","linear",200,20,0.381465071965173
"montoril","quadratic",200,20,0.348049554019593
"pg_apf","quadratic",200,20,0.359281797891223
"sir_laplace","quadratic",200,20,0.354039017165833
"sir_collapsed","quadratic",200,20,0.352854252444798
"stan","quadratic",200,20,0.354168053796781
"montoril","sinusoidal",200,20,0.30807678938126
"pg_apf","sinusoidal",200,20,0.300934954184578
"sir_laplace","sinusoidal",200,20,0.297096705424563
"sir_collapsed","sinusoidal",200,20,0.299462039963508
"stan","sinusoidal",200,20,0.301303347717473
"montoril","constant",400,20,0.565351965280107
"pg_apf","constant",400,20,0.564969301650552
"sir_laplace","constant",400,20,0.565395446040096
"sir_collapsed","constant",400,20,0.563672838344115
"stan","constant",400,20,0.563575040511037
"montoril","linear",400,20,0.288228305752747
"pg_apf","linear",400,20,0.266781245526473
"sir_laplace","linear",400,20,0.266837225141719
"sir_collapsed","linear",400,20,0.271784790069393
"stan","linear",400,20,0.264987849552548
"montoril","quadratic",400,20,0.297667756401653
"pg_apf","quadratic",400,20,0.292926767244337
"sir_laplace","quadratic",400,20,0.293975513972307
"sir_collapsed","quadratic",400,20,0.298778079995055
"stan","quadratic",400,20,0.289778446054853
"montoril","sinusoidal",400,20,0.285462171258893
"pg_apf","sinusoidal",400,20,0.289403787874435
"sir_laplace","sinusoidal",400,20,0.290078140130872
"sir_collapsed","sinusoidal",400,20,0.299996860621156
"stan","sinusoidal",400,20,0.288431277561421
"montoril","constant",800,20,0.532031258844696
"pg_apf","constant",800,20,0.529827367229062
"sir_laplace","constant",800,20,0.53145215435868
"sir_collapsed","constant",800,20,0.53274375265963
"stan","constant",800,20,0.530951496903894
"montoril","linear",800,20,0.330616882013789
"pg_apf","linear",800,20,0.328115961728165
"sir_laplace","linear",800,20,0.333906797931556
"sir_collapsed","linear",800,20,0.339007954870926
"stan","linear",800,20,0.336935070477346
"montoril","quadratic",800,20,0.333356331984235
"pg_apf","quadratic",800,20,0.324232709054859
"sir_laplace","quadratic",800,20,0.326230566044604
"sir_collapsed","quadratic",800,20,0.333449527297221
"stan","quadratic",800,20,0.327093383758722
"montoril","sinusoidal",800,20,0.361826880953978
"pg_apf","sinusoidal",800,20,0.355178251717227
"sir_laplace","sinusoidal",800,20,0.36061946428692
"sir_collapsed","sinusoidal",800,20,0.366627314693349
"stan","sinusoidal",800,20,0.360712635628769
"montoril","constant",1600,20,0.43391744658343
"pg_apf","constant",1600,20,0.438004401859109
"sir_laplace","constant",1600,20,0.436654328164796
"sir_collapsed","constant",1600,20,0.439124119659853
"stan","constant",1600,20,0.436950827329451
"montoril","linear",1600,20,0.279778829427998
"pg_apf","linear",1600,20,0.267209563885739
"sir_laplace","linear",1600,20,0.26928466458106
"sir_collapsed","linear",1600,20,0.270900485925398
"stan","linear",1600,20,0.26761329907943
"montoril","quadratic",1600,20,0.286847947700837
"pg_apf","quadratic",1600,20,0.276871211110206
"sir_laplace","quadratic",1600,20,0.282129664044488
"sir_collapsed","quadratic",1600,20,0.280619773669971
"stan","quadratic",1600,20,0.281528544134876
"montoril","sinusoidal",1600,20,0.300719459063059
"pg_apf","sinusoidal",1600,20,0.304952279938749
"sir_laplace","sinusoidal",1600,20,0.308514190440722
"sir_collapsed","sinusoidal",1600,20,0.311369255472687
"stan","sinusoidal",1600,20,0.306406349153773
"montoril","constant",200,21,0.676077731702133
"pg_apf","constant",200,21,0.684728656074823
"sir_laplace","constant",200,21,0.686551394980667
"sir_collapsed","constant",200,21,0.688419392158672
"stan","constant",200,21,0.67917292087485
"montoril","linear",200,21,0.327660755329935
"pg_apf","linear",200,21,0.34118527077134
"sir_laplace","linear",200,21,0.345388735279692
"sir_collapsed","linear",200,21,0.354546058492117
"stan","linear",200,21,0.345057800785084
"montoril","quadratic",200,21,0.370678050467935
"pg_apf","quadratic",200,21,0.354968839115742
"sir_laplace","quadratic",200,21,0.360489319948668
"sir_collapsed","quadratic",200,21,0.369749478325907
"stan","quadratic",200,21,0.364962505091398
"montoril","sinusoidal",200,21,0.364954973048126
"pg_apf","sinusoidal",200,21,0.369729264705839
"sir_laplace","sinusoidal",200,21,0.373689166768654
"sir_collapsed","sinusoidal",200,21,0.382155561389864
"stan","sinusoidal",200,21,0.374856625677341
"montoril","constant",400,21,0.649958181637791
"pg_apf","constant",400,21,0.64703943917011
"sir_laplace","constant",400,21,0.644547880389023
"sir_collapsed","constant",400,21,0.642966708949445
"stan","constant",400,21,0.649895431594725
"montoril","linear",400,21,0.338550670520516
"pg_apf","linear",400,21,0.335172308156418
"sir_laplace","linear",400,21,0.332229277049983
"sir_collapsed","linear",400,21,0.335881840548052
"stan","linear",400,21,0.336839647727018
"montoril","quadratic",400,21,0.307797681168538
"pg_apf","quadratic",400,21,0.297070105143522
"sir_laplace","quadratic",400,21,0.298321786070224
"sir_collapsed","quadratic",400,21,0.304216590579276
"stan","quadratic",400,21,0.303732071967177
"montoril","sinusoidal",400,21,0.344650812021727
"pg_apf","sinusoidal",400,21,0.345521212908531
"sir_laplace","sinusoidal",400,21,0.342960696247651
"sir_collapsed","sinusoidal",400,21,0.349502352233707
"stan","sinusoidal",400,21,0.342677071251147
"montoril","constant",800,21,0.569419080356641
"pg_apf","constant",800,21,0.566780851000049
"sir_laplace","constant",800,21,0.567728537846028
"sir_collapsed","constant",800,21,0.56897722483483
"stan","constant",800,21,0.565411885816321
"montoril","linear",800,21,0.332149686585642
"pg_apf","linear",800,21,0.332242171192685
"sir_laplace","linear",800,21,0.336962948197685
"sir_collapsed","linear",800,21,0.33931924076274
"stan","linear",800,21,0.337213682638776
"montoril","quadratic",800,21,0.34853305163616
"pg_apf","quadratic",800,21,0.351918887509029
"sir_laplace","quadratic",800,21,0.356164208054996
"sir_collapsed","quadratic",800,21,0.358304979762608
"stan","quadratic",800,21,0.35743708098051
"montoril","sinusoidal",800,21,0.354630289970863
"pg_apf","sinusoidal",800,21,0.363318838594046
"sir_laplace","sinusoidal",800,21,0.362826028223552
"sir_collapsed","sinusoidal",800,21,0.370848621988933
"stan","sinusoidal",800,21,0.363395394397539
"montoril","constant",1600,21,0.521536822289114
"pg_apf","constant",1600,21,0.518942773473095
"sir_laplace","constant",1600,21,0.517845307433847
"sir_collapsed","constant",1600,21,0.518832428720113
"stan","constant",1600,21,0.518152313362063
"montoril","linear",1600,21,0.351844606122715
"pg_apf","linear",1600,21,0.339073350856158
"sir_laplace","linear",1600,21,0.343526386609698
"sir_collapsed","linear",1600,21,0.347251260751699
"stan","linear",1600,21,0.344435293646599
"montoril","quadratic",1600,21,0.326217233578103
"pg_apf","quadratic",1600,21,0.329943514227149
"sir_laplace","quadratic",1600,21,0.33454868888373
"sir_collapsed","quadratic",1600,21,0.33487921952791
"stan","quadratic",1600,21,0.332740397903313
"montoril","sinusoidal",1600,21,0.387323881569943
"pg_apf","sinusoidal",1600,21,0.371626885805264
"sir_laplace","sinusoidal",1600,21,0.374893527965862
"sir_collapsed","sinusoidal",1600,21,0.377358930273622
"stan","sinusoidal",1600,21,0.373287138322779
"montoril","constant",200,22,0.74081993423758
"pg_apf","constant",200,22,0.740946465912136
"sir_laplace","constant",200,22,0.741382265123181
"sir_collapsed","constant",200,22,0.746203708836851
"stan","constant",200,22,0.738267415739635
"montoril","linear",200,22,0.370362914582143
"pg_apf","linear",200,22,0.375084081492808
"sir_laplace","linear",200,22,0.378898795597147
"sir_collapsed","linear",200,22,0.381078481466398
"stan","linear",200,22,0.37041424150073
"montoril","quadratic",200,22,0.392842147116852
"pg_apf","quadratic",200,22,0.403287698050117
"sir_laplace","quadratic",200,22,0.406525770988918
"sir_collapsed","quadratic",200,22,0.414147740412483
"stan","quadratic",200,22,0.403698317622599
"montoril","sinusoidal",200,22,0.427531423361222
"pg_apf","sinusoidal",200,22,0.431675880827127
"sir_laplace","sinusoidal",200,22,0.437100802385907
"sir_collapsed","sinusoidal",200,22,0.44845875642994
"stan","sinusoidal",200,22,0.43062946150455
"montoril","constant",400,22,0.743910334534977
"pg_apf","constant",400,22,0.737987751447417
"sir_laplace","constant",400,22,0.736597793078072
"sir_collapsed","constant",400,22,0.732239684650914
"stan","constant",400,22,0.741149502641331
"montoril","linear",400,22,0.323937152092693
"pg_apf","linear",400,22,0.321229436608993
"sir_laplace","linear",400,22,0.324608385737514
"sir_collapsed","linear",400,22,0.326731769852571
"stan","linear",400,22,0.330839776052776
"montoril","quadratic",400,22,0.326019837529747
"pg_apf","quadratic",400,22,0.327295082484092
"sir_laplace","quadratic",400,22,0.322302401526135
"sir_collapsed","quadratic",400,22,0.326973167517884
"stan","quadratic",400,22,0.327609063899081
"montoril","sinusoidal",400,22,0.427015123730529
"pg_apf","sinusoidal",400,22,0.409802990512935
"sir_laplace","sinusoidal",400,22,0.409286512205624
"sir_collapsed","sinusoidal",400,22,0.410845178195389
"stan","sinusoidal",400,22,0.411940811951644
"montoril","constant",800,22,0.556291625935273
"pg_apf","constant",800,22,0.552367815314001
"sir_laplace","constant",800,22,0.552356534379133
"sir_collapsed","constant",800,22,0.559770998098419
"stan","constant",800,22,0.55127769009102
"montoril","linear",800,22,0.458717743886352
"pg_apf","linear",800,22,0.454328126698303
"sir_laplace","linear",800,22,0.460475023894843
"sir_collapsed","linear",800,22,0.468042100231547
"stan","linear",800,22,0.456840104965547
"montoril","quadratic",800,22,0.455727893527116
"pg_apf","quadratic",800,22,0.440488025220052
"sir_laplace","quadratic",800,22,0.44710714090373
"sir_collapsed","quadratic",800,22,0.452985338837196
"stan","quadratic",800,22,0.443009147520855
"montoril","sinusoidal",800,22,0.45596624704259
"pg_apf","sinusoidal",800,22,0.455467161287896
"sir_laplace","sinusoidal",800,22,0.461315843449721
"sir_collapsed","sinusoidal",800,22,0.468795751749821
"stan","sinusoidal",800,22,0.454262538700987
"montoril","constant",1600,22,0.475665901602574
"pg_apf","constant",1600,22,0.479369948937175
"sir_laplace","constant",1600,22,0.479342127187654
"sir_collapsed","constant",1600,22,0.485447220799473
"stan","constant",1600,22,0.478064874974341
"montoril","linear",1600,22,0.35398645029995
"pg_apf","linear",1600,22,0.352674854528738
"sir_laplace","linear",1600,22,0.355563275668971
"sir_collapsed","linear",1600,22,0.362577279419707
"stan","linear",1600,22,0.354181919509825
"montoril","quadratic",1600,22,0.322585891808055
"pg_apf","quadratic",1600,22,0.325247512028863
"sir_laplace","quadratic",1600,22,0.330556198939754
"sir_collapsed","quadratic",1600,22,0.333639267429905
"stan","quadratic",1600,22,0.325021130383077
"montoril","sinusoidal",1600,22,0.344607232265299
"pg_apf","sinusoidal",1600,22,0.336754115934237
"sir_laplace","sinusoidal",1600,22,0.340994685357891
"sir_collapsed","sinusoidal",1600,22,0.346681669343471
"stan","sinusoidal",1600,22,0.340349256102629
"montoril","constant",200,23,0.783639168305796
"pg_apf","constant",200,23,0.791921494358664
"sir_laplace","constant",200,23,0.788750621240254
"sir_collapsed","constant",200,23,0.78628533535611
"stan","constant",200,23,0.789952689523607
"montoril","linear",200,23,0.477624433865497
"pg_apf","linear",200,23,0.473126555301506
"sir_laplace","linear",200,23,0.473671145276921
"sir_collapsed","linear",200,23,0.469959130317299
"stan","linear",200,23,0.479364622642291
"montoril","quadratic",200,23,0.485839308708159
"pg_apf","quadratic",200,23,0.488155095130874
"sir_laplace","quadratic",200,23,0.48329190510624
"sir_collapsed","quadratic",200,23,0.482317039774177
"stan","quadratic",200,23,0.490708589441546
"montoril","sinusoidal",200,23,0.438152920865471
"pg_apf","sinusoidal",200,23,0.433114135960197
"sir_laplace","sinusoidal",200,23,0.428411694709084
"sir_collapsed","sinusoidal",200,23,0.436565546815886
"stan","sinusoidal",200,23,0.441894331987569
"montoril","constant",400,23,0.671163259136463
"pg_apf","constant",400,23,0.663357683243061
"sir_laplace","constant",400,23,0.670003403648623
"sir_collapsed","constant",400,23,0.667475344772398
"stan","constant",400,23,0.668882391364136
"montoril","linear",400,23,0.413607955890777
"pg_apf","linear",400,23,0.391657429006132
"sir_laplace","linear",400,23,0.400387890527647
"sir_collapsed","linear",400,23,0.397998337517587
"stan","linear",400,23,0.395052103438131
"montoril","quadratic",400,23,0.384234419321092
"pg_apf","quadratic",400,23,0.378242132621931
"sir_laplace","quadratic",400,23,0.381906142403282
"sir_collapsed","quadratic",400,23,0.387461191407838
"stan","quadratic",400,23,0.382479276209963
"montoril","sinusoidal",400,23,0.399631723808715
"pg_apf","sinusoidal",400,23,0.376299040598894
"sir_laplace","sinusoidal",400,23,0.387656198701547
"sir_collapsed","sinusoidal",400,23,0.391523647775626
"stan","sinusoidal",400,23,0.382341434167566
"montoril","constant",800,23,0.500570551990661
"pg_apf","constant",800,23,0.499575362301725
"sir_laplace","constant",800,23,0.500609041221145
"sir_collapsed","constant",800,23,0.501561779377969
"stan","constant",800,23,0.498719648059277
"montoril","linear",800,23,0.300857978615718
"pg_apf","linear",800,23,0.30338755291364
"sir_laplace","linear",800,23,0.304947037414109
"sir_collapsed","linear",800,23,0.311372967227246
"stan","linear",800,23,0.304047539986097
"montoril","quadratic",800,23,0.303074661957456
"pg_apf","quadratic",800,23,0.292280867348858
"sir_laplace","quadratic",800,23,0.293587433362667
"sir_collapsed","quadratic",800,23,0.300543785308954
"stan","quadratic",800,23,0.292329117047535
"montoril","sinusoidal",800,23,0.307852222915164
"pg_apf","sinusoidal",800,23,0.30835629817031
"sir_laplace","sinusoidal",800,23,0.311890382688712
"sir_collapsed","sinusoidal",800,23,0.31407571529923
"stan","sinusoidal",800,23,0.310428216688024
"montoril","constant",1600,23,0.454168232856203
"pg_apf","constant",1600,23,0.449859794883811
"sir_laplace","constant",1600,23,0.451099525778359
"sir_collapsed","constant",1600,23,0.44933291394684
"stan","constant",1600,23,0.450989590282361
"montoril","linear",1600,23,0.334727554334938
"pg_apf","linear",1600,23,0.329377508897723
"sir_laplace","linear",1600,23,0.332315947956962
"sir_collapsed","linear",1600,23,0.330036999018956
"stan","linear",1600,23,0.334208585209634
"montoril","quadratic",1600,23,0.33490529559688
"pg_apf","quadratic",1600,23,0.330860672307305
"sir_laplace","quadratic",1600,23,0.336151702406173
"sir_collapsed","quadratic",1600,23,0.334381377893563
"stan","quadratic",1600,23,0.335608430997531
"montoril","sinusoidal",1600,23,0.336508652717617
"pg_apf","sinusoidal",1600,23,0.328874783381838
"sir_laplace","sinusoidal",1600,23,0.33273522879054
"sir_collapsed","sinusoidal",1600,23,0.333493508000475
"stan","sinusoidal",1600,23,0.332861289208556
"montoril","constant",200,24,0.731576372790105
"pg_apf","constant",200,24,0.733876763690517
"sir_laplace","constant",200,24,0.72816481816069
"sir_collapsed","constant",200,24,0.724231080943681
"stan","constant",200,24,0.733453621855243
"montoril","linear",200,24,0.462186661402856
"pg_apf","linear",200,24,0.473999172902295
"sir_laplace","linear",200,24,0.471576173544982
"sir_collapsed","linear",200,24,0.476824380604025
"stan","linear",200,24,0.470292854388612
"montoril","quadratic",200,24,0.511133123511592
"pg_apf","quadratic",200,24,0.514616394258846
"sir_laplace","quadratic",200,24,0.516759366661479
"sir_collapsed","quadratic",200,24,0.514268307774107
"stan","quadratic",200,24,0.512340201730192
"montoril","sinusoidal",200,24,0.49829016557425
"pg_apf","sinusoidal",200,24,0.499292604179856
"sir_laplace","sinusoidal",200,24,0.495225060915709
"sir_collapsed","sinusoidal",200,24,0.503617263044938
"stan","sinusoidal",200,24,0.495739191835211
"montoril","constant",400,24,0.606419551713289
"pg_apf","constant",400,24,0.608584641457961
"sir_laplace","constant",400,24,0.607147064580285
"sir_collapsed","constant",400,24,0.608523668563423
"stan","constant",400,24,0.607877920628431
"montoril","linear",400,24,0.276952800084484
"pg_apf","linear",400,24,0.269405260851887
"sir_laplace","linear",400,24,0.270623138295881
"sir_collapsed","linear",400,24,0.272584141893057
"stan","linear",400,24,0.267367869452515
"montoril","quadratic",400,24,0.284653557584774
"pg_apf","quadratic",400,24,0.288232141771262
"sir_laplace","quadratic",400,24,0.286530188360011
"sir_collapsed","quadratic",400,24,0.295884612031017
"stan","quadratic",400,24,0.286987782740612
"montoril","sinusoidal",400,24,0.270925053759902
"pg_apf","sinusoidal",400,24,0.258439172567759
"sir_laplace","sinusoidal",400,24,0.265568263156526
"sir_collapsed","sinusoidal",400,24,0.267554568032906
"stan","sinusoidal",400,24,0.261690096289462
"montoril","constant",800,24,0.521275335996356
"pg_apf","constant",800,24,0.51779323800851
"sir_laplace","constant",800,24,0.515757952540822
"sir_collapsed","constant",800,24,0.515101234884355
"stan","constant",800,24,0.517043317019775
"montoril","linear",800,24,0.28131434292818
"pg_apf","linear",800,24,0.278458340620146
"sir_laplace","linear",800,24,0.276366783842367
"sir_collapsed","linear",800,24,0.277949343275372
"stan","linear",800,24,0.27952938011026
"montoril","quadratic",800,24,0.284661948297191
"pg_apf","quadratic",800,24,0.27649547163769
"sir_laplace","quadratic",800,24,0.276156747180826
"sir_collapsed","quadratic",800,24,0.276531122601159
"stan","quadratic",800,24,0.278160868041602
"montoril","sinusoidal",800,24,0.337952180683637
"pg_apf","sinusoidal",800,24,0.323716793792187
"sir_laplace","sinusoidal",800,24,0.323376151857024
"sir_collapsed","sinusoidal",800,24,0.323619024871736
"stan","sinusoidal",800,24,0.324206756164848
"montoril","constant",1600,24,0.460243259278551
"pg_apf","constant",1600,24,0.459068692421786
"sir_laplace","constant",1600,24,0.459483358386931
"sir_collapsed","constant",1600,24,0.459979392262906
"stan","constant",1600,24,0.459018384860954
"montoril","linear",1600,24,0.311732726162495
"pg_apf","linear",1600,24,0.315523186733388
"sir_laplace","linear",1600,24,0.31686959394619
"sir_collapsed","linear",1600,24,0.320466040145352
"stan","linear",1600,24,0.317502290774346
"montoril","quadratic",1600,24,0.296228382943294
"pg_apf","quadratic",1600,24,0.287810354601438
"sir_laplace","quadratic",1600,24,0.289877270378599
"sir_collapsed","quadratic",1600,24,0.295565432477937
"stan","quadratic",1600,24,0.290179812017002
"montoril","sinusoidal",1600,24,0.308550578788921
"pg_apf","sinusoidal",1600,24,0.300742100539911
"sir_laplace","sinusoidal",1600,24,0.305605833842597
"sir_collapsed","sinusoidal",1600,24,0.306488654841897
"stan","sinusoidal",1600,24,0.304589318545179
"montoril","constant",200,25,0.882895680538197
"pg_apf","constant",200,25,0.886658063229698
"sir_laplace","constant",200,25,0.899265830218404
"sir_collapsed","constant",200,25,0.90331441378872
"stan","constant",200,25,0.88736365878778
"montoril","linear",200,25,0.555635949060133
"pg_apf","linear",200,25,0.539094747441082
"sir_laplace","linear",200,25,0.551232645344315
"sir_collapsed","linear",200,25,0.558594205306435
"stan","linear",200,25,0.539169946985553
"montoril","quadratic",200,25,0.59001733287344
"pg_apf","quadratic",200,25,0.580024857094809
"sir_laplace","quadratic",200,25,0.588852576121218
"sir_collapsed","quadratic",200,25,0.597998730636679
"stan","quadratic",200,25,0.587035761176958
"montoril","sinusoidal",200,25,0.597811618924844
"pg_apf","sinusoidal",200,25,0.573892675414601
"sir_laplace","sinusoidal",200,25,0.576132052063957
"sir_collapsed","sinusoidal",200,25,0.593686634373794
"stan","sinusoidal",200,25,0.569165245075444
"montoril","constant",400,25,0.656058270562475
"pg_apf","constant",400,25,0.654002043956938
"sir_laplace","constant",400,25,0.653269178106429
"sir_collapsed","constant",400,25,0.652553307749401
"stan","constant",400,25,0.653242534634645
"montoril","linear",400,25,0.428145574585674
"pg_apf","linear",400,25,0.434277050843532
"sir_laplace","linear",400,25,0.436286086368865
"sir_collapsed","linear",400,25,0.43865605999819
"stan","linear",400,25,0.440093377234923
"montoril","quadratic",400,25,0.459880934411289
"pg_apf","quadratic",400,25,0.450295977421856
"sir_laplace","quadratic",400,25,0.454640718666379
"sir_collapsed","quadratic",400,25,0.456941936852952
"stan","quadratic",400,25,0.45208566985281
"montoril","sinusoidal",400,25,0.417029861277713
"pg_apf","sinusoidal",400,25,0.418418251689932
"sir_laplace","sinusoidal",400,25,0.420231920488307
"sir_collapsed","sinusoidal",400,25,0.42209969856931
"stan","sinusoidal",400,25,0.422715238074787
"montoril","constant",800,25,0.595579699545678
"pg_apf","constant",800,25,0.593440950251034
"sir_laplace","constant",800,25,0.589147585353126
"sir_collapsed","constant",800,25,0.586584059458878
"stan","constant",800,25,0.591056719563534
"montoril","linear",800,25,0.389104101795107
"pg_apf","linear",800,25,0.390740468435156
"sir_laplace","linear",800,25,0.390851109509606
"sir_collapsed","linear",800,25,0.39149957205339
"stan","linear",800,25,0.391493410816932
"montoril","quadratic",800,25,0.395430032180948
"pg_apf","quadratic",800,25,0.376636905939934
"sir_laplace","quadratic",800,25,0.379051906894777
"sir_collapsed","quadratic",800,25,0.377863722013647
"stan","quadratic",800,25,0.380124691293774
"montoril","sinusoidal",800,25,0.410595487328599
"pg_apf","sinusoidal",800,25,0.409308939612639
"sir_laplace","sinusoidal",800,25,0.409785558697998
"sir_collapsed","sinusoidal",800,25,0.405591656192135
"stan","sinusoidal",800,25,0.413878422837525
"montoril","constant",1600,25,0.43925476033776
"pg_apf","constant",1600,25,0.438211147910783
"sir_laplace","constant",1600,25,0.438411127882484
"sir_collapsed","constant",1600,25,0.43636002865535
"stan","constant",1600,25,0.438354040974558
"montoril","linear",1600,25,0.276530842122203
"pg_apf","linear",1600,25,0.278528359752296
"sir_laplace","linear",1600,25,0.27593386884765
"sir_collapsed","linear",1600,25,0.278664783173645
"stan","linear",1600,25,0.281790075659751
"montoril","quadratic",1600,25,0.290699500750401
"pg_apf","quadratic",1600,25,0.287512748753776
"sir_laplace","quadratic",1600,25,0.287751076189071
"sir_collapsed","quadratic",1600,25,0.290225393532857
"stan","quadratic",1600,25,0.290809055499913
"montoril","sinusoidal",1600,25,0.292829181241498
"pg_apf","sinusoidal",1600,25,0.299899673237915
"sir_laplace","sinusoidal",1600,25,0.302390562899518
"sir_collapsed","sinusoidal",1600,25,0.301324723305755
"stan","sinusoidal",1600,25,0.301904156208624
"montoril","constant",200,26,0.672790553360168
"pg_apf","constant",200,26,0.673418896417992
"sir_laplace","constant",200,26,0.670885168677354
"sir_collapsed","constant",200,26,0.668864383379633
"stan","constant",200,26,0.675186798483389
"montoril","linear",200,26,0.370513878649911
"pg_apf","linear",200,26,0.371236468979101
"sir_laplace","linear",200,26,0.372028049121634
"sir_collapsed","linear",200,26,0.372182680663228
"stan","linear",200,26,0.371266075471399
"montoril","quadratic",200,26,0.402801688391451
"pg_apf","quadratic",200,26,0.395210244862762
"sir_laplace","quadratic",200,26,0.400563488369247
"sir_collapsed","quadratic",200,26,0.395751350922107
"stan","quadratic",200,26,0.39741801898214
"montoril","sinusoidal",200,26,0.324916001356739
"pg_apf","sinusoidal",200,26,0.324128554372623
"sir_laplace","sinusoidal",200,26,0.328303818165166
"sir_collapsed","sinusoidal",200,26,0.332476813187081
"stan","sinusoidal",200,26,0.33220536863196
"montoril","constant",400,26,0.709448470153979
"pg_apf","constant",400,26,0.710171397197961
"sir_laplace","constant",400,26,0.711259929323441
"sir_collapsed","constant",400,26,0.707407833419513
"stan","constant",400,26,0.707840884535148
"montoril","linear",400,26,0.381178554451912
"pg_apf","linear",400,26,0.378260471082254
"sir_laplace","linear",400,26,0.378147095748445
"sir_collapsed","linear",400,26,0.38378496686841
"stan","linear",400,26,0.3821053373016
"montoril","quadratic",400,26,0.40313823059606
"pg_apf","quadratic",400,26,0.401381694044866
"sir_laplace","quadratic",400,26,0.399537747207983
"sir_collapsed","quadratic",400,26,0.404828837588383
"stan","quadratic",400,26,0.4028105895821
"montoril","sinusoidal",400,26,0.4567827290594
"pg_apf","sinusoidal",400,26,0.463815681040061
"sir_laplace","sinusoidal",400,26,0.459541969995044
"sir_collapsed","sinusoidal",400,26,0.465564811602513
"stan","sinusoidal",400,26,0.464664493822322
"montoril","constant",800,26,0.532129628104185
"pg_apf","constant",800,26,0.531251992101719
"sir_laplace","constant",800,26,0.528863435666388
"sir_collapsed","constant",800,26,0.52687704212915
"stan","constant",800,26,0.530343686318668
"montoril","linear",800,26,0.340983776258471
"pg_apf","linear",800,26,0.331206897110862
"sir_laplace","linear",800,26,0.332673487627657
"sir_collapsed","linear",800,26,0.336397256787887
"stan","linear",800,26,0.333092084106123
"montoril","quadratic",800,26,0.35940966109887
"pg_apf","quadratic",800,26,0.354829423862045
"sir_laplace","quadratic",800,26,0.35374971223515
"sir_collapsed","quadratic",800,26,0.359896163631395
"stan","quadratic",800,26,0.354833098166719
"montoril","sinusoidal",800,26,0.358146848980427
"pg_apf","sinusoidal",800,26,0.350490373273827
"sir_laplace","sinusoidal",800,26,0.352667556694623
"sir_collapsed","sinusoidal",800,26,0.357077837939686
"stan","sinusoidal",800,26,0.351350647025074
"montoril","constant",1600,26,0.457333359917188
"pg_apf","constant",1600,26,0.452491027149755
"sir_laplace","constant",1600,26,0.452787138302378
"sir_collapsed","constant",1600,26,0.453887140843203
"stan","constant",1600,26,0.453180992626089
"montoril","linear",1600,26,0.299433579167162
"pg_apf","linear",1600,26,0.2878301956698
"sir_laplace","linear",1600,26,0.292305029963194
"sir_collapsed","linear",1600,26,0.293587108792474
"stan","linear",1600,26,0.289989296787856
"montoril","quadratic",1600,26,0.314189995801183
"pg_apf","quadratic",1600,26,0.301836316969786
"sir_laplace","quadratic",1600,26,0.302106015070428
"sir_collapsed","quadratic",1600,26,0.305496347270062
"stan","quadratic",1600,26,0.30213839735412
"montoril","sinusoidal",1600,26,0.315412914978106
"pg_apf","sinusoidal",1600,26,0.30907095980374
"sir_laplace","sinusoidal",1600,26,0.314272257130171
"sir_collapsed","sinusoidal",1600,26,0.315716513212672
"stan","sinusoidal",1600,26,0.313535048100927
"montoril","constant",200,27,0.703836158440356
"pg_apf","constant",200,27,0.703336380670245
"sir_laplace","constant",200,27,0.703511413581871
"sir_collapsed","constant",200,27,0.700500636201512
"stan","constant",200,27,0.70275190715327
"montoril","linear",200,27,0.397290619334794
"pg_apf","linear",200,27,0.395285915156167
"sir_laplace","linear",200,27,0.396687684476192
"sir_collapsed","linear",200,27,0.396892445657825
"stan","linear",200,27,0.396573827312543
"montoril","quadratic",200,27,0.430365849761824
"pg_apf","quadratic",200,27,0.425980929646779
"sir_laplace","quadratic",200,27,0.423603971985382
"sir_collapsed","quadratic",200,27,0.429257975972082
"stan","quadratic",200,27,0.425653668742552
"montoril","sinusoidal",200,27,0.383555452059396
"pg_apf","sinusoidal",200,27,0.388180542356144
"sir_laplace","sinusoidal",200,27,0.38963653166688
"sir_collapsed","sinusoidal",200,27,0.397595294381573
"stan","sinusoidal",200,27,0.387177510326947
"montoril","constant",400,27,0.646517177124043
"pg_apf","constant",400,27,0.657717305957717
"sir_laplace","constant",400,27,0.649924659799319
"sir_collapsed","constant",400,27,0.645598476140383
"stan","constant",400,27,0.654831571413121
"montoril","linear",400,27,0.306695949484701
"pg_apf","linear",400,27,0.293927358526656
"sir_laplace","linear",400,27,0.296733545408669
"sir_collapsed","linear",400,27,0.290633714000157
"stan","linear",400,27,0.294265700388112
"montoril","quadratic",400,27,0.318284819363075
"pg_apf","quadratic",400,27,0.30354724190937
"sir_laplace","quadratic",400,27,0.301386234133613
"sir_collapsed","quadratic",400,27,0.296719100278595
"stan","quadratic",400,27,0.311731145765622
"montoril","sinusoidal",400,27,0.362626728573412
"pg_apf","sinusoidal",400,27,0.351484194305563
"sir_laplace","sinusoidal",400,27,0.34819096914952
"sir_collapsed","sinusoidal",400,27,0.349968435205618
"stan","sinusoidal",400,27,0.351993104261114
"montoril","constant",800,27,0.508702676181205
"pg_apf","constant",800,27,0.511826583390731
"sir_laplace","constant",800,27,0.508682384757525
"sir_collapsed","constant",800,27,0.508862417805399
"stan","constant",800,27,0.509147183219894
"montoril","linear",800,27,0.323768344757943
"pg_apf","linear",800,27,0.311488473870977
"sir_laplace","linear",800,27,0.313325108163955
"sir_collapsed","linear",800,27,0.318079904963183
"stan","linear",800,27,0.310234053992748
"montoril","quadratic",800,27,0.337884687666251
"pg_apf","quadratic",800,27,0.329732072584382
"sir_laplace","quadratic",800,27,0.332246120599479
"sir_collapsed","quadratic",800,27,0.337092651357356
"stan","quadratic",800,27,0.332932624750247
"montoril","sinusoidal",800,27,0.342500634462858
"pg_apf","sinusoidal",800,27,0.338411825978384
"sir_laplace","sinusoidal",800,27,0.338860283707632
"sir_collapsed","sinusoidal",800,27,0.342832436704871
"stan","sinusoidal",800,27,0.335854913930408
"montoril","constant",1600,27,0.483148332472292
"pg_apf","constant",1600,27,0.478014239719683
"sir_laplace","constant",1600,27,0.478139206687078
"sir_collapsed","constant",1600,27,0.479404193698685
"stan","constant",1600,27,0.477758444444919
"montoril","linear",1600,27,0.336714347882332
"pg_apf","linear",1600,27,0.331705228273462
"sir_laplace","linear",1600,27,0.332636374471206
"sir_collapsed","linear",1600,27,0.335982834934289
"stan","linear",1600,27,0.334681977289228
"montoril","quadratic",1600,27,0.308238646539
"pg_apf","quadratic",1600,27,0.306252286395243
"sir_laplace","quadratic",1600,27,0.311037410396746
"sir_collapsed","quadratic",1600,27,0.310369283073775
"stan","quadratic",1600,27,0.306801541050622
"montoril","sinusoidal",1600,27,0.334621580922125
"pg_apf","sinusoidal",1600,27,0.329954515642789
"sir_laplace","sinusoidal",1600,27,0.332579583929168
"sir_collapsed","sinusoidal",1600,27,0.337420310830953
"stan","sinusoidal",1600,27,0.333282333834795
"montoril","constant",200,28,0.754735009333942
"pg_apf","constant",200,28,0.751293626788213
"sir_laplace","constant",200,28,0.744003893459559
"sir_collapsed","constant",200,28,0.738023769112496
"stan","constant",200,28,0.752247865083019
"montoril","linear",200,28,0.331681319452455
"pg_apf","linear",200,28,0.313495529796162
"sir_laplace","linear",200,28,0.308876147052068
"sir_collapsed","linear",200,28,0.300434219944413
"stan","linear",200,28,0.315930829868092
"montoril","quadratic",200,28,0.300844312852332
"pg_apf","quadratic",200,28,0.303528300436318
"sir_laplace","quadratic",200,28,0.299575460841032
"sir_collapsed","quadratic",200,28,0.29285136449448
"stan","quadratic",200,28,0.303995661901435
"montoril","sinusoidal",200,28,0.306826260521081
"pg_apf","sinusoidal",200,28,0.298483296569597
"sir_laplace","sinusoidal",200,28,0.290336655346551
"sir_collapsed","sinusoidal",200,28,0.286455720419276
"stan","sinusoidal",200,28,0.299891966503768
"montoril","constant",400,28,0.608095379087623
"pg_apf","constant",400,28,0.616192189164358
"sir_laplace","constant",400,28,0.614061655640385
"sir_collapsed","constant",400,28,0.617267986823091
"stan","constant",400,28,0.613401944098198
"montoril","linear",400,28,0.403505989001479
"pg_apf","linear",400,28,0.38898868881698
"sir_laplace","linear",400,28,0.393587306767453
"sir_collapsed","linear",400,28,0.398936112482015
"stan","linear",400,28,0.393388173174159
"montoril","quadratic",400,28,0.382055034918778
"pg_apf","quadratic",400,28,0.383827952793416
"sir_laplace","quadratic",400,28,0.389316191479057
"sir_collapsed","quadratic",400,28,0.395440426629989
"stan","quadratic",400,28,0.389736560259932
"montoril","sinusoidal",400,28,0.38867032564175
"pg_apf","sinusoidal",400,28,0.373455811629566
"sir_laplace","sinusoidal",400,28,0.377294281322056
"sir_collapsed","sinusoidal",400,28,0.380595561868398
"stan","sinusoidal",400,28,0.371142226229001
"montoril","constant",800,28,0.537877088373217
"pg_apf","constant",800,28,0.546739491103217
"sir_laplace","constant",800,28,0.545617905379454
"sir_collapsed","constant",800,28,0.547378462390122
"stan","constant",800,28,0.544935604634501
"montoril","linear",800,28,0.279603088465406
"pg_apf","linear",800,28,0.277307473331456
"sir_laplace","linear",800,28,0.277158567619257
"sir_collapsed","linear",800,28,0.281441381465705
"stan","linear",800,28,0.276278113017503
"montoril","quadratic",800,28,0.274733746032039
"pg_apf","quadratic",800,28,0.279404199835674
"sir_laplace","quadratic",800,28,0.280683236052797
"sir_collapsed","quadratic",800,28,0.283285947389369
"stan","quadratic",800,28,0.280340841694142
"montoril","sinusoidal",800,28,0.279438583066341
"pg_apf","sinusoidal",800,28,0.277882852436386
"sir_laplace","sinusoidal",800,28,0.282227146427643
"sir_collapsed","sinusoidal",800,28,0.28708378515006
"stan","sinusoidal",800,28,0.279268886789529
"montoril","constant",1600,28,0.472208923555714
"pg_apf","constant",1600,28,0.463548738861228
"sir_laplace","constant",1600,28,0.46407042548077
"sir_collapsed","constant",1600,28,0.465710267933916
"stan","constant",1600,28,0.464084236559248
"montoril","linear",1600,28,0.344986014227063
"pg_apf","linear",1600,28,0.341961255012389
"sir_laplace","linear",1600,28,0.343905799992516
"sir_collapsed","linear",1600,28,0.345899928386876
"stan","linear",1600,28,0.342757872170768
"montoril","quadratic",1600,28,0.354221636447587
"pg_apf","quadratic",1600,28,0.345709358107705
"sir_laplace","quadratic",1600,28,0.347412258487709
"sir_collapsed","quadratic",1600,28,0.351190674985884
"stan","quadratic",1600,28,0.348737873106985
"montoril","sinusoidal",1600,28,0.35322121023413
"pg_apf","sinusoidal",1600,28,0.349183393154675
"sir_laplace","sinusoidal",1600,28,0.354061992731733
"sir_collapsed","sinusoidal",1600,28,0.356526463296363
"stan","sinusoidal",1600,28,0.351684369535416
"montoril","constant",200,29,0.735407433523462
"pg_apf","constant",200,29,0.733817758566591
"sir_laplace","constant",200,29,0.735667883368712
"sir_collapsed","constant",200,29,0.745182637721031
"stan","constant",200,29,0.730601538103863
"montoril","linear",200,29,0.304423658566141
"pg_apf","linear",200,29,0.295089470541425
"sir_laplace","linear",200,29,0.311338845721555
"sir_collapsed","linear",200,29,0.319451195782413
"stan","linear",200,29,0.306037712547844
"montoril","quadratic",200,29,0.365127359744047
"pg_apf","quadratic",200,29,0.339914358820822
"sir_laplace","quadratic",200,29,0.343575601550158
"sir_collapsed","quadratic",200,29,0.351107710643466
"stan","quadratic",200,29,0.34446009099414
"montoril","sinusoidal",200,29,0.304264077042982
"pg_apf","sinusoidal",200,29,0.293654933114986
"sir_laplace","sinusoidal",200,29,0.295209825526819
"sir_collapsed","sinusoidal",200,29,0.306418759531073
"stan","sinusoidal",200,29,0.294795462161008
"montoril","constant",400,29,0.621449242164468
"pg_apf","constant",400,29,0.624483939928484
"sir_laplace","constant",400,29,0.62155103870664
"sir_collapsed","constant",400,29,0.621966231872902
"stan","constant",400,29,0.623585622764464
"montoril","linear",400,29,0.301273493838688
"pg_apf","linear",400,29,0.309970452208973
"sir_laplace","linear",400,29,0.310773316227313
"sir_collapsed","linear",400,29,0.311414312744212
"stan","linear",400,29,0.312054437258251
"montoril","quadratic",400,29,0.309649290949451
"pg_apf","quadratic",400,29,0.301634730640021
"sir_laplace","quadratic",400,29,0.305207451138409
"sir_collapsed","quadratic",400,29,0.306248376220323
"stan","quadratic",400,29,0.308145681948916
"montoril","sinusoidal",400,29,0.286818835754278
"pg_apf","sinusoidal",400,29,0.284882019794887
"sir_laplace","sinusoidal",400,29,0.289173100478308
"sir_collapsed","sinusoidal",400,29,0.287777196547439
"stan","sinusoidal",400,29,0.286561073357638
"montoril","constant",800,29,0.577579092156031
"pg_apf","constant",800,29,0.581063064553567
"sir_laplace","constant",800,29,0.576389879676917
"sir_collapsed","constant",800,29,0.577187350042662
"stan","constant",800,29,0.57663353939247
"montoril","linear",800,29,0.328525704548191
"pg_apf","linear",800,29,0.32659668027618
"sir_laplace","linear",800,29,0.328445167450387
"sir_collapsed","linear",800,29,0.335868313698394
"stan","linear",800,29,0.330107555456446
"montoril","quadratic",800,29,0.321730054855425
"pg_apf","quadratic",800,29,0.31680395330509
"sir_laplace","quadratic",800,29,0.320405235912524
"sir_collapsed","quadratic",800,29,0.323399505059716
"stan","quadratic",800,29,0.321179122277707
"montoril","sinusoidal",800,29,0.363805922522231
"pg_apf","sinusoidal",800,29,0.347629231785531
"sir_laplace","sinusoidal",800,29,0.350811300075562
"sir_collapsed","sinusoidal",800,29,0.35257087931552
"stan","sinusoidal",800,29,0.356192244364302
"montoril","constant",1600,29,0.450594474153107
"pg_apf","constant",1600,29,0.451165999816125
"sir_laplace","constant",1600,29,0.450482568176516
"sir_collapsed","constant",1600,29,0.455204098152785
"stan","constant",1600,29,0.447564286628853
"montoril","linear",1600,29,0.298013392840482
"pg_apf","linear",1600,29,0.289155914519711
"sir_laplace","linear",1600,29,0.293054810233864
"sir_collapsed","linear",1600,29,0.302997779412703
"stan","linear",1600,29,0.292543992225597
"montoril","quadratic",1600,29,0.287793507253419
"pg_apf","quadratic",1600,29,0.289143479743591
"sir_laplace","quadratic",1600,29,0.295528527072055
"sir_collapsed","quadratic",1600,29,0.299220922769658
"stan","quadratic",1600,29,0.292853505017847
"montoril","sinusoidal",1600,29,0.331420982241007
"pg_apf","sinusoidal",1600,29,0.31643169038336
"sir_laplace","sinusoidal",1600,29,0.324826303468862
"sir_collapsed","sinusoidal",1600,29,0.327675021366587
"stan","sinusoidal",1600,29,0.318350742479902
"montoril","constant",200,30,0.736879772537532
"pg_apf","constant",200,30,0.73293847306668
"sir_laplace","constant",200,30,0.738471613435772
"sir_collapsed","constant",200,30,0.740073062708474
"stan","constant",200,30,0.739560672417505
"montoril","linear",200,30,0.469777056751046
"pg_apf","linear",200,30,0.475184396732756
"sir_laplace","linear",200,30,0.476497569970345
"sir_collapsed","linear",200,30,0.474760235025711
"stan","linear",200,30,0.476557360066963
"montoril","quadratic",200,30,0.50541654672611
"pg_apf","quadratic",200,30,0.511020695544617
"sir_laplace","quadratic",200,30,0.511413754353945
"sir_collapsed","quadratic",200,30,0.507136295191204
"stan","quadratic",200,30,0.513442944302561
"montoril","sinusoidal",200,30,0.406144692003262
"pg_apf","sinusoidal",200,30,0.41769395211777
"sir_laplace","sinusoidal",200,30,0.415704844930285
"sir_collapsed","sinusoidal",200,30,0.421161969358508
"stan","sinusoidal",200,30,0.41212291559822
"montoril","constant",400,30,0.650050421473369
"pg_apf","constant",400,30,0.648869664991781
"sir_laplace","constant",400,30,0.646994143485238
"sir_collapsed","constant",400,30,0.64745811485107
"stan","constant",400,30,0.64626848367158
"montoril","linear",400,30,0.341918660225409
"pg_apf","linear",400,30,0.343557132910346
"sir_laplace","linear",400,30,0.342792796131494
"sir_collapsed","linear",400,30,0.355608692945004
"stan","linear",400,30,0.342667572202168
"montoril","quadratic",400,30,0.349531719620068
"pg_apf","quadratic",400,30,0.357864113307579
"sir_laplace","quadratic",400,30,0.363618261809183
"sir_collapsed","quadratic",400,30,0.373696409175532
"stan","quadratic",400,30,0.355518999162359
"montoril","sinusoidal",400,30,0.322360627299388
"pg_apf","sinusoidal",400,30,0.317162941873278
"sir_laplace","sinusoidal",400,30,0.32252104049661
"sir_collapsed","sinusoidal",400,30,0.330994090027675
"stan","sinusoidal",400,30,0.31645292939363
"montoril","constant",800,30,0.615289506713327
"pg_apf","constant",800,30,0.618873473569704
"sir_laplace","constant",800,30,0.617791817757851
"sir_collapsed","constant",800,30,0.619653289678851
"stan","constant",800,30,0.617941800835403
"montoril","linear",800,30,0.406641865268327
"pg_apf","linear",800,30,0.407552597886933
"sir_laplace","linear",800,30,0.408704306469648
"sir_collapsed","linear",800,30,0.409779097232685
"stan","linear",800,30,0.410143504047483
"montoril","quadratic",800,30,0.408363427378888
"pg_apf","quadratic",800,30,0.397665249805055
"sir_laplace","quadratic",800,30,0.397163752474074
"sir_collapsed","quadratic",800,30,0.399829652576817
"stan","quadratic",800,30,0.395700881472333
"montoril","sinusoidal",800,30,0.426167688239879
"pg_apf","sinusoidal",800,30,0.420270064097564
"sir_laplace","sinusoidal",800,30,0.42026392621506
"sir_collapsed","sinusoidal",800,30,0.422694325679598
"stan","sinusoidal",800,30,0.417078911296581
"montoril","constant",1600,30,0.491061825485352
"pg_apf","constant",1600,30,0.491757415649098
"sir_laplace","constant",1600,30,0.493194562027037
"sir_collapsed","constant",1600,30,0.496075971376684
"stan","constant",1600,30,0.492418140464335
"montoril","linear",1600,30,0.346989158932279
"pg_apf","linear",1600,30,0.332824050301803
"sir_laplace","linear",1600,30,0.337085675622157
"sir_collapsed","linear",1600,30,0.342128067727477
"stan","linear",1600,30,0.336166847134693
"montoril","quadratic",1600,30,0.345888466045034
"pg_apf","quadratic",1600,30,0.33847521235264
"sir_laplace","quadratic",1600,30,0.341679694636945
"sir_collapsed","quadratic",1600,30,0.346772870937108
"stan","quadratic",1600,30,0.342073773137212
"montoril","sinusoidal",1600,30,0.368416792771181
"pg_apf","sinusoidal",1600,30,0.367683614480168
"sir_laplace","sinusoidal",1600,30,0.371516491312967
"sir_collapsed","sinusoidal",1600,30,0.377066525050282
"stan","sinusoidal",1600,30,0.36925689077303
"montoril","constant",200,31,0.838961431105295
"pg_apf","constant",200,31,0.837925199395436
"sir_laplace","constant",200,31,0.835836780473847
"sir_collapsed","constant",200,31,0.828009340432577
"stan","constant",200,31,0.83920182410888
"montoril","linear",200,31,0.515460584249461
"pg_apf","linear",200,31,0.518128174323869
"sir_laplace","linear",200,31,0.514382079497925
"sir_collapsed","linear",200,31,0.507014565533403
"stan","linear",200,31,0.517303943911606
"montoril","quadratic",200,31,0.569066663779425
"pg_apf","quadratic",200,31,0.558495631872817
"sir_laplace","quadratic",200,31,0.550383927370683
"sir_collapsed","quadratic",200,31,0.540524607781442
"stan","quadratic",200,31,0.560000134775315
"montoril","sinusoidal",200,31,0.454623477273718
"pg_apf","sinusoidal",200,31,0.467034175511229
"sir_laplace","sinusoidal",200,31,0.462350637223267
"sir_collapsed","sinusoidal",200,31,0.460442182508995
"stan","sinusoidal",200,31,0.468371661303019
"montoril","constant",400,31,0.743336914286776
"pg_apf","constant",400,31,0.737505186091558
"sir_laplace","constant",400,31,0.741898950931531
"sir_collapsed","constant",400,31,0.74966287569135
"stan","constant",400,31,0.740426340746826
"montoril","linear",400,31,0.441664774487402
"pg_apf","linear",400,31,0.437435795903693
"sir_laplace","linear",400,31,0.442684514629096
"sir_collapsed","linear",400,31,0.449534714843671
"stan","linear",400,31,0.438557159640515
"montoril","quadratic",400,31,0.423490325653079
"pg_apf","quadratic",400,31,0.433754154594378
"sir_laplace","quadratic",400,31,0.43838638309369
"sir_collapsed","quadratic",400,31,0.448489592375364
"stan","quadratic",400,31,0.43449877585461
"montoril","sinusoidal",400,31,0.515216680225002
"pg_apf","sinusoidal",400,31,0.505997242287336
"sir_laplace","sinusoidal",400,31,0.512557464793349
"sir_collapsed","sinusoidal",400,31,0.525744322161888
"stan","sinusoidal",400,31,0.504179945969477
"montoril","constant",800,31,0.550954971572482
"pg_apf","constant",800,31,0.55828929179223
"sir_laplace","constant",800,31,0.558735869273874
"sir_collapsed","constant",800,31,0.560415972693874
"stan","constant",800,31,0.558971108197974
"montoril","linear",800,31,0.369370019771155
"pg_apf","linear",800,31,0.361704858463335
"sir_laplace","linear",800,31,0.366756487063583
"sir_collapsed","linear",800,31,0.375652347754205
"stan","linear",800,31,0.37416869722038
"montoril","quadratic",800,31,0.355131165399835
"pg_apf","quadratic",800,31,0.344972887989948
"sir_laplace","quadratic",800,31,0.357138205945569
"sir_collapsed","quadratic",800,31,0.360591488851619
"stan","quadratic",800,31,0.35393559272164
"montoril","sinusoidal",800,31,0.398280739956695
"pg_apf","sinusoidal",800,31,0.384630525800379
"sir_laplace","sinusoidal",800,31,0.394765331650553
"sir_collapsed","sinusoidal",800,31,0.399033254904055
"stan","sinusoidal",800,31,0.387163640572279
"montoril","constant",1600,31,0.49610432955507
"pg_apf","constant",1600,31,0.492095671421391
"sir_laplace","constant",1600,31,0.489251089095276
"sir_collapsed","constant",1600,31,0.48930888088388
"stan","constant",1600,31,0.489721224531352
"montoril","linear",1600,31,0.377319804987317
"pg_apf","linear",1600,31,0.374781319347195
"sir_laplace","linear",1600,31,0.373692698020131
"sir_collapsed","linear",1600,31,0.376231070907092
"stan","linear",1600,31,0.377912387170246
"montoril","quadratic",1600,31,0.35845292057497
"pg_apf","quadratic",1600,31,0.356020570559776
"sir_laplace","quadratic",1600,31,0.35588809660889
"sir_collapsed","quadratic",1600,31,0.358810084707066
"stan","quadratic",1600,31,0.360557718510801
"montoril","sinusoidal",1600,31,0.356219188103424
"pg_apf","sinusoidal",1600,31,0.358832426369336
"sir_laplace","sinusoidal",1600,31,0.358996151776429
"sir_collapsed","sinusoidal",1600,31,0.359528181536019
"stan","sinusoidal",1600,31,0.363246925632452
"montoril","constant",200,32,0.640877249852747
"pg_apf","constant",200,32,0.638360555035426
"sir_laplace","constant",200,32,0.638503756284647
"sir_collapsed","constant",200,32,0.638676844032188
"stan","constant",200,32,0.638871732212222
"montoril","linear",200,32,0.423135591469245
"pg_apf","linear",200,32,0.430532886939336
"sir_laplace","linear",200,32,0.423703637731042
"sir_collapsed","linear",200,32,0.429333646624297
"stan","linear",200,32,0.422732910999894
"montoril","quadratic",200,32,0.46252224995162
"pg_apf","quadratic",200,32,0.457934524461743
"sir_laplace","quadratic",200,32,0.462373424319905
"sir_collapsed","quadratic",200,32,0.471598445354708
"stan","quadratic",200,32,0.457776750165443
"montoril","sinusoidal",200,32,0.394628474601943
"pg_apf","sinusoidal",200,32,0.400280803886553
"sir_laplace","sinusoidal",200,32,0.402748683852178
"sir_collapsed","sinusoidal",200,32,0.408556529188184
"stan","sinusoidal",200,32,0.398473337171894
"montoril","constant",400,32,0.608476467043143
"pg_apf","constant",400,32,0.597814009986086
"sir_laplace","constant",400,32,0.598492876521154
"sir_collapsed","constant",400,32,0.592955751120674
"stan","constant",400,32,0.600051790619801
"montoril","linear",400,32,0.329806675687987
"pg_apf","linear",400,32,0.314327747748771
"sir_laplace","linear",400,32,0.318239378668872
"sir_collapsed","linear",400,32,0.315002259747846
"stan","linear",400,32,0.319341844335154
"montoril","quadratic",400,32,0.330489064815951
"pg_apf","quadratic",400,32,0.33083910876973
"sir_laplace","quadratic",400,32,0.328595445196996
"sir_collapsed","quadratic",400,32,0.327649379015136
"stan","quadratic",400,32,0.331046101083574
"montoril","sinusoidal",400,32,0.321299757546287
"pg_apf","sinusoidal",400,32,0.328232897584035
"sir_laplace","sinusoidal",400,32,0.32648094842979
"sir_collapsed","sinusoidal",400,32,0.328192446426431
"stan","sinusoidal",400,32,0.329519726071449
"montoril","constant",800,32,0.605520893648339
"pg_apf","constant",800,32,0.606772030115823
"sir_laplace","constant",800,32,0.604608051527257
"sir_collapsed","constant",800,32,0.60308533993233
"stan","constant",800,32,0.607510532853625
"montoril","linear",800,32,0.39361142161904
"pg_apf","linear",800,32,0.382323173430621
"sir_laplace","linear",800,32,0.383011041354502
"sir_collapsed","linear",800,32,0.38175699394636
"stan","linear",800,32,0.383107854371764
"montoril","quadratic",800,32,0.389541669157286
"pg_apf","quadratic",800,32,0.378755284573789
"sir_laplace","quadratic",800,32,0.380802870387887
"sir_collapsed","quadratic",800,32,0.379187081191089
"stan","quadratic",800,32,0.382601359282923
"montoril","sinusoidal",800,32,0.393528024685219
"pg_apf","sinusoidal",800,32,0.394157365624466
"sir_laplace","sinusoidal",800,32,0.394102417789145
"sir_collapsed","sinusoidal",800,32,0.394738302172079
"stan","sinusoidal",800,32,0.395850601001397
"montoril","constant",1600,32,0.536824007123617
"pg_apf","constant",1600,32,0.532216274422339
"sir_laplace","constant",1600,32,0.535950098297092
"sir_collapsed","constant",1600,32,0.537852043539825
"stan","constant",1600,32,0.53362629266992
"montoril","linear",1600,32,0.412724625881082
"pg_apf","linear",1600,32,0.401048823661957
"sir_laplace","linear",1600,32,0.40445628025219
"sir_collapsed","linear",1600,32,0.40807071293614
"stan","linear",1600,32,0.403903097098065
"montoril","quadratic",1600,32,0.418273483586677
"pg_apf","quadratic",1600,32,0.405744594366816
"sir_laplace","quadratic",1600,32,0.409692896871496
"sir_collapsed","quadratic",1600,32,0.413379602954852
"stan","quadratic",1600,32,0.408292109124829
"montoril","sinusoidal",1600,32,0.434929615842213
"pg_apf","sinusoidal",1600,32,0.436216660397468
"sir_laplace","sinusoidal",1600,32,0.443236423972563
"sir_collapsed","sinusoidal",1600,32,0.444626502166328
"stan","sinusoidal",1600,32,0.437484289349723
"montoril","constant",200,33,0.659944568705891
"pg_apf","constant",200,33,0.659467179957873
"sir_laplace","constant",200,33,0.657282451454571
"sir_collapsed","constant",200,33,0.662647773561227
"stan","constant",200,33,0.6598547446806
"montoril","linear",200,33,0.334151077862404
"pg_apf","linear",200,33,0.325815758143573
"sir_laplace","linear",200,33,0.321446790246017
"sir_collapsed","linear",200,33,0.33124860329235
"stan","linear",200,33,0.319341664316086
"montoril","quadratic",200,33,0.333922446722996
"pg_apf","quadratic",200,33,0.326609076883958
"sir_laplace","quadratic",200,33,0.331488803746982
"sir_collapsed","quadratic",200,33,0.339607195843553
"stan","quadratic",200,33,0.330756896156377
"montoril","sinusoidal",200,33,0.310571411192727
"pg_apf","sinusoidal",200,33,0.318330459835971
"sir_laplace","sinusoidal",200,33,0.315096668052442
"sir_collapsed","sinusoidal",200,33,0.330135923304657
"stan","sinusoidal",200,33,0.319862397714697
"montoril","constant",400,33,0.753992832580687
"pg_apf","constant",400,33,0.760096889685267
"sir_laplace","constant",400,33,0.758273281108946
"sir_collapsed","constant",400,33,0.756154160972791
"stan","constant",400,33,0.756366279398519
"montoril","linear",400,33,0.381984690469485
"pg_apf","linear",400,33,0.381126140954407
"sir_laplace","linear",400,33,0.388495847515058
"sir_collapsed","linear",400,33,0.391262662850813
"stan","linear",400,33,0.384522056174201
"montoril","quadratic",400,33,0.455250914812606
"pg_apf","quadratic",400,33,0.440265971978144
"sir_laplace","quadratic",400,33,0.441376364626248
"sir_collapsed","quadratic",400,33,0.453280712112066
"stan","quadratic",400,33,0.441432332033515
"montoril","sinusoidal",400,33,0.485161339758635
"pg_apf","sinusoidal",400,33,0.480876008784408
"sir_laplace","sinusoidal",400,33,0.488792257511267
"sir_collapsed","sinusoidal",400,33,0.496861890586588
"stan","sinusoidal",400,33,0.48511373164812
"montoril","constant",800,33,0.546192871676361
"pg_apf","constant",800,33,0.556945044028502
"sir_laplace","constant",800,33,0.553309492707787
"sir_collapsed","constant",800,33,0.55234815880959
"stan","constant",800,33,0.553676747583859
"montoril","linear",800,33,0.381033827046413
"pg_apf","linear",800,33,0.370268191618985
"sir_laplace","linear",800,33,0.372548524735005
"sir_collapsed","linear",800,33,0.374980809624634
"stan","linear",800,33,0.370860630235986
"montoril","quadratic",800,33,0.397936508585472
"pg_apf","quadratic",800,33,0.393569937920265
"sir_laplace","quadratic",800,33,0.397143028349559
"sir_collapsed","quadratic",800,33,0.395572389346036
"stan","quadratic",800,33,0.395638845621843
"montoril","sinusoidal",800,33,0.388590217730661
"pg_apf","sinusoidal",800,33,0.383859483810333
"sir_laplace","sinusoidal",800,33,0.385626586332435
"sir_collapsed","sinusoidal",800,33,0.385481865054032
"stan","sinusoidal",800,33,0.385032210076459
"montoril","constant",1600,33,0.46883340518254
"pg_apf","constant",1600,33,0.467977403783301
"sir_laplace","constant",1600,33,0.467586908356299
"sir_collapsed","constant",1600,33,0.46804573900603
"stan","constant",1600,33,0.467493461957791
"montoril","linear",1600,33,0.316735233702299
"pg_apf","linear",1600,33,0.314989315549946
"sir_laplace","linear",1600,33,0.317530343920888
"sir_collapsed","linear",1600,33,0.319647265371384
"stan","linear",1600,33,0.317608178392461
"montoril","quadratic",1600,33,0.336897707657804
"pg_apf","quadratic",1600,33,0.325339651356035
"sir_laplace","quadratic",1600,33,0.328249027462826
"sir_collapsed","quadratic",1600,33,0.328008055795345
"stan","quadratic",1600,33,0.32756995376656
"montoril","sinusoidal",1600,33,0.312539204924314
"pg_apf","sinusoidal",1600,33,0.308612097712343
"sir_laplace","sinusoidal",1600,33,0.311560280199676
"sir_collapsed","sinusoidal",1600,33,0.315224371094909
"stan","sinusoidal",1600,33,0.311766936767527
"montoril","constant",200,34,0.669217968605868
"pg_apf","constant",200,34,0.674227303070731
"sir_laplace","constant",200,34,0.670699369081611
"sir_collapsed","constant",200,34,0.669479035091317
"stan","constant",200,34,0.673486611098183
"montoril","linear",200,34,0.303405919910696
"pg_apf","linear",200,34,0.297633514521924
"sir_laplace","linear",200,34,0.301892154419834
"sir_collapsed","linear",200,34,0.301343248379181
"stan","linear",200,34,0.298522300529257
"montoril","quadratic",200,34,0.424524559691415
"pg_apf","quadratic",200,34,0.420523459039525
"sir_laplace","quadratic",200,34,0.419819319702038
"sir_collapsed","quadratic",200,34,0.417241642886248
"stan","quadratic",200,34,0.423832378618242
"montoril","sinusoidal",200,34,0.342468799103769
"pg_apf","sinusoidal",200,34,0.352819172163173
"sir_laplace","sinusoidal",200,34,0.349924297386274
"sir_collapsed","sinusoidal",200,34,0.352492855828758
"stan","sinusoidal",200,34,0.353590340239123
"montoril","constant",400,34,0.636211568719362
"pg_apf","constant",400,34,0.632450766929283
"sir_laplace","constant",400,34,0.636922900012548
"sir_collapsed","constant",400,34,0.642020746227922
"stan","constant",400,34,0.632244818143857
"montoril","linear",400,34,0.339228525684951
"pg_apf","linear",400,34,0.332946109359115
"sir_laplace","linear",400,34,0.335941902774232
"sir_collapsed","linear",400,34,0.348071487330093
"stan","linear",400,34,0.334840119014313
"montoril","quadratic",400,34,0.33656559314683
"pg_apf","quadratic",400,34,0.340960720829116
"sir_laplace","quadratic",400,34,0.345855018158011
"sir_collapsed","quadratic",400,34,0.354209265137296
"stan","quadratic",400,34,0.338349018734302
"montoril","sinusoidal",400,34,0.417715046347827
"pg_apf","sinusoidal",400,34,0.423534346821033
"sir_laplace","sinusoidal",400,34,0.424372834426805
"sir_collapsed","sinusoidal",400,34,0.436661084872198
"stan","sinusoidal",400,34,0.424906118985066
"montoril","constant",800,34,0.518837287875236
"pg_apf","constant",800,34,0.518169845248857
"sir_laplace","constant",800,34,0.518527721865866
"sir_collapsed","constant",800,34,0.518393975071449
"stan","constant",800,34,0.517130018310934
"montoril","linear",800,34,0.314841382337551
"pg_apf","linear",800,34,0.321004277526862
"sir_laplace","linear",800,34,0.321325744029691
"sir_collapsed","linear",800,34,0.32411053275146
"stan","linear",800,34,0.321447109582501
"montoril","quadratic",800,34,0.32730478279018
"pg_apf","quadratic",800,34,0.324935944953903
"sir_laplace","quadratic",800,34,0.326154330460498
"sir_collapsed","quadratic",800,34,0.32889214994937
"stan","quadratic",800,34,0.328674857133698
"montoril","sinusoidal",800,34,0.320105221803799
"pg_apf","sinusoidal",800,34,0.318587770369882
"sir_laplace","sinusoidal",800,34,0.321219144390187
"sir_collapsed","sinusoidal",800,34,0.325508006877176
"stan","sinusoidal",800,34,0.319570064838278
"montoril","constant",1600,34,0.479792656897631
"pg_apf","constant",1600,34,0.467697850316784
"sir_laplace","constant",1600,34,0.463126486059482
"sir_collapsed","constant",1600,34,0.463447084238055
"stan","constant",1600,34,0.465101506158443
"montoril","linear",1600,34,0.284922250783598
"pg_apf","linear",1600,34,0.276618351225721
"sir_laplace","linear",1600,34,0.278521476812376
"sir_collapsed","linear",1600,34,0.281268256920687
"stan","linear",1600,34,0.279553658881245
"montoril","quadratic",1600,34,0.275673868798152
"pg_apf","quadratic",1600,34,0.267321045642457
"sir_laplace","quadratic",1600,34,0.267366590925279
"sir_collapsed","quadratic",1600,34,0.270805005897161
"stan","quadratic",1600,34,0.267796373888548
"montoril","sinusoidal",1600,34,0.312176220297489
"pg_apf","sinusoidal",1600,34,0.315973553466412
"sir_laplace","sinusoidal",1600,34,0.316899601701531
"sir_collapsed","sinusoidal",1600,34,0.321010316775127
"stan","sinusoidal",1600,34,0.317960460225807
"montoril","constant",200,35,0.813928878218528
"pg_apf","constant",200,35,0.823460454426417
"sir_laplace","constant",200,35,0.821742773444727
"sir_collapsed","constant",200,35,0.82744611758916
"stan","constant",200,35,0.815909663313752
"montoril","linear",200,35,0.411712491671653
"pg_apf","linear",200,35,0.409594769370207
"sir_laplace","linear",200,35,0.414811462202204
"sir_collapsed","linear",200,35,0.426083039243346
"stan","linear",200,35,0.411767613248957
"montoril","quadratic",200,35,0.397109821465138
"pg_apf","quadratic",200,35,0.395085011622595
"sir_laplace","quadratic",200,35,0.401594438878596
"sir_collapsed","quadratic",200,35,0.406513858054423
"stan","quadratic",200,35,0.398643297315196
"montoril","sinusoidal",200,35,0.396064268881943
"pg_apf","sinusoidal",200,35,0.404603726096902
"sir_laplace","sinusoidal",200,35,0.409538093075613
"sir_collapsed","sinusoidal",200,35,0.416237943869291
"stan","sinusoidal",200,35,0.404262295805012
"montoril","constant",400,35,0.7204315771106
"pg_apf","constant",400,35,0.714771419990477
"sir_laplace","constant",400,35,0.708609234230509
"sir_collapsed","constant",400,35,0.698581393760553
"stan","constant",400,35,0.711274830236754
"montoril","linear",400,35,0.407684610672843
"pg_apf","linear",400,35,0.40045516420192
"sir_laplace","linear",400,35,0.397345928616806
"sir_collapsed","linear",400,35,0.389653016217176
"stan","linear",400,35,0.401058138418596
"montoril","quadratic",400,35,0.405775013163791
"pg_apf","quadratic",400,35,0.396303468799283
"sir_laplace","quadratic",400,35,0.392759417234924
"sir_collapsed","quadratic",400,35,0.388120586655216
"stan","quadratic",400,35,0.398054885345445
"montoril","sinusoidal",400,35,0.406797424096578
"pg_apf","sinusoidal",400,35,0.403834032734842
"sir_laplace","sinusoidal",400,35,0.399558985686326
"sir_collapsed","sinusoidal",400,35,0.393879787941902
"stan","sinusoidal",400,35,0.405358995610673
"montoril","constant",800,35,0.554512208110893
"pg_apf","constant",800,35,0.558746272334121
"sir_laplace","constant",800,35,0.557163743265882
"sir_collapsed","constant",800,35,0.559529637821202
"stan","constant",800,35,0.557426956642906
"montoril","linear",800,35,0.333419631850944
"pg_apf","linear",800,35,0.331541478295852
"sir_laplace","linear",800,35,0.331079965657387
"sir_collapsed","linear",800,35,0.336483565135512
"stan","linear",800,35,0.332260069012486
"montoril","quadratic",800,35,0.321375827721761
"pg_apf","quadratic",800,35,0.315675455766102
"sir_laplace","quadratic",800,35,0.316829448014854
"sir_collapsed","quadratic",800,35,0.321725595126796
"stan","quadratic",800,35,0.319428673391471
"montoril","sinusoidal",800,35,0.362541466133397
"pg_apf","sinusoidal",800,35,0.343628664154354
"sir_laplace","sinusoidal",800,35,0.344745024467992
"sir_collapsed","sinusoidal",800,35,0.346846251550781
"stan","sinusoidal",800,35,0.343613978498321
"montoril","constant",1600,35,0.452563117593048
"pg_apf","constant",1600,35,0.453526596063896
"sir_laplace","constant",1600,35,0.452412468283088
"sir_collapsed","constant",1600,35,0.453510408686682
"stan","constant",1600,35,0.453828311139964
"montoril","linear",1600,35,0.329927537986097
"pg_apf","linear",1600,35,0.326820076468075
"sir_laplace","linear",1600,35,0.328913054307075
"sir_collapsed","linear",1600,35,0.330639747929249
"stan","linear",1600,35,0.328179747081281
"montoril","quadratic",1600,35,0.338992226281134
"pg_apf","quadratic",1600,35,0.331171318849228
"sir_laplace","quadratic",1600,35,0.332802719240108
"sir_collapsed","quadratic",1600,35,0.335495938355644
"stan","quadratic",1600,35,0.334873163824837
"montoril","sinusoidal",1600,35,0.353830345301726
"pg_apf","sinusoidal",1600,35,0.340336742021887
"sir_laplace","sinusoidal",1600,35,0.344310630484314
"sir_collapsed","sinusoidal",1600,35,0.344084442280861
"stan","sinusoidal",1600,35,0.34623761461928
"montoril","constant",200,36,0.869895508263389
"pg_apf","constant",200,36,0.878480983116176
"sir_laplace","constant",200,36,0.870630341046402
"sir_collapsed","constant",200,36,0.868348067730793
"stan","constant",200,36,0.872528742389576
"montoril","linear",200,36,0.443692541331137
"pg_apf","linear",200,36,0.428792940206371
"sir_laplace","linear",200,36,0.435330277254793
"sir_collapsed","linear",200,36,0.447553167114743
"stan","linear",200,36,0.433328411516753
"montoril","quadratic",200,36,0.423336896588043
"pg_apf","quadratic",200,36,0.417810127650991
"sir_laplace","quadratic",200,36,0.43290194714211
"sir_collapsed","quadratic",200,36,0.437901121965622
"stan","quadratic",200,36,0.427790792721222
"montoril","sinusoidal",200,36,0.521205403724035
"pg_apf","sinusoidal",200,36,0.510175997233708
"sir_laplace","sinusoidal",200,36,0.505137832748129
"sir_collapsed","sinusoidal",200,36,0.517929851140101
"stan","sinusoidal",200,36,0.506904444872926
"montoril","constant",400,36,0.742599576949124
"pg_apf","constant",400,36,0.757662359895839
"sir_laplace","constant",400,36,0.751877297576535
"sir_collapsed","constant",400,36,0.74810739995286
"stan","constant",400,36,0.752794750015348
"montoril","linear",400,36,0.499174015377947
"pg_apf","linear",400,36,0.501121589657023
"sir_laplace","linear",400,36,0.499249322573183
"sir_collapsed","linear",400,36,0.507108469821593
"stan","linear",400,36,0.502382676215724
"montoril","quadratic",400,36,0.509686821282168
"pg_apf","quadratic",400,36,0.51113142238611
"sir_laplace","quadratic",400,36,0.512970393088195
"sir_collapsed","quadratic",400,36,0.515437040320133
"stan","quadratic",400,36,0.512959157915392
"montoril","sinusoidal",400,36,0.493858656487383
"pg_apf","sinusoidal",400,36,0.494401885796887
"sir_laplace","sinusoidal",400,36,0.494034314299569
"sir_collapsed","sinusoidal",400,36,0.495254729935961
"stan","sinusoidal",400,36,0.498231897815672
"montoril","constant",800,36,0.572937010927474
"pg_apf","constant",800,36,0.577316412390157
"sir_laplace","constant",800,36,0.575076519637423
"sir_collapsed","constant",800,36,0.576919896411132
"stan","constant",800,36,0.573683995713672
"montoril","linear",800,36,0.351853068914892
"pg_apf","linear",800,36,0.352107582236937
"sir_laplace","linear",800,36,0.351401057964408
"sir_collapsed","linear",800,36,0.356202115224729
"stan","linear",800,36,0.354025819238316
"montoril","quadratic",800,36,0.372111767393817
"pg_apf","quadratic",800,36,0.362251018379957
"sir_laplace","quadratic",800,36,0.365395148862711
"sir_collapsed","quadratic",800,36,0.367571186966461
"stan","quadratic",800,36,0.36568805881329
"montoril","sinusoidal",800,36,0.377444712416092
"pg_apf","sinusoidal",800,36,0.381325573348975
"sir_laplace","sinusoidal",800,36,0.385770654435785
"sir_collapsed","sinusoidal",800,36,0.387967035284652
"stan","sinusoidal",800,36,0.386475326937005
"montoril","constant",1600,36,0.439786722808183
"pg_apf","constant",1600,36,0.442726431559191
"sir_laplace","constant",1600,36,0.441481045985316
"sir_collapsed","constant",1600,36,0.443958022408311
"stan","constant",1600,36,0.438821660276973
"montoril","linear",1600,36,0.323543135450053
"pg_apf","linear",1600,36,0.319902012836649
"sir_laplace","linear",1600,36,0.324364435941805
"sir_collapsed","linear",1600,36,0.326562765034192
"stan","linear",1600,36,0.322184846489326
"montoril","quadratic",1600,36,0.327866864499084
"pg_apf","quadratic",1600,36,0.325246707365967
"sir_laplace","quadratic",1600,36,0.327174842945948
"sir_collapsed","quadratic",1600,36,0.331098290413143
"stan","quadratic",1600,36,0.327504038565157
"montoril","sinusoidal",1600,36,0.331091217064623
"pg_apf","sinusoidal",1600,36,0.325455182587323
"sir_laplace","sinusoidal",1600,36,0.325723837718093
"sir_collapsed","sinusoidal",1600,36,0.332964234700204
"stan","sinusoidal",1600,36,0.325865040498426
"montoril","constant",200,37,0.801358620832575
"pg_apf","constant",200,37,0.798300053526091
"sir_laplace","constant",200,37,0.788705407611618
"sir_collapsed","constant",200,37,0.779819196406214
"stan","constant",200,37,0.798786567224588
"montoril","linear",200,37,0.490066614746295
"pg_apf","linear",200,37,0.487672261996312
"sir_laplace","linear",200,37,0.481002539889636
"sir_collapsed","linear",200,37,0.470378117371889
"stan","linear",200,37,0.484319918199942
"montoril","quadratic",200,37,0.498383092070405
"pg_apf","quadratic",200,37,0.514379182897255
"sir_laplace","quadratic",200,37,0.509669977413211
"sir_collapsed","quadratic",200,37,0.501302091163492
"stan","quadratic",200,37,0.514736282212347
"montoril","sinusoidal",200,37,0.431578578119515
"pg_apf","sinusoidal",200,37,0.419701808636514
"sir_laplace","sinusoidal",200,37,0.416470350143818
"sir_collapsed","sinusoidal",200,37,0.408151039717286
"stan","sinusoidal",200,37,0.420932827127709
"montoril","constant",400,37,0.691393017079316
"pg_apf","constant",400,37,0.688365585079756
"sir_laplace","constant",400,37,0.682037969572905
"sir_collapsed","constant",400,37,0.680574258418302
"stan","constant",400,37,0.685238522289726
"montoril","linear",400,37,0.311145645262376
"pg_apf","linear",400,37,0.302517645810976
"sir_laplace","linear",400,37,0.302889132480619
"sir_collapsed","linear",400,37,0.303198605995448
"stan","linear",400,37,0.300746288000121
"montoril","quadratic",400,37,0.323763408687778
"pg_apf","quadratic",400,37,0.32985669114587
"sir_laplace","quadratic",400,37,0.327455111778601
"sir_collapsed","quadratic",400,37,0.327787403843712
"stan","quadratic",400,37,0.333950201429038
"montoril","sinusoidal",400,37,0.365150355299697
"pg_apf","sinusoidal",400,37,0.365413779060919
"sir_laplace","sinusoidal",400,37,0.366384498670044
"sir_collapsed","sinusoidal",400,37,0.369086567719573
"stan","sinusoidal",400,37,0.366447066892388
"montoril","constant",800,37,0.543950796794191
"pg_apf","constant",800,37,0.538943856605975
"sir_laplace","constant",800,37,0.539816088079439
"sir_collapsed","constant",800,37,0.540425780362233
"stan","constant",800,37,0.539984188948592
"montoril","linear",800,37,0.327997810818564
"pg_apf","linear",800,37,0.326149468787543
"sir_laplace","linear",800,37,0.326926631143368
"sir_collapsed","linear",800,37,0.330448066316477
"stan","linear",800,37,0.328123915899147
"montoril","quadratic",800,37,0.32405698630223
"pg_apf","quadratic",800,37,0.317167558151502
"sir_laplace","quadratic",800,37,0.320768296715217
"sir_collapsed","quadratic",800,37,0.321888498719854
"stan","quadratic",800,37,0.319498054804485
"montoril","sinusoidal",800,37,0.353219430953674
"pg_apf","sinusoidal",800,37,0.345563593110883
"sir_laplace","sinusoidal",800,37,0.346269267155868
"sir_collapsed","sinusoidal",800,37,0.344395848595134
"stan","sinusoidal",800,37,0.345065936755275
"montoril","constant",1600,37,0.468470863076135
"pg_apf","constant",1600,37,0.467118613142257
"sir_laplace","constant",1600,37,0.468045903645243
"sir_collapsed","constant",1600,37,0.47097075561235
"stan","constant",1600,37,0.466179651960247
"montoril","linear",1600,37,0.343886829662838
"pg_apf","linear",1600,37,0.337825034466054
"sir_laplace","linear",1600,37,0.338028705904919
"sir_collapsed","linear",1600,37,0.340923863117802
"stan","linear",1600,37,0.33813869735962
"montoril","quadratic",1600,37,0.339512440470841
"pg_apf","quadratic",1600,37,0.334617052521635
"sir_laplace","quadratic",1600,37,0.33687147365899
"sir_collapsed","quadratic",1600,37,0.337407475605517
"stan","quadratic",1600,37,0.33604583848038
"montoril","sinusoidal",1600,37,0.376524438555694
"pg_apf","sinusoidal",1600,37,0.374720806793731
"sir_laplace","sinusoidal",1600,37,0.378157725077075
"sir_collapsed","sinusoidal",1600,37,0.378782939076058
"stan","sinusoidal",1600,37,0.376829074451886
"montoril","constant",200,38,0.735161430282175
"pg_apf","constant",200,38,0.72866046232928
"sir_laplace","constant",200,38,0.728167259762748
"sir_collapsed","constant",200,38,0.72743607813038
"stan","constant",200,38,0.72781213171892
"montoril","linear",200,38,0.369646451961662
"pg_apf","linear",200,38,0.360949865309687
"sir_laplace","linear",200,38,0.366954666464886
"sir_collapsed","linear",200,38,0.374882911997389
"stan","linear",200,38,0.367468617971775
"montoril","quadratic",200,38,0.429715095596621
"pg_apf","quadratic",200,38,0.409636215594515
"sir_laplace","quadratic",200,38,0.411057327071359
"sir_collapsed","quadratic",200,38,0.412448753163553
"stan","quadratic",200,38,0.414768243050791
"montoril","sinusoidal",200,38,0.353473815334674
"pg_apf","sinusoidal",200,38,0.344235743366755
"sir_laplace","sinusoidal",200,38,0.348226223809478
"sir_collapsed","sinusoidal",200,38,0.357542010610186
"stan","sinusoidal",200,38,0.348512501914442
"montoril","constant",400,38,0.667289081916348
"pg_apf","constant",400,38,0.67030661400156
"sir_laplace","constant",400,38,0.675761087458848
"sir_collapsed","constant",400,38,0.678679858277763
"stan","constant",400,38,0.6747856966503
"montoril","linear",400,38,0.410703171886406
"pg_apf","linear",400,38,0.416049681277807
"sir_laplace","linear",400,38,0.41719577143649
"sir_collapsed","linear",400,38,0.421652590947436
"stan","linear",400,38,0.418085304746012
"montoril","quadratic",400,38,0.445812260756134
"pg_apf","quadratic",400,38,0.453515473739868
"sir_laplace","quadratic",400,38,0.452849538025348
"sir_collapsed","quadratic",400,38,0.454000192812543
"stan","quadratic",400,38,0.453513692420257
"montoril","sinusoidal",400,38,0.464358923692483
"pg_apf","sinusoidal",400,38,0.471423328139117
"sir_laplace","sinusoidal",400,38,0.473492986409868
"sir_collapsed","sinusoidal",400,38,0.47872233928602
"stan","sinusoidal",400,38,0.471692150188663
"montoril","constant",800,38,0.532031158753043
"pg_apf","constant",800,38,0.536614918137949
"sir_laplace","constant",800,38,0.534412050453427
"sir_collapsed","constant",800,38,0.53422495037014
"stan","constant",800,38,0.536147329814099
"montoril","linear",800,38,0.333589554884966
"pg_apf","linear",800,38,0.32555248256085
"sir_laplace","linear",800,38,0.325498604185226
"sir_collapsed","linear",800,38,0.330990165055318
"stan","linear",800,38,0.327600761959359
"montoril","quadratic",800,38,0.319359523564469
"pg_apf","quadratic",800,38,0.309189176739615
"sir_laplace","quadratic",800,38,0.31154818060144
"sir_collapsed","quadratic",800,38,0.312927689408832
"stan","quadratic",800,38,0.312386804381021
"montoril","sinusoidal",800,38,0.305785830147147
"pg_apf","sinusoidal",800,38,0.298545627079489
"sir_laplace","sinusoidal",800,38,0.297316566412293
"sir_collapsed","sinusoidal",800,38,0.301367405194702
"stan","sinusoidal",800,38,0.299865910149869
"montoril","constant",1600,38,0.489485898457439
"pg_apf","constant",1600,38,0.489184276958377
"sir_laplace","constant",1600,38,0.485262685992647
"sir_collapsed","constant",1600,38,0.485821232489741
"stan","constant",1600,38,0.487319123081429
"montoril","linear",1600,38,0.288363237060388
"pg_apf","linear",1600,38,0.288332422811173
"sir_laplace","linear",1600,38,0.28746721618409
"sir_collapsed","linear",1600,38,0.285675276213277
"stan","linear",1600,38,0.289974158802444
"montoril","quadratic",1600,38,0.282041747678076
"pg_apf","quadratic",1600,38,0.275424491773568
"sir_laplace","quadratic",1600,38,0.277258158837967
"sir_collapsed","quadratic",1600,38,0.275167397864841
"stan","quadratic",1600,38,0.277595925482779
"montoril","sinusoidal",1600,38,0.298126672264166
"pg_apf","sinusoidal",1600,38,0.294046381462166
"sir_laplace","sinusoidal",1600,38,0.292788066835615
"sir_collapsed","sinusoidal",1600,38,0.296671642722807
"stan","sinusoidal",1600,38,0.296591031118528
"montoril","constant",200,39,0.735839652246113
"pg_apf","constant",200,39,0.733986098076292
"sir_laplace","constant",200,39,0.730928292589383
"sir_collapsed","constant",200,39,0.73194088886646
"stan","constant",200,39,0.73816889043968
"montoril","linear",200,39,0.396520228857969
"pg_apf","linear",200,39,0.390477211972681
"sir_laplace","linear",200,39,0.389377204069034
"sir_collapsed","linear",200,39,0.397845088030725
"stan","linear",200,39,0.395851089541569
"montoril","quadratic",200,39,0.431374301511767
"pg_apf","quadratic",200,39,0.436043446859692
"sir_laplace","quadratic",200,39,0.431046996640234
"sir_collapsed","quadratic",200,39,0.433669011776116
"stan","quadratic",200,39,0.437554077198953
"montoril","sinusoidal",200,39,0.344307171730796
"pg_apf","sinusoidal",200,39,0.354387134115087
"sir_laplace","sinusoidal",200,39,0.35719655872537
"sir_collapsed","sinusoidal",200,39,0.36550760485731
"stan","sinusoidal",200,39,0.360572561441135
"montoril","constant",400,39,0.683675861937534
"pg_apf","constant",400,39,0.676874796501079
"sir_laplace","constant",400,39,0.680313517120986
"sir_collapsed","constant",400,39,0.678644481684785
"stan","constant",400,39,0.678827991027042
"montoril","linear",400,39,0.36249851613346
"pg_apf","linear",400,39,0.351658302212632
"sir_laplace","linear",400,39,0.36437691954958
"sir_collapsed","linear",400,39,0.366331528748388
"stan","linear",400,39,0.358661810071701
"montoril","quadratic",400,39,0.406085142121364
"pg_apf","quadratic",400,39,0.393210177666637
"sir_laplace","quadratic",400,39,0.402993741364979
"sir_collapsed","quadratic",400,39,0.4045263892081
"stan","quadratic",400,39,0.402888122976629
"montoril","sinusoidal",400,39,0.405322934670662
"pg_apf","sinusoidal",400,39,0.392561823809666
"sir_laplace","sinusoidal",400,39,0.397145085489249
"sir_collapsed","sinusoidal",400,39,0.40953895791914
"stan","sinusoidal",400,39,0.403006773725096
"montoril","constant",800,39,0.503375235542109
"pg_apf","constant",800,39,0.498044620294056
"sir_laplace","constant",800,39,0.498472689384194
"sir_collapsed","constant",800,39,0.499732785316985
"stan","constant",800,39,0.497476333431877
"montoril","linear",800,39,0.268109576770304
"pg_apf","linear",800,39,0.275342418038152
"sir_laplace","linear",800,39,0.275592798269865
"sir_collapsed","linear",800,39,0.282035725500443
"stan","linear",800,39,0.273728893945597
"montoril","quadratic",800,39,0.256018439931127
"pg_apf","quadratic",800,39,0.250306444118068
"sir_laplace","quadratic",800,39,0.258289441759139
"sir_collapsed","quadratic",800,39,0.262085270059113
"stan","quadratic",800,39,0.253518037933713
"montoril","sinusoidal",800,39,0.26171458365506
"pg_apf","sinusoidal",800,39,0.265854683343392
"sir_laplace","sinusoidal",800,39,0.271490035138907
"sir_collapsed","sinusoidal",800,39,0.273205790440108
"stan","sinusoidal",800,39,0.268674514522481
"montoril","constant",1600,39,0.417759956287678
"pg_apf","constant",1600,39,0.414578471834716
"sir_laplace","constant",1600,39,0.414592290520831
"sir_collapsed","constant",1600,39,0.41683489613457
"stan","constant",1600,39,0.41308146556113
"montoril","linear",1600,39,0.267253551519415
"pg_apf","linear",1600,39,0.266717005772995
"sir_laplace","linear",1600,39,0.270068925649923
"sir_collapsed","linear",1600,39,0.274352260883088
"stan","linear",1600,39,0.267203269970474
"montoril","quadratic",1600,39,0.261317613045645
"pg_apf","quadratic",1600,39,0.259000858121502
"sir_laplace","quadratic",1600,39,0.26301281230362
"sir_collapsed","quadratic",1600,39,0.264798418960824
"stan","quadratic",1600,39,0.259631123052751
"montoril","sinusoidal",1600,39,0.254252149946269
"pg_apf","sinusoidal",1600,39,0.243728697125981
"sir_laplace","sinusoidal",1600,39,0.246247289502389
"sir_collapsed","sinusoidal",1600,39,0.249356776553842
"stan","sinusoidal",1600,39,0.24435665521187
"montoril","constant",200,40,0.815470798390282
"pg_apf","constant",200,40,0.817427725462276
"sir_laplace","constant",200,40,0.819569901773136
"sir_collapsed","constant",200,40,0.811395431120291
"stan","constant",200,40,0.816301274447809
"montoril","linear",200,40,0.525621661535537
"pg_apf","linear",200,40,0.513416558501036
"sir_laplace","linear",200,40,0.512044309642426
"sir_collapsed","linear",200,40,0.506174351051928
"stan","linear",200,40,0.514408220757895
"montoril","quadratic",200,40,0.516523888437712
"pg_apf","quadratic",200,40,0.529557418871222
"sir_laplace","quadratic",200,40,0.527583079482836
"sir_collapsed","quadratic",200,40,0.527771093392377
"stan","quadratic",200,40,0.527380882535368
"montoril","sinusoidal",200,40,0.463927281308447
"pg_apf","sinusoidal",200,40,0.444817058409158
"sir_laplace","sinusoidal",200,40,0.447011787624415
"sir_collapsed","sinusoidal",200,40,0.447076636955412
"stan","sinusoidal",200,40,0.447055699554997
"montoril","constant",400,40,0.623932915487155
"pg_apf","constant",400,40,0.622429297068626
"sir_laplace","constant",400,40,0.626176582484153
"sir_collapsed","constant",400,40,0.628517419371958
"stan","constant",400,40,0.626131640713296
"montoril","linear",400,40,0.328625081787605
"pg_apf","linear",400,40,0.32697396823072
"sir_laplace","linear",400,40,0.331065447879781
"sir_collapsed","linear",400,40,0.336304993396994
"stan","linear",400,40,0.328167709538114
"montoril","quadratic",400,40,0.33741735790078
"pg_apf","quadratic",400,40,0.326957078885425
"sir_laplace","quadratic",400,40,0.327375245280971
"sir_collapsed","quadratic",400,40,0.33192872336588
"stan","quadratic",400,40,0.32846929258008
"montoril","sinusoidal",400,40,0.317086002498182
"pg_apf","sinusoidal",400,40,0.317691446160492
"sir_laplace","sinusoidal",400,40,0.315237372302891
"sir_collapsed","sinusoidal",400,40,0.323861106726251
"stan","sinusoidal",400,40,0.319372605494141
"montoril","constant",800,40,0.582741193585737
"pg_apf","constant",800,40,0.57858534157475
"sir_laplace","constant",800,40,0.576856208576939
"sir_collapsed","constant",800,40,0.575627420103192
"stan","constant",800,40,0.578667715626691
"montoril","linear",800,40,0.303775744559581
"pg_apf","linear",800,40,0.309710602870338
"sir_laplace","linear",800,40,0.305371557609467
"sir_collapsed","linear",800,40,0.312043961774259
"stan","linear",800,40,0.310256702165449
"montoril","quadratic",800,40,0.286164193419289
"pg_apf","quadratic",800,40,0.292480003530078
"sir_laplace","quadratic",800,40,0.29095895455769
"sir_collapsed","quadratic",800,40,0.29576806133191
"stan","quadratic",800,40,0.294260519261659
"montoril","sinusoidal",800,40,0.340243889616928
"pg_apf","sinusoidal",800,40,0.345334083376304
"sir_laplace","sinusoidal",800,40,0.345129726727075
"sir_collapsed","sinusoidal",800,40,0.348118700270532
"stan","sinusoidal",800,40,0.350335658608395
"montoril","constant",1600,40,0.481102090879923
"pg_apf","constant",1600,40,0.48417120766372
"sir_laplace","constant",1600,40,0.483244769663015
"sir_collapsed","constant",1600,40,0.484843337456487
"stan","constant",1600,40,0.482489761526735
"montoril","linear",1600,40,0.314461403974604
"pg_apf","linear",1600,40,0.307944595924746
"sir_laplace","linear",1600,40,0.311892958458404
"sir_collapsed","linear",1600,40,0.315748835659009
"stan","linear",1600,40,0.30862573193372
"montoril","quadratic",1600,40,0.302127233773527
"pg_apf","quadratic",1600,40,0.292099365476413
"sir_laplace","quadratic",1600,40,0.295022994388568
"sir_collapsed","quadratic",1600,40,0.300045752890175
"stan","quadratic",1600,40,0.29523221695894
"montoril","sinusoidal",1600,40,0.335052652097272
"pg_apf","sinusoidal",1600,40,0.331808505461541
"sir_laplace","sinusoidal",1600,40,0.333723936946156
"sir_collapsed","sinusoidal",1600,40,0.33948607720266
"stan","sinusoidal",1600,40,0.334366083491655
"montoril","constant",200,41,0.716874808964641
"pg_apf","constant",200,41,0.715394628226817
"sir_laplace","constant",200,41,0.71467972566802
"sir_collapsed","constant",200,41,0.720646826727742
"stan","constant",200,41,0.712896435942766
"montoril","linear",200,41,0.379646763611219
"pg_apf","linear",200,41,0.38765565545582
"sir_laplace","linear",200,41,0.388312239528583
"sir_collapsed","linear",200,41,0.390494358520738
"stan","linear",200,41,0.389668135269142
"montoril","quadratic",200,41,0.467226452094755
"pg_apf","quadratic",200,41,0.453672370661069
"sir_laplace","quadratic",200,41,0.453717783787759
"sir_collapsed","quadratic",200,41,0.456005854983662
"stan","quadratic",200,41,0.455232267360658
"montoril","sinusoidal",200,41,0.414120899361015
"pg_apf","sinusoidal",200,41,0.410554605025808
"sir_laplace","sinusoidal",200,41,0.406668547460578
"sir_collapsed","sinusoidal",200,41,0.414400243897866
"stan","sinusoidal",200,41,0.40630246613308
"montoril","constant",400,41,0.590674646891393
"pg_apf","constant",400,41,0.590076845922541
"sir_laplace","constant",400,41,0.591009409866664
"sir_collapsed","constant",400,41,0.595521494705355
"stan","constant",400,41,0.589569436795096
"montoril","linear",400,41,0.334782359234229
"pg_apf","linear",400,41,0.349003233750566
"sir_laplace","linear",400,41,0.350245398462236
"sir_collapsed","linear",400,41,0.353550268597462
"stan","linear",400,41,0.348446740440217
"montoril","quadratic",400,41,0.388865019226107
"pg_apf","quadratic",400,41,0.381028982882043
"sir_laplace","quadratic",400,41,0.380532569669134
"sir_collapsed","quadratic",400,41,0.388925920249343
"stan","quadratic",400,41,0.381010304857889
"montoril","sinusoidal",400,41,0.3977476958782
"pg_apf","sinusoidal",400,41,0.391537806615803
"sir_laplace","sinusoidal",400,41,0.399505864863269
"sir_collapsed","sinusoidal",400,41,0.40016564847775
"stan","sinusoidal",400,41,0.393975297250948
"montoril","constant",800,41,0.588390839647466
"pg_apf","constant",800,41,0.586217766044498
"sir_laplace","constant",800,41,0.585481197292656
"sir_collapsed","constant",800,41,0.585217350524758
"stan","constant",800,41,0.588281067626402
"montoril","linear",800,41,0.438717711891025
"pg_apf","linear",800,41,0.436137258753491
"sir_laplace","linear",800,41,0.438001839285418
"sir_collapsed","linear",800,41,0.438114835748072
"stan","linear",800,41,0.43754434657949
"montoril","quadratic",800,41,0.423592743369917
"pg_apf","quadratic",800,41,0.412210527571812
"sir_laplace","quadratic",800,41,0.415142092435684
"sir_collapsed","quadratic",800,41,0.417585384842191
"stan","quadratic",800,41,0.418497619022967
"montoril","sinusoidal",800,41,0.433751671098762
"pg_apf","sinusoidal",800,41,0.420083515643876
"sir_laplace","sinusoidal",800,41,0.423406284710349
"sir_collapsed","sinusoidal",800,41,0.425700936969396
"stan","sinusoidal",800,41,0.42402422284139
"montoril","constant",1600,41,0.529546522164456
"pg_apf","constant",1600,41,0.529605906024642
"sir_laplace","constant",1600,41,0.528993116246153
"sir_collapsed","constant",1600,41,0.526825523967259
"stan","constant",1600,41,0.530097157605366
"montoril","linear",1600,41,0.39521947194166
"pg_apf","linear",1600,41,0.387455865866682
"sir_laplace","linear",1600,41,0.390421436869287
"sir_collapsed","linear",1600,41,0.389369688314844
"stan","linear",1600,41,0.388541590014419
"montoril","quadratic",1600,41,0.378326741675232
"pg_apf","quadratic",1600,41,0.381458592436324
"sir_laplace","quadratic",1600,41,0.382477994905568
"sir_collapsed","quadratic",1600,41,0.383736205744564
"stan","quadratic",1600,41,0.386149216400531
"montoril","sinusoidal",1600,41,0.424525020168553
"pg_apf","sinusoidal",1600,41,0.416425162620381
"sir_laplace","sinusoidal",1600,41,0.419429053954589
"sir_collapsed","sinusoidal",1600,41,0.42080414279975
"stan","sinusoidal",1600,41,0.41998487780086
"montoril","constant",200,42,0.772154595518492
"pg_apf","constant",200,42,0.77310537725206
"sir_laplace","constant",200,42,0.770122698367472
"sir_collapsed","constant",200,42,0.767918038186113
"stan","constant",200,42,0.770197511179541
"montoril","linear",200,42,0.369369991900259
"pg_apf","linear",200,42,0.358550477537691
"sir_laplace","linear",200,42,0.356932569381047
"sir_collapsed","linear",200,42,0.362541647112601
"stan","linear",200,42,0.357716077921484
"montoril","quadratic",200,42,0.455496657989357
"pg_apf","quadratic",200,42,0.435984610782729
"sir_laplace","quadratic",200,42,0.441885501082246
"sir_collapsed","quadratic",200,42,0.444184339767602
"stan","quadratic",200,42,0.440200150300459
"montoril","sinusoidal",200,42,0.430070071220227
"pg_apf","sinusoidal",200,42,0.415300998064235
"sir_laplace","sinusoidal",200,42,0.409852980917913
"sir_collapsed","sinusoidal",200,42,0.423153857561564
"stan","sinusoidal",200,42,0.413513652105499
"montoril","constant",400,42,0.668313953507463
"pg_apf","constant",400,42,0.672459504821123
"sir_laplace","constant",400,42,0.679123097507349
"sir_collapsed","constant",400,42,0.687135780980566
"stan","constant",400,42,0.672501648635042
"montoril","linear",400,42,0.48577034221494
"pg_apf","linear",400,42,0.468611996411597
"sir_laplace","linear",400,42,0.478325288069305
"sir_collapsed","linear",400,42,0.487724479226018
"stan","linear",400,42,0.47069914151979
"montoril","quadratic",400,42,0.458080002162439
"pg_apf","quadratic",400,42,0.453080821796669
"sir_laplace","quadratic",400,42,0.460494325247929
"sir_collapsed","quadratic",400,42,0.469192829092098
"stan","quadratic",400,42,0.455210965666218
"montoril","sinusoidal",400,42,0.543043259048487
"pg_apf","sinusoidal",400,42,0.540017603704566
"sir_laplace","sinusoidal",400,42,0.548218393514207
"sir_collapsed","sinusoidal",400,42,0.559675750346239
"stan","sinusoidal",400,42,0.542318780849155
"montoril","constant",800,42,0.516820623481394
"pg_apf","constant",800,42,0.523850579098718
"sir_laplace","constant",800,42,0.518877194683824
"sir_collapsed","constant",800,42,0.518974864182879
"stan","constant",800,42,0.519769717606283
"montoril","linear",800,42,0.386129514005974
"pg_apf","linear",800,42,0.389689076116421
"sir_laplace","linear",800,42,0.392512340209614
"sir_collapsed","linear",800,42,0.399698782199393
"stan","linear",800,42,0.390699364716517
"montoril","quadratic",800,42,0.404404284566018
"pg_apf","quadratic",800,42,0.400210382777608
"sir_laplace","quadratic",800,42,0.403687219697019
"sir_collapsed","quadratic",800,42,0.405377024122652
"stan","quadratic",800,42,0.401865890772114
"montoril","sinusoidal",800,42,0.407663923837942
"pg_apf","sinusoidal",800,42,0.399179890377278
"sir_laplace","sinusoidal",800,42,0.40482998584053
"sir_collapsed","sinusoidal",800,42,0.406907213266683
"stan","sinusoidal",800,42,0.402888878407966
"montoril","constant",1600,42,0.440284255530657
"pg_apf","constant",1600,42,0.444014813890208
"sir_laplace","constant",1600,42,0.439825991107429
"sir_collapsed","constant",1600,42,0.438072730705957
"stan","constant",1600,42,0.442079380070476
"montoril","linear",1600,42,0.30940421425114
"pg_apf","linear",1600,42,0.299690991027261
"sir_laplace","linear",1600,42,0.300863036580302
"sir_collapsed","linear",1600,42,0.299530089991456
"stan","linear",1600,42,0.301948821697545
"montoril","quadratic",1600,42,0.297757838375425
"pg_apf","quadratic",1600,42,0.285663971144477
"sir_laplace","quadratic",1600,42,0.287208582408714
"sir_collapsed","quadratic",1600,42,0.288180184143823
"stan","quadratic",1600,42,0.287406290720322
"montoril","sinusoidal",1600,42,0.31754552010132
"pg_apf","sinusoidal",1600,42,0.305480225204187
"sir_laplace","sinusoidal",1600,42,0.30678450071317
"sir_collapsed","sinusoidal",1600,42,0.305621416890078
"stan","sinusoidal",1600,42,0.307274432505376
"montoril","constant",200,43,0.743007813132291
"pg_apf","constant",200,43,0.740865751190693
"sir_laplace","constant",200,43,0.73485628318486
"sir_collapsed","constant",200,43,0.736104513529647
"stan","constant",200,43,0.733000927730128
"montoril","linear",200,43,0.334874113577272
"pg_apf","linear",200,43,0.344670958809303
"sir_laplace","linear",200,43,0.343226714036669
"sir_collapsed","linear",200,43,0.350733346939078
"stan","linear",200,43,0.348259695334566
"montoril","quadratic",200,43,0.404214024065074
"pg_apf","quadratic",200,43,0.398182611860095
"sir_laplace","quadratic",200,43,0.400645895386498
"sir_collapsed","quadratic",200,43,0.399563125496634
"stan","quadratic",200,43,0.402367914900298
"montoril","sinusoidal",200,43,0.362744614207743
"pg_apf","sinusoidal",200,43,0.361857962393619
"sir_laplace","sinusoidal",200,43,0.360792146455104
"sir_collapsed","sinusoidal",200,43,0.36342042977299
"stan","sinusoidal",200,43,0.362352929916794
"montoril","constant",400,43,0.560174816915471
"pg_apf","constant",400,43,0.563582667114666
"sir_laplace","constant",400,43,0.564623451587402
"sir_collapsed","constant",400,43,0.568259271879627
"stan","constant",400,43,0.562795721805599
"montoril","linear",400,43,0.414861100605434
"pg_apf","linear",400,43,0.414348987956395
"sir_laplace","linear",400,43,0.420262744374783
"sir_collapsed","linear",400,43,0.426796418260987
"stan","linear",400,43,0.41141665599431
"montoril","quadratic",400,43,0.426893755090233
"pg_apf","quadratic",400,43,0.413650835183808
"sir_laplace","quadratic",400,43,0.417847476377172
"sir_collapsed","quadratic",400,43,0.425755027162359
"stan","quadratic",400,43,0.416436838115605
"montoril","sinusoidal",400,43,0.410109968693245
"pg_apf","sinusoidal",400,43,0.405707778950961
"sir_laplace","sinusoidal",400,43,0.406285040928281
"sir_collapsed","sinusoidal",400,43,0.418487976462263
"stan","sinusoidal",400,43,0.4065997226832
"montoril","constant",800,43,0.558333617907349
"pg_apf","constant",800,43,0.55587345743749
"sir_laplace","constant",800,43,0.564039872250154
"sir_collapsed","constant",800,43,0.563173381288099
"stan","constant",800,43,0.559071614959782
"montoril","linear",800,43,0.340946821911394
"pg_apf","linear",800,43,0.341693518251202
"sir_laplace","linear",800,43,0.342621327968077
"sir_collapsed","linear",800,43,0.34891773240922
"stan","linear",800,43,0.342565684455043
"montoril","quadratic",800,43,0.341378422996885
"pg_apf","quadratic",800,43,0.343152692657602
"sir_laplace","quadratic",800,43,0.348443032631398
"sir_collapsed","quadratic",800,43,0.350211953544613
"stan","quadratic",800,43,0.34488528481566
"montoril","sinusoidal",800,43,0.385505944436764
"pg_apf","sinusoidal",800,43,0.379949497018935
"sir_laplace","sinusoidal",800,43,0.388285399127819
"sir_collapsed","sinusoidal",800,43,0.392475562041858
"stan","sinusoidal",800,43,0.383401508526869
"montoril","constant",1600,43,0.475437464418721
"pg_apf","constant",1600,43,0.474310350065668
"sir_laplace","constant",1600,43,0.475362737043219
"sir_collapsed","constant",1600,43,0.473142133955047
"stan","constant",1600,43,0.476139784339317
"montoril","linear",1600,43,0.31029688108039
"pg_apf","linear",1600,43,0.309991429788175
"sir_laplace","linear",1600,43,0.31013813733183
"sir_collapsed","linear",1600,43,0.316060846623837
"stan","linear",1600,43,0.31238149412751
"montoril","quadratic",1600,43,0.307894331388806
"pg_apf","quadratic",1600,43,0.304276402917484
"sir_laplace","quadratic",1600,43,0.305601448400612
"sir_collapsed","quadratic",1600,43,0.306761579278044
"stan","quadratic",1600,43,0.305829276859871
"montoril","sinusoidal",1600,43,0.323046201675127
"pg_apf","sinusoidal",1600,43,0.326168590555228
"sir_laplace","sinusoidal",1600,43,0.328347175673644
"sir_collapsed","sinusoidal",1600,43,0.327696576940567
"stan","sinusoidal",1600,43,0.329259615822458
"montoril","constant",200,44,0.769375061691993
"pg_apf","constant",200,44,0.768756982765166
"sir_laplace","constant",200,44,0.759241609798775
"sir_collapsed","constant",200,44,0.759764667412822
"stan","constant",200,44,0.763845938304301
"montoril","linear",200,44,0.327103155932025
"pg_apf","linear",200,44,0.328294404474339
"sir_laplace","linear",200,44,0.331382575922202
"sir_collapsed","linear",200,44,0.336883747569098
"stan","linear",200,44,0.331539660673922
"montoril","quadratic",200,44,0.313112960065965
"pg_apf","quadratic",200,44,0.320809620298791
"sir_laplace","quadratic",200,44,0.317026679244075
"sir_collapsed","quadratic",200,44,0.316728843594594
"stan","quadratic",200,44,0.318877420812473
"montoril","sinusoidal",200,44,0.300974438918992
"pg_apf","sinusoidal",200,44,0.307193999752107
"sir_laplace","sinusoidal",200,44,0.309998668772943
"sir_collapsed","sinusoidal",200,44,0.306023204032521
"stan","sinusoidal",200,44,0.307578253932833
"montoril","constant",400,44,0.597931400486779
"pg_apf","constant",400,44,0.598965809842946
"sir_laplace","constant",400,44,0.595541401300698
"sir_collapsed","constant",400,44,0.59514541723472
"stan","constant",400,44,0.594328507547882
"montoril","linear",400,44,0.363495807652102
"pg_apf","linear",400,44,0.362944042122332
"sir_laplace","linear",400,44,0.360502115992995
"sir_collapsed","linear",400,44,0.36501099595885
"stan","linear",400,44,0.362220476346536
"montoril","quadratic",400,44,0.314233464343369
"pg_apf","quadratic",400,44,0.313255580477582
"sir_laplace","quadratic",400,44,0.318427303378999
"sir_collapsed","quadratic",400,44,0.322525237878815
"stan","quadratic",400,44,0.31420446703841
"montoril","sinusoidal",400,44,0.294279150589339
"pg_apf","sinusoidal",400,44,0.301276278594387
"sir_laplace","sinusoidal",400,44,0.303592450574806
"sir_collapsed","sinusoidal",400,44,0.308114400576396
"stan","sinusoidal",400,44,0.301116467424308
"montoril","constant",800,44,0.566979087362299
"pg_apf","constant",800,44,0.570684442719619
"sir_laplace","constant",800,44,0.566313683225847
"sir_collapsed","constant",800,44,0.565546028360323
"stan","constant",800,44,0.568777453960683
"montoril","linear",800,44,0.372072385651674
"pg_apf","linear",800,44,0.366760888607932
"sir_laplace","linear",800,44,0.368032850102126
"sir_collapsed","linear",800,44,0.372146337586702
"stan","linear",800,44,0.37009392050971
"montoril","quadratic",800,44,0.385238760301787
"pg_apf","quadratic",800,44,0.392260582404979
"sir_laplace","quadratic",800,44,0.394937755943601
"sir_collapsed","quadratic",800,44,0.397484082413801
"stan","quadratic",800,44,0.391200725204165
"montoril","sinusoidal",800,44,0.436908739519003
"pg_apf","sinusoidal",800,44,0.426284245965382
"sir_laplace","sinusoidal",800,44,0.428409029149209
"sir_collapsed","sinusoidal",800,44,0.428514987041259
"stan","sinusoidal",800,44,0.427875041385679
"montoril","constant",1600,44,0.476776846601524
"pg_apf","constant",1600,44,0.474568905041235
"sir_laplace","constant",1600,44,0.4731878377454
"sir_collapsed","constant",1600,44,0.47692068609794
"stan","constant",1600,44,0.473274000653484
"montoril","linear",1600,44,0.299973453912933
"pg_apf","linear",1600,44,0.298066707740305
"sir_laplace","linear",1600,44,0.299691589687273
"sir_collapsed","linear",1600,44,0.303883848394646
"stan","linear",1600,44,0.300243981075811
"montoril","quadratic",1600,44,0.288477080714251
"pg_apf","quadratic",1600,44,0.272865881941478
"sir_laplace","quadratic",1600,44,0.277195940545099
"sir_collapsed","quadratic",1600,44,0.280060664619982
"stan","quadratic",1600,44,0.27740262247977
"montoril","sinusoidal",1600,44,0.278786634081892
"pg_apf","sinusoidal",1600,44,0.278519455663266
"sir_laplace","sinusoidal",1600,44,0.283895409622536
"sir_collapsed","sinusoidal",1600,44,0.28666001468852
"stan","sinusoidal",1600,44,0.283661338076391
"montoril","constant",200,45,0.708212425959768
"pg_apf","constant",200,45,0.70312669979499
"sir_laplace","constant",200,45,0.704866755243095
"sir_collapsed","constant",200,45,0.700645454344773
"stan","constant",200,45,0.707197147487999
"montoril","linear",200,45,0.3652791816925
"pg_apf","linear",200,45,0.373836116461099
"sir_laplace","linear",200,45,0.372997418871384
"sir_collapsed","linear",200,45,0.371510435094299
"stan","linear",200,45,0.374118661184029
"montoril","quadratic",200,45,0.43167259320872
"pg_apf","quadratic",200,45,0.435205480116414
"sir_laplace","quadratic",200,45,0.439745550237163
"sir_collapsed","quadratic",200,45,0.432288095085174
"stan","quadratic",200,45,0.438100080975179
"montoril","sinusoidal",200,45,0.366847697140956
"pg_apf","sinusoidal",200,45,0.353498603863309
"sir_laplace","sinusoidal",200,45,0.358444062693246
"sir_collapsed","sinusoidal",200,45,0.36870489845597
"stan","sinusoidal",200,45,0.357509811671069
"montoril","constant",400,45,0.646103856834091
"pg_apf","constant",400,45,0.643258217933238
"sir_laplace","constant",400,45,0.637397784735352
"sir_collapsed","constant",400,45,0.636952341763126
"stan","constant",400,45,0.638993648248676
"montoril","linear",400,45,0.370290508044091
"pg_apf","linear",400,45,0.360344686161979
"sir_laplace","linear",400,45,0.362193260154979
"sir_collapsed","linear",400,45,0.370086020155461
"stan","linear",400,45,0.362284715925787
"montoril","quadratic",400,45,0.399190799597293
"pg_apf","quadratic",400,45,0.385125848832108
"sir_laplace","quadratic",400,45,0.384926403128275
"sir_collapsed","quadratic",400,45,0.393833276149295
"stan","quadratic",400,45,0.385540321153239
"montoril","sinusoidal",400,45,0.305496461658234
"pg_apf","sinusoidal",400,45,0.297828866938918
"sir_laplace","sinusoidal",400,45,0.302752345480653
"sir_collapsed","sinusoidal",400,45,0.310955179364287
"stan","sinusoidal",400,45,0.304785639863461
"montoril","constant",800,45,0.543928447501018
"pg_apf","constant",800,45,0.538350826528507
"sir_laplace","constant",800,45,0.537212005711131
"sir_collapsed","constant",800,45,0.537072393686159
"stan","constant",800,45,0.53900583702225
"montoril","linear",800,45,0.361517925197575
"pg_apf","linear",800,45,0.351892070640328
"sir_laplace","linear",800,45,0.355980892276237
"sir_collapsed","linear",800,45,0.357233336616262
"stan","linear",800,45,0.354945679434358
"montoril","quadratic",800,45,0.396214716401104
"pg_apf","quadratic",800,45,0.385701060409371
"sir_laplace","quadratic",800,45,0.383807941114804
"sir_collapsed","quadratic",800,45,0.388587205791922
"stan","quadratic",800,45,0.384155358309641
"montoril","sinusoidal",800,45,0.37308979749806
"pg_apf","sinusoidal",800,45,0.374589555722315
"sir_laplace","sinusoidal",800,45,0.379003464459869
"sir_collapsed","sinusoidal",800,45,0.378060143168883
"stan","sinusoidal",800,45,0.380763102673023
"montoril","constant",1600,45,0.490490546751548
"pg_apf","constant",1600,45,0.494890798787604
"sir_laplace","constant",1600,45,0.491386243176151
"sir_collapsed","constant",1600,45,0.492171873169802
"stan","constant",1600,45,0.491113175448621
"montoril","linear",1600,45,0.366269487189219
"pg_apf","linear",1600,45,0.351126529752666
"sir_laplace","linear",1600,45,0.350666895689215
"sir_collapsed","linear",1600,45,0.356022622752591
"stan","linear",1600,45,0.351158729404856
"montoril","quadratic",1600,45,0.360967811849542
"pg_apf","quadratic",1600,45,0.358568913076051
"sir_laplace","quadratic",1600,45,0.361483406237005
"sir_collapsed","quadratic",1600,45,0.364218827156855
"stan","quadratic",1600,45,0.360225179779346
"montoril","sinusoidal",1600,45,0.384164538230666
"pg_apf","sinusoidal",1600,45,0.373394553313697
"sir_laplace","sinusoidal",1600,45,0.374566506155427
"sir_collapsed","sinusoidal",1600,45,0.378357906598128
"stan","sinusoidal",1600,45,0.371487432745208
"montoril","constant",200,46,0.676781745747446
"pg_apf","constant",200,46,0.676523759568855
"sir_laplace","constant",200,46,0.683761365452939
"sir_collapsed","constant",200,46,0.689478219158577
"stan","constant",200,46,0.674576490352954
"montoril","linear",200,46,0.372623627440465
"pg_apf","linear",200,46,0.372508167703791
"sir_laplace","linear",200,46,0.377459997939279
"sir_collapsed","linear",200,46,0.388821499402511
"stan","linear",200,46,0.370260927092226
"montoril","quadratic",200,46,0.329205007233556
"pg_apf","quadratic",200,46,0.345198094150966
"sir_laplace","quadratic",200,46,0.347425607788573
"sir_collapsed","quadratic",200,46,0.363718502469401
"stan","quadratic",200,46,0.346430826399762
"montoril","sinusoidal",200,46,0.339465667144237
"pg_apf","sinusoidal",200,46,0.346072637436148
"sir_laplace","sinusoidal",200,46,0.353533686686283
"sir_collapsed","sinusoidal",200,46,0.366533513595404
"stan","sinusoidal",200,46,0.346424785667435
"montoril","constant",400,46,0.564277390479653
"pg_apf","constant",400,46,0.568605530180135
"sir_laplace","constant",400,46,0.567771319517861
"sir_collapsed","constant",400,46,0.573656186291449
"stan","constant",400,46,0.568729069732156
"montoril","linear",400,46,0.27853251716174
"pg_apf","linear",400,46,0.286679834494055
"sir_laplace","linear",400,46,0.290308103190555
"sir_collapsed","linear",400,46,0.297815371282985
"stan","linear",400,46,0.289675609196319
"montoril","quadratic",400,46,0.290696544161027
"pg_apf","quadratic",400,46,0.288704645385288
"sir_laplace","quadratic",400,46,0.29267551293657
"sir_collapsed","quadratic",400,46,0.29876207826877
"stan","quadratic",400,46,0.289606137255003
"montoril","sinusoidal",400,46,0.294388529239715
"pg_apf","sinusoidal",400,46,0.286049770476232
"sir_laplace","sinusoidal",400,46,0.294825419226315
"sir_collapsed","sinusoidal",400,46,0.296869136577912
"stan","sinusoidal",400,46,0.288574882581696
"montoril","constant",800,46,0.488678153589063
"pg_apf","constant",800,46,0.487077998953671
"sir_laplace","constant",800,46,0.488398488441584
"sir_collapsed","constant",800,46,0.489503180986419
"stan","constant",800,46,0.487206669916156
"montoril","linear",800,46,0.290855815325086
"pg_apf","linear",800,46,0.271802165680426
"sir_laplace","linear",800,46,0.273310524630364
"sir_collapsed","linear",800,46,0.277749747175106
"stan","linear",800,46,0.274059524076832
"montoril","quadratic",800,46,0.271186728111726
"pg_apf","quadratic",800,46,0.261800596784483
"sir_laplace","quadratic",800,46,0.262308922413089
"sir_collapsed","quadratic",800,46,0.266189609220091
"stan","quadratic",800,46,0.268092648350184
"montoril","sinusoidal",800,46,0.312089422613709
"pg_apf","sinusoidal",800,46,0.296033608643417
"sir_laplace","sinusoidal",800,46,0.297815671154265
"sir_collapsed","sinusoidal",800,46,0.297718892462194
"stan","sinusoidal",800,46,0.29701931289675
"montoril","constant",1600,46,0.51283255347381
"pg_apf","constant",1600,46,0.510469653570329
"sir_laplace","constant",1600,46,0.512481807593288
"sir_collapsed","constant",1600,46,0.513112780967982
"stan","constant",1600,46,0.511789541411477
"montoril","linear",1600,46,0.354209244811276
"pg_apf","linear",1600,46,0.351790613787274
"sir_laplace","linear",1600,46,0.356727624938067
"sir_collapsed","linear",1600,46,0.360540068997333
"stan","linear",1600,46,0.354936849956659
"montoril","quadratic",1600,46,0.352557293048777
"pg_apf","quadratic",1600,46,0.348636234544115
"sir_laplace","quadratic",1600,46,0.350342565231746
"sir_collapsed","quadratic",1600,46,0.356350534929508
"stan","quadratic",1600,46,0.350505605561511
"montoril","sinusoidal",1600,46,0.347503471562738
"pg_apf","sinusoidal",1600,46,0.352632086137478
"sir_laplace","sinusoidal",1600,46,0.355829180537884
"sir_collapsed","sinusoidal",1600,46,0.358011448811719
"stan","sinusoidal",1600,46,0.352893567858411
"montoril","constant",200,47,0.79427811345742
"pg_apf","constant",200,47,0.809223585617436
"sir_laplace","constant",200,47,0.812734716322638
"sir_collapsed","constant",200,47,0.81482005877294
"stan","constant",200,47,0.80593758111135
"montoril","linear",200,47,0.570090484052673
"pg_apf","linear",200,47,0.553490778426234
"sir_laplace","linear",200,47,0.562080136026488
"sir_collapsed","linear",200,47,0.576407449582072
"stan","linear",200,47,0.556445437401358
"montoril","quadratic",200,47,0.588147096586783
"pg_apf","quadratic",200,47,0.594668020999189
"sir_laplace","quadratic",200,47,0.599689432205949
"sir_collapsed","quadratic",200,47,0.608493136075404
"stan","quadratic",200,47,0.596700717875592
"montoril","sinusoidal",200,47,0.542499120796096
"pg_apf","sinusoidal",200,47,0.526603487925772
"sir_laplace","sinusoidal",200,47,0.534619810381569
"sir_collapsed","sinusoidal",200,47,0.539406099122606
"stan","sinusoidal",200,47,0.531445505162901
"montoril","constant",400,47,0.569234714606066
"pg_apf","constant",400,47,0.571106898105444
"sir_laplace","constant",400,47,0.572267195486709
"sir_collapsed","constant",400,47,0.569069718993695
"stan","constant",400,47,0.56854866806228
"montoril","linear",400,47,0.272979293676819
"pg_apf","linear",400,47,0.279162614448759
"sir_laplace","linear",400,47,0.280970591353336
"sir_collapsed","linear",400,47,0.28747441244234
"stan","linear",400,47,0.279993624366892
"montoril","quadratic",400,47,0.306974595551182
"pg_apf","quadratic",400,47,0.303919739418868
"sir_laplace","quadratic",400,47,0.307601801329709
"sir_collapsed","quadratic",400,47,0.310906812626592
"stan","quadratic",400,47,0.30565227343316
"montoril","sinusoidal",400,47,0.31466557264994
"pg_apf","sinusoidal",400,47,0.294397310641105
"sir_laplace","sinusoidal",400,47,0.295144323997601
"sir_collapsed","sinusoidal",400,47,0.298536795869613
"stan","sinusoidal",400,47,0.296208925394508
"montoril","constant",800,47,0.548208955189181
"pg_apf","constant",800,47,0.546994474788832
"sir_laplace","constant",800,47,0.552554492771607
"sir_collapsed","constant",800,47,0.557852754291876
"stan","constant",800,47,0.548755610140684
"montoril","linear",800,47,0.3402441558858
"pg_apf","linear",800,47,0.327278182855211
"sir_laplace","linear",800,47,0.332628151353101
"sir_collapsed","linear",800,47,0.340825973960626
"stan","linear",800,47,0.330004120404734
"montoril","quadratic",800,47,0.342125724868817
"pg_apf","quadratic",800,47,0.342816233455103
"sir_laplace","quadratic",800,47,0.346863937406255
"sir_collapsed","quadratic",800,47,0.354450654714403
"stan","quadratic",800,47,0.345329189315085
"montoril","sinusoidal",800,47,0.391953124455999
"pg_apf","sinusoidal",800,47,0.389559210445577
"sir_laplace","sinusoidal",800,47,0.396339243383591
"sir_collapsed","sinusoidal",800,47,0.39894136561669
"stan","sinusoidal",800,47,0.39151052731092
"montoril","constant",1600,47,0.484105306426005
"pg_apf","constant",1600,47,0.480643766243375
"sir_laplace","constant",1600,47,0.481681734828942
"sir_collapsed","constant",1600,47,0.484415878757522
"stan","constant",1600,47,0.483415687721098
"montoril","linear",1600,47,0.33617541007421
"pg_apf","linear",1600,47,0.332430114748781
"sir_laplace","linear",1600,47,0.334218852572473
"sir_collapsed","linear",1600,47,0.334645767103885
"stan","linear",1600,47,0.334583540125992
"montoril","quadratic",1600,47,0.319654167002536
"pg_apf","quadratic",1600,47,0.321436923105579
"sir_laplace","quadratic",1600,47,0.326209894209683
"sir_collapsed","quadratic",1600,47,0.326974893555192
"stan","quadratic",1600,47,0.32859441735877
"montoril","sinusoidal",1600,47,0.373106798726268
"pg_apf","sinusoidal",1600,47,0.370465403129987
"sir_laplace","sinusoidal",1600,47,0.371699329963733
"sir_collapsed","sinusoidal",1600,47,0.375563148228289
"stan","sinusoidal",1600,47,0.373746934905156
"montoril","constant",200,48,0.77549897661957
"pg_apf","constant",200,48,0.773796737381614
"sir_laplace","constant",200,48,0.772116348376227
"sir_collapsed","constant",200,48,0.766628853548747
"stan","constant",200,48,0.769193014219431
"montoril","linear",200,48,0.413281246016247
"pg_apf","linear",200,48,0.422459242518629
"sir_laplace","linear",200,48,0.429069972345291
"sir_collapsed","linear",200,48,0.429429657769204
"stan","linear",200,48,0.418993480961666
"montoril","quadratic",200,48,0.446546550814588
"pg_apf","quadratic",200,48,0.442773925293686
"sir_laplace","quadratic",200,48,0.447051110081394
"sir_collapsed","quadratic",200,48,0.45694400489005
"stan","quadratic",200,48,0.444938680300509
"montoril","sinusoidal",200,48,0.420776489982537
"pg_apf","sinusoidal",200,48,0.441231219768964
"sir_laplace","sinusoidal",200,48,0.443930698661403
"sir_collapsed","sinusoidal",200,48,0.449556170260444
"stan","sinusoidal",200,48,0.440567415699038
"montoril","constant",400,48,0.558144039195593
"pg_apf","constant",400,48,0.560951735363978
"sir_laplace","constant",400,48,0.558564708184077
"sir_collapsed","constant",400,48,0.551878912077771
"stan","constant",400,48,0.561293159330531
"montoril","linear",400,48,0.298535609299706
"pg_apf","linear",400,48,0.299840878423033
"sir_laplace","linear",400,48,0.297316630366924
"sir_collapsed","linear",400,48,0.295371093184187
"stan","linear",400,48,0.300603348963055
"montoril","quadratic",400,48,0.266463860843562
"pg_apf","quadratic",400,48,0.26198614389222
"sir_laplace","quadratic",400,48,0.25840372214909
"sir_collapsed","quadratic",400,48,0.260141361164596
"stan","quadratic",400,48,0.261147312961275
"montoril","sinusoidal",400,48,0.235153593986276
"pg_apf","sinusoidal",400,48,0.22550205368612
"sir_laplace","sinusoidal",400,48,0.221735563316056
"sir_collapsed","sinusoidal",400,48,0.229383753180189
"stan","sinusoidal",400,48,0.225916586866326
"montoril","constant",800,48,0.501419721163381
"pg_apf","constant",800,48,0.498761415705813
"sir_laplace","constant",800,48,0.500261352230325
"sir_collapsed","constant",800,48,0.502381815102808
"stan","constant",800,48,0.499767537332642
"montoril","linear",800,48,0.251373273531756
"pg_apf","linear",800,48,0.246662641258475
"sir_laplace","linear",800,48,0.248271076661303
"sir_collapsed","linear",800,48,0.252482422788999
"stan","linear",800,48,0.251153103990093
"montoril","quadratic",800,48,0.248930033765178
"pg_apf","quadratic",800,48,0.248789987782843
"sir_laplace","quadratic",800,48,0.250991836524623
"sir_collapsed","quadratic",800,48,0.252021398361865
"stan","quadratic",800,48,0.249158493513094
"montoril","sinusoidal",800,48,0.294625823171937
"pg_apf","sinusoidal",800,48,0.293048032835146
"sir_laplace","sinusoidal",800,48,0.292036663662556
"sir_collapsed","sinusoidal",800,48,0.296340283803389
"stan","sinusoidal",800,48,0.294231438774748
"montoril","constant",1600,48,0.50147650377554
"pg_apf","constant",1600,48,0.48685420659696
"sir_laplace","constant",1600,48,0.492957277247625
"sir_collapsed","constant",1600,48,0.491798382270139
"stan","constant",1600,48,0.493044452290846
"montoril","linear",1600,48,0.385793033192021
"pg_apf","linear",1600,48,0.379870417400985
"sir_laplace","linear",1600,48,0.382560571296639
"sir_collapsed","linear",1600,48,0.382922853419714
"stan","linear",1600,48,0.382335289055457
"montoril","quadratic",1600,48,0.385544821101573
"pg_apf","quadratic",1600,48,0.377284923218809
"sir_laplace","quadratic",1600,48,0.380180909802581
"sir_collapsed","quadratic",1600,48,0.384893779576744
"stan","quadratic",1600,48,0.381653735857838
"montoril","sinusoidal",1600,48,0.409367467980835
"pg_apf","sinusoidal",1600,48,0.401690913202321
"sir_laplace","sinusoidal",1600,48,0.407031841865597
"sir_collapsed","sinusoidal",1600,48,0.40985177509434
"stan","sinusoidal",1600,48,0.409708356595558
"montoril","constant",200,49,0.858741879343504
"pg_apf","constant",200,49,0.855091284257022
"sir_laplace","constant",200,49,0.861959134403408
"sir_collapsed","constant",200,49,0.868881206074225
"stan","constant",200,49,0.854023630500261
"montoril","linear",200,49,0.693837631413801
"pg_apf","linear",200,49,0.675241992954211
"sir_laplace","linear",200,49,0.681032406736367
"sir_collapsed","linear",200,49,0.691527817696827
"stan","linear",200,49,0.682060321801771
"montoril","quadratic",200,49,0.72717909677218
"pg_apf","quadratic",200,49,0.711414812961748
"sir_laplace","quadratic",200,49,0.709806923716723
"sir_collapsed","quadratic",200,49,0.715077113462782
"stan","quadratic",200,49,0.712757149393709
"montoril","sinusoidal",200,49,0.620160728577213
"pg_apf","sinusoidal",200,49,0.613073706569253
"sir_laplace","sinusoidal",200,49,0.626650375901034
"sir_collapsed","sinusoidal",200,49,0.634400482231785
"stan","sinusoidal",200,49,0.619700754101592
"montoril","constant",400,49,0.630343257953432
"pg_apf","constant",400,49,0.636002547368345
"sir_laplace","constant",400,49,0.6326143029363
"sir_collapsed","constant",400,49,0.63118728859864
"stan","constant",400,49,0.631584627196046
"montoril","linear",400,49,0.420829724955671
"pg_apf","linear",400,49,0.423600614632662
"sir_laplace","linear",400,49,0.423317182313831
"sir_collapsed","linear",400,49,0.434551724612793
"stan","linear",400,49,0.42153247084256
"montoril","quadratic",400,49,0.43251221706119
"pg_apf","quadratic",400,49,0.436273439298412
"sir_laplace","quadratic",400,49,0.441983551040025
"sir_collapsed","quadratic",400,49,0.450260114897935
"stan","quadratic",400,49,0.439451261146886
"montoril","sinusoidal",400,49,0.412147059525055
"pg_apf","sinusoidal",400,49,0.408703434086151
"sir_laplace","sinusoidal",400,49,0.409262064847139
"sir_collapsed","sinusoidal",400,49,0.415602979726428
"stan","sinusoidal",400,49,0.412184156549932
"montoril","constant",800,49,0.532053499102007
"pg_apf","constant",800,49,0.529410396976
"sir_laplace","constant",800,49,0.530289515863945
"sir_collapsed","constant",800,49,0.529606942806073
"stan","constant",800,49,0.530440207681693
"montoril","linear",800,49,0.364459717552861
"pg_apf","linear",800,49,0.357383233752817
"sir_laplace","linear",800,49,0.358500093694231
"sir_collapsed","linear",800,49,0.359106679463642
"stan","linear",800,49,0.358337096323287
"montoril","quadratic",800,49,0.357490921151265
"pg_apf","quadratic",800,49,0.34726402549559
"sir_laplace","quadratic",800,49,0.34903690945284
"sir_collapsed","quadratic",800,49,0.349325544176823
"stan","quadratic",800,49,0.354127871953135
"montoril","sinusoidal",800,49,0.383312718379748
"pg_apf","sinusoidal",800,49,0.38758654396839
"sir_laplace","sinusoidal",800,49,0.3827454391665
"sir_collapsed","sinusoidal",800,49,0.386543505516222
"stan","sinusoidal",800,49,0.39008641810781
"montoril","constant",1600,49,0.450988654101025
"pg_apf","constant",1600,49,0.452373993544293
"sir_laplace","constant",1600,49,0.452015597167397
"sir_collapsed","constant",1600,49,0.452601896107293
"stan","constant",1600,49,0.451833319562896
"montoril","linear",1600,49,0.292522575688853
"pg_apf","linear",1600,49,0.293741263569391
"sir_laplace","linear",1600,49,0.296083162520862
"sir_collapsed","linear",1600,49,0.296999838282283
"stan","linear",1600,49,0.297428472459437
"montoril","quadratic",1600,49,0.294117291097741
"pg_apf","quadratic",1600,49,0.288370193678009
"sir_laplace","quadratic",1600,49,0.28586423781902
"sir_collapsed","quadratic",1600,49,0.286568321705488
"stan","quadratic",1600,49,0.289165535895262
"montoril","sinusoidal",1600,49,0.313379238588656
"pg_apf","sinusoidal",1600,49,0.305089248147594
"sir_laplace","sinusoidal",1600,49,0.304861715645472
"sir_collapsed","sinusoidal",1600,49,0.304941267664199
"stan","sinusoidal",1600,49,0.30478705731236
"montoril","constant",200,50,0.691074379665483
"pg_apf","constant",200,50,0.697505291861783
"sir_laplace","constant",200,50,0.696011238128361
"sir_collapsed","constant",200,50,0.700968642797643
"stan","constant",200,50,0.693360104133821
"montoril","linear",200,50,0.329964078311041
"pg_apf","linear",200,50,0.329271752895429
"sir_laplace","linear",200,50,0.335850275688652
"sir_collapsed","linear",200,50,0.348164146593401
"stan","linear",200,50,0.3296641671735
"montoril","quadratic",200,50,0.325175365828897
"pg_apf","quadratic",200,50,0.331255931597118
"sir_laplace","quadratic",200,50,0.329665556099638
"sir_collapsed","quadratic",200,50,0.341041969804007
"stan","quadratic",200,50,0.331024553057661
"montoril","sinusoidal",200,50,0.314623894312666
"pg_apf","sinusoidal",200,50,0.321622440068045
"sir_laplace","sinusoidal",200,50,0.32444813380959
"sir_collapsed","sinusoidal",200,50,0.338669343329618
"stan","sinusoidal",200,50,0.319433992831621
"montoril","constant",400,50,0.731314091303118
"pg_apf","constant",400,50,0.728090901304955
"sir_laplace","constant",400,50,0.721657678810019
"sir_collapsed","constant",400,50,0.716377379099835
"stan","constant",400,50,0.725673400949447
"montoril","linear",400,50,0.398510715150412
"pg_apf","linear",400,50,0.398037806339942
"sir_laplace","linear",400,50,0.397200403579956
"sir_collapsed","linear",400,50,0.395678974225308
"stan","linear",400,50,0.396494838497873
"montoril","quadratic",400,50,0.387314144053191
"pg_apf","quadratic",400,50,0.386245759770084
"sir_laplace","quadratic",400,50,0.386425741394137
"sir_collapsed","quadratic",400,50,0.388160019293866
"stan","quadratic",400,50,0.387366044884335
"montoril","sinusoidal",400,50,0.352059449056496
"pg_apf","sinusoidal",400,50,0.341517749667668
"sir_laplace","sinusoidal",400,50,0.340591160302889
"sir_collapsed","sinusoidal",400,50,0.346250720238893
"stan","sinusoidal",400,50,0.34725250712208
"montoril","constant",800,50,0.483312718264377
"pg_apf","constant",800,50,0.482032436939391
"sir_laplace","constant",800,50,0.4801058667261
"sir_collapsed","constant",800,50,0.480906512055466
"stan","constant",800,50,0.478263203611736
"montoril","linear",800,50,0.231468936577512
"pg_apf","linear",800,50,0.222700922694561
"sir_laplace","linear",800,50,0.22600469035072
"sir_collapsed","linear",800,50,0.231956320851231
"stan","linear",800,50,0.226417903255304
"montoril","quadratic",800,50,0.215887922792553
"pg_apf","quadratic",800,50,0.208938688677748
"sir_laplace","quadratic",800,50,0.209481237427338
"sir_collapsed","quadratic",800,50,0.214354389045156
"stan","quadratic",800,50,0.2104321060106
"montoril","sinusoidal",800,50,0.249761211900345
"pg_apf","sinusoidal",800,50,0.24267183157683
"sir_laplace","sinusoidal",800,50,0.242818114687638
"sir_collapsed","sinusoidal",800,50,0.24790751040658
"stan","sinusoidal",800,50,0.247547992462673
"montoril","constant",1600,50,0.442423117753288
"pg_apf","constant",1600,50,0.441241951544034
"sir_laplace","constant",1600,50,0.440659127417776
"sir_collapsed","constant",1600,50,0.440955773724193
"stan","constant",1600,50,0.442305732168939
"montoril","linear",1600,50,0.309083251101648
"pg_apf","linear",1600,50,0.303688477027397
"sir_laplace","linear",1600,50,0.30347612365374
"sir_collapsed","linear",1600,50,0.305370533167226
"stan","linear",1600,50,0.305384014182445
"montoril","quadratic",1600,50,0.33934457637179
"pg_apf","quadratic",1600,50,0.327416985711409
"sir_laplace","quadratic",1600,50,0.328526562750613
"sir_collapsed","quadratic",1600,50,0.33108165066757
"stan","quadratic",1600,50,0.329472553742172
"montoril","sinusoidal",1600,50,0.297438141486733
"pg_apf","sinusoidal",1600,50,0.297965689252007
"sir_laplace","sinusoidal",1600,50,0.298219189492372
"sir_collapsed","sinusoidal",1600,50,0.302421719563663
"stan","sinusoidal",1600,50,0.29991774264612
"montoril","constant",200,51,0.890358628976753
"pg_apf","constant",200,51,0.882220922683836
"sir_laplace","constant",200,51,0.871526622725811
"sir_collapsed","constant",200,51,0.865906545858452
"stan","constant",200,51,0.8764364323176
"montoril","linear",200,51,0.431077783749498
"pg_apf","linear",200,51,0.428473387955253
"sir_laplace","linear",200,51,0.422979188216582
"sir_collapsed","linear",200,51,0.42169029450056
"stan","linear",200,51,0.426020265947907
"montoril","quadratic",200,51,0.459984277203716
"pg_apf","quadratic",200,51,0.45028852481879
"sir_laplace","quadratic",200,51,0.446913552845973
"sir_collapsed","quadratic",200,51,0.448565897926998
"stan","quadratic",200,51,0.45716444695827
"montoril","sinusoidal",200,51,0.478640151653579
"pg_apf","sinusoidal",200,51,0.475365428602931
"sir_laplace","sinusoidal",200,51,0.471990518619942
"sir_collapsed","sinusoidal",200,51,0.472036521030407
"stan","sinusoidal",200,51,0.475521987494252
"montoril","constant",400,51,0.632431306828194
"pg_apf","constant",400,51,0.639170130530158
"sir_laplace","constant",400,51,0.639239403586128
"sir_collapsed","constant",400,51,0.642977810075378
"stan","constant",400,51,0.63738686554269
"montoril","linear",400,51,0.417388829584296
"pg_apf","linear",400,51,0.412303788096195
"sir_laplace","linear",400,51,0.417890262546522
"sir_collapsed","linear",400,51,0.423266056022461
"stan","linear",400,51,0.409902116814464
"montoril","quadratic",400,51,0.398908650238544
"pg_apf","quadratic",400,51,0.400778514468331
"sir_laplace","quadratic",400,51,0.400703013577191
"sir_collapsed","quadratic",400,51,0.410744463916558
"stan","quadratic",400,51,0.403350924571608
"montoril","sinusoidal",400,51,0.370755763349285
"pg_apf","sinusoidal",400,51,0.36213693366073
"sir_laplace","sinusoidal",400,51,0.365726097076214
"sir_collapsed","sinusoidal",400,51,0.375726354352845
"stan","sinusoidal",400,51,0.364220616508268
"montoril","constant",800,51,0.547193185953646
"pg_apf","constant",800,51,0.54510275268264
"sir_laplace","constant",800,51,0.541211851334887
"sir_collapsed","constant",800,51,0.539335423286399
"stan","constant",800,51,0.543380912158394
"montoril","linear",800,51,0.340667564951573
"pg_apf","linear",800,51,0.335400809011584
"sir_laplace","linear",800,51,0.334970121703391
"sir_collapsed","linear",800,51,0.338265198042829
"stan","linear",800,51,0.335978728435905
"montoril","quadratic",800,51,0.355154843975885
"pg_apf","quadratic",800,51,0.355124494069923
"sir_laplace","quadratic",800,51,0.355222747666321
"sir_collapsed","quadratic",800,51,0.354812529812343
"stan","quadratic",800,51,0.356642585847517
"montoril","sinusoidal",800,51,0.351350344134076
"pg_apf","sinusoidal",800,51,0.348875022130431
"sir_laplace","sinusoidal",800,51,0.349400947175652
"sir_collapsed","sinusoidal",800,51,0.349498691855883
"stan","sinusoidal",800,51,0.352188951325072
"montoril","constant",1600,51,0.432034407257397
"pg_apf","constant",1600,51,0.4344166124576
"sir_laplace","constant",1600,51,0.433495978938454
"sir_collapsed","constant",1600,51,0.432500290668715
"stan","constant",1600,51,0.434011018406363
"montoril","linear",1600,51,0.282930269112833
"pg_apf","linear",1600,51,0.266877056865619
"sir_laplace","linear",1600,51,0.270398963585175
"sir_collapsed","linear",1600,51,0.273836086125182
"stan","linear",1600,51,0.267178963266358
"montoril","quadratic",1600,51,0.269062234038381
"pg_apf","quadratic",1600,51,0.273494011265256
"sir_laplace","quadratic",1600,51,0.273796362000063
"sir_collapsed","quadratic",1600,51,0.279323907133301
"stan","quadratic",1600,51,0.27565142060078
"montoril","sinusoidal",1600,51,0.292704208805053
"pg_apf","sinusoidal",1600,51,0.299862408432356
"sir_laplace","sinusoidal",1600,51,0.304035731721395
"sir_collapsed","sinusoidal",1600,51,0.304741815365457
"stan","sinusoidal",1600,51,0.303538489707477
"montoril","constant",200,52,0.742494282920126
"pg_apf","constant",200,52,0.736628776343286
"sir_laplace","constant",200,52,0.731549858452452
"sir_collapsed","constant",200,52,0.7340983182824
"stan","constant",200,52,0.73458102376493
"montoril","linear",200,52,0.430575017523284
"pg_apf","linear",200,52,0.426120887878473
"sir_laplace","linear",200,52,0.440409269995623
"sir_collapsed","linear",200,52,0.441767731761799
"stan","linear",200,52,0.437550381519655
"montoril","quadratic",200,52,0.439905169082691
"pg_apf","quadratic",200,52,0.429591169675471
"sir_laplace","quadratic",200,52,0.430567782355378
"sir_collapsed","quadratic",200,52,0.439731913773099
"stan","quadratic",200,52,0.439995513315873
"montoril","sinusoidal",200,52,0.409310612270779
"pg_apf","sinusoidal",200,52,0.421571935422274
"sir_laplace","sinusoidal",200,52,0.423661679588131
"sir_collapsed","sinusoidal",200,52,0.434179575562187
"stan","sinusoidal",200,52,0.423972757923079
"montoril","constant",400,52,0.702938849660508
"pg_apf","constant",400,52,0.703854979514736
"sir_laplace","constant",400,52,0.694194871203141
"sir_collapsed","constant",400,52,0.691411389039122
"stan","constant",400,52,0.695262236096765
"montoril","linear",400,52,0.455194537799651
"pg_apf","linear",400,52,0.446663957426548
"sir_laplace","linear",400,52,0.442885409613203
"sir_collapsed","linear",400,52,0.445900654835474
"stan","linear",400,52,0.450618791138334
"montoril","quadratic",400,52,0.495574787382463
"pg_apf","quadratic",400,52,0.483287380231942
"sir_laplace","quadratic",400,52,0.482854488871269
"sir_collapsed","quadratic",400,52,0.47943559574875
"stan","quadratic",400,52,0.484148916118276
"montoril","sinusoidal",400,52,0.474269632056761
"pg_apf","sinusoidal",400,52,0.480861617475058
"sir_laplace","sinusoidal",400,52,0.479988427516171
"sir_collapsed","sinusoidal",400,52,0.475129340791827
"stan","sinusoidal",400,52,0.48055858032667
"montoril","constant",800,52,0.592229716489156
"pg_apf","constant",800,52,0.588033143345024
"sir_laplace","constant",800,52,0.586097719482251
"sir_collapsed","constant",800,52,0.582690647720605
"stan","constant",800,52,0.589214993041593
"montoril","linear",800,52,0.416535988497687
"pg_apf","linear",800,52,0.432797131825359
"sir_laplace","linear",800,52,0.433018283267382
"sir_collapsed","linear",800,52,0.431948302330909
"stan","linear",800,52,0.433692367364628
"montoril","quadratic",800,52,0.436128822852373
"pg_apf","quadratic",800,52,0.435144334598986
"sir_laplace","quadratic",800,52,0.43499588855545
"sir_collapsed","quadratic",800,52,0.435146743828432
"stan","quadratic",800,52,0.438164191756035
"montoril","sinusoidal",800,52,0.471935406843337
"pg_apf","sinusoidal",800,52,0.464058506824452
"sir_laplace","sinusoidal",800,52,0.464332311828516
"sir_collapsed","sinusoidal",800,52,0.461029470470653
"stan","sinusoidal",800,52,0.466769707878501
"montoril","constant",1600,52,0.499694795574933
"pg_apf","constant",1600,52,0.49730039062673
"sir_laplace","constant",1600,52,0.496868821899666
"sir_collapsed","constant",1600,52,0.493087739371273
"stan","constant",1600,52,0.499714003440339
"montoril","linear",1600,52,0.366513813765146
"pg_apf","linear",1600,52,0.355499592748194
"sir_laplace","linear",1600,52,0.359176287821343
"sir_collapsed","linear",1600,52,0.357153583532948
"stan","linear",1600,52,0.361520916583292
"montoril","quadratic",1600,52,0.369828405611175
"pg_apf","quadratic",1600,52,0.361170832284372
"sir_laplace","quadratic",1600,52,0.361032722622319
"sir_collapsed","quadratic",1600,52,0.359800008704948
"stan","quadratic",1600,52,0.365348118928882
"montoril","sinusoidal",1600,52,0.35644237240099
"pg_apf","sinusoidal",1600,52,0.349939250323774
"sir_laplace","sinusoidal",1600,52,0.351295069449979
"sir_collapsed","sinusoidal",1600,52,0.349240061077583
"stan","sinusoidal",1600,52,0.354986362487669
"montoril","constant",200,53,0.584374011850065
"pg_apf","constant",200,53,0.583543096764695
"sir_laplace","constant",200,53,0.576362212012401
"sir_collapsed","constant",200,53,0.57540030678024
"stan","constant",200,53,0.578308226807404
"montoril","linear",200,53,0.289886139077454
"pg_apf","linear",200,53,0.276394021383217
"sir_laplace","linear",200,53,0.281811863139706
"sir_collapsed","linear",200,53,0.296234267100257
"stan","linear",200,53,0.284583423112573
"montoril","quadratic",200,53,0.329999449391616
"pg_apf","quadratic",200,53,0.31616538362833
"sir_laplace","quadratic",200,53,0.32428441854543
"sir_collapsed","quadratic",200,53,0.323619562908351
"stan","quadratic",200,53,0.328259144329915
"montoril","sinusoidal",200,53,0.32035740132852
"pg_apf","sinusoidal",200,53,0.315333915945167
"sir_laplace","sinusoidal",200,53,0.325775531880801
"sir_collapsed","sinusoidal",200,53,0.332010016715636
"stan","sinusoidal",200,53,0.316666789023713
"montoril","constant",400,53,0.659415801058448
"pg_apf","constant",400,53,0.658003237054467
"sir_laplace","constant",400,53,0.656660827034676
"sir_collapsed","constant",400,53,0.655204317078611
"stan","constant",400,53,0.658764077645515
"montoril","linear",400,53,0.412671368110608
"pg_apf","linear",400,53,0.408393640313625
"sir_laplace","linear",400,53,0.408365819210814
"sir_collapsed","linear",400,53,0.407881371064462
"stan","linear",400,53,0.411129334663269
"montoril","quadratic",400,53,0.390593576002692
"pg_apf","quadratic",400,53,0.388903425506335
"sir_laplace","quadratic",400,53,0.386310785135656
"sir_collapsed","quadratic",400,53,0.385070805972526
"stan","quadratic",400,53,0.388676850516001
"montoril","sinusoidal",400,53,0.373071178048598
"pg_apf","sinusoidal",400,53,0.368944452577005
"sir_laplace","sinusoidal",400,53,0.37207397763611
"sir_collapsed","sinusoidal",400,53,0.378947309738227
"stan","sinusoidal",400,53,0.368416713231164
"montoril","constant",800,53,0.57559799375123
"pg_apf","constant",800,53,0.567343430025824
"sir_laplace","constant",800,53,0.568576274902017
"sir_collapsed","constant",800,53,0.575210701908357
"stan","constant",800,53,0.56815079412717
"montoril","linear",800,53,0.399337259762157
"pg_apf","linear",800,53,0.385536142825165
"sir_laplace","linear",800,53,0.389125051068468
"sir_collapsed","linear",800,53,0.398103552610891
"stan","linear",800,53,0.388091606007032
"montoril","quadratic",800,53,0.387860812369712
"pg_apf","quadratic",800,53,0.381851649372675
"sir_laplace","quadratic",800,53,0.388602738825997
"sir_collapsed","quadratic",800,53,0.393443477741594
"stan","quadratic",800,53,0.385363175927204
"montoril","sinusoidal",800,53,0.374238250686551
"pg_apf","sinusoidal",800,53,0.369634633379379
"sir_laplace","sinusoidal",800,53,0.375814185458048
"sir_collapsed","sinusoidal",800,53,0.383471640428307
"stan","sinusoidal",800,53,0.372746582625498
"montoril","constant",1600,53,0.460670924544442
"pg_apf","constant",1600,53,0.460744038954017
"sir_laplace","constant",1600,53,0.463356121128393
"sir_collapsed","constant",1600,53,0.461297096313199
"stan","constant",1600,53,0.465289224846223
"montoril","linear",1600,53,0.311193428425317
"pg_apf","linear",1600,53,0.307144457341273
"sir_laplace","linear",1600,53,0.309275799813301
"sir_collapsed","linear",1600,53,0.307129089126642
"stan","linear",1600,53,0.309348391957431
"montoril","quadratic",1600,53,0.318602739209061
"pg_apf","quadratic",1600,53,0.308306702888947
"sir_laplace","quadratic",1600,53,0.31480437242967
"sir_collapsed","quadratic",1600,53,0.31377434004701
"stan","quadratic",1600,53,0.311490197334148
"montoril","sinusoidal",1600,53,0.343006307633223
"pg_apf","sinusoidal",1600,53,0.328125152481771
"sir_laplace","sinusoidal",1600,53,0.333184069439247
"sir_collapsed","sinusoidal",1600,53,0.333589710173268
"stan","sinusoidal",1600,53,0.333143699742137
"montoril","constant",200,54,0.624044859507354
"pg_apf","constant",200,54,0.627832968592709
"sir_laplace","constant",200,54,0.634616742346613
"sir_collapsed","constant",200,54,0.641797306254072
"stan","constant",200,54,0.624436315303572
"montoril","linear",200,54,0.348009681707004
"pg_apf","linear",200,54,0.343728699121996
"sir_laplace","linear",200,54,0.352076196033426
"sir_collapsed","linear",200,54,0.363509057723257
"stan","linear",200,54,0.349010500485699
"montoril","quadratic",200,54,0.390096625962433
"pg_apf","quadratic",200,54,0.392724405926776
"sir_laplace","quadratic",200,54,0.398615322417759
"sir_collapsed","quadratic",200,54,0.401954736917065
"stan","quadratic",200,54,0.397025286916531
"montoril","sinusoidal",200,54,0.3278461854489
"pg_apf","sinusoidal",200,54,0.343255662607575
"sir_laplace","sinusoidal",200,54,0.346985982715009
"sir_collapsed","sinusoidal",200,54,0.364141923647654
"stan","sinusoidal",200,54,0.344587894934095
"montoril","constant",400,54,0.66281149683721
"pg_apf","constant",400,54,0.665630307429164
"sir_laplace","constant",400,54,0.664866334188104
"sir_collapsed","constant",400,54,0.669517022784704
"stan","constant",400,54,0.663793711764386
"montoril","linear",400,54,0.395710701599391
"pg_apf","linear",400,54,0.401483451050186
"sir_laplace","linear",400,54,0.403647934067918
"sir_collapsed","linear",400,54,0.41340013805392
"stan","linear",400,54,0.403694298783599
"montoril","quadratic",400,54,0.440009704068102
"pg_apf","quadratic",400,54,0.443663860799099
"sir_laplace","quadratic",400,54,0.448454714007121
"sir_collapsed","quadratic",400,54,0.45709690097192
"stan","quadratic",400,54,0.442979396103242
"montoril","sinusoidal",400,54,0.458959027668584
"pg_apf","sinusoidal",400,54,0.453595714340071
"sir_laplace","sinusoidal",400,54,0.458984541046835
"sir_collapsed","sinusoidal",400,54,0.466946258827898
"stan","sinusoidal",400,54,0.457686828543562
"montoril","constant",800,54,0.545627216961884
"pg_apf","constant",800,54,0.539942062906127
"sir_laplace","constant",800,54,0.538008522513631
"sir_collapsed","constant",800,54,0.533735312647493
"stan","constant",800,54,0.543120484851151
"montoril","linear",800,54,0.314475100427742
"pg_apf","linear",800,54,0.310696472322911
"sir_laplace","linear",800,54,0.308768238045846
"sir_collapsed","linear",800,54,0.311238834030675
"stan","linear",800,54,0.319486281143919
"montoril","quadratic",800,54,0.307657766622088
"pg_apf","quadratic",800,54,0.299596550122748
"sir_laplace","quadratic",800,54,0.303513195953163
"sir_collapsed","quadratic",800,54,0.300568565334395
"stan","quadratic",800,54,0.307423174086453
"montoril","sinusoidal",800,54,0.330844687718888
"pg_apf","sinusoidal",800,54,0.323113498614883
"sir_laplace","sinusoidal",800,54,0.326230162202414
"sir_collapsed","sinusoidal",800,54,0.321240951088927
"stan","sinusoidal",800,54,0.327217449759176
"montoril","constant",1600,54,0.430073374247413
"pg_apf","constant",1600,54,0.421423765462063
"sir_laplace","constant",1600,54,0.422037456935944
"sir_collapsed","constant",1600,54,0.42375704524759
"stan","constant",1600,54,0.421859992916204
"montoril","linear",1600,54,0.302159690200309
"pg_apf","linear",1600,54,0.298807831796597
"sir_laplace","linear",1600,54,0.300565752894331
"sir_collapsed","linear",1600,54,0.304469657268962
"stan","linear",1600,54,0.300023786105452
"montoril","quadratic",1600,54,0.295503329423112
"pg_apf","quadratic",1600,54,0.301563500332329
"sir_laplace","quadratic",1600,54,0.302493805671428
"sir_collapsed","quadratic",1600,54,0.308366727232813
"stan","quadratic",1600,54,0.302797610312205
"montoril","sinusoidal",1600,54,0.300813872654199
"pg_apf","sinusoidal",1600,54,0.30663787329415
"sir_laplace","sinusoidal",1600,54,0.310702421280679
"sir_collapsed","sinusoidal",1600,54,0.31276737552379
"stan","sinusoidal",1600,54,0.30845287026868
"montoril","constant",200,55,0.678224327285838
"pg_apf","constant",200,55,0.685885556481598
"sir_laplace","constant",200,55,0.6884529131713
"sir_collapsed","constant",200,55,0.694356490437811
"stan","constant",200,55,0.680417524250098
"montoril","linear",200,55,0.332328573417483
"pg_apf","linear",200,55,0.32827048962491
"sir_laplace","linear",200,55,0.338734145551346
"sir_collapsed","linear",200,55,0.339687717321249
"stan","linear",200,55,0.331647155210118
"montoril","quadratic",200,55,0.328659394793705
"pg_apf","quadratic",200,55,0.325171555323822
"sir_laplace","quadratic",200,55,0.333390773123105
"sir_collapsed","quadratic",200,55,0.34261753198669
"stan","quadratic",200,55,0.333251025344621
"montoril","sinusoidal",200,55,0.381787476538321
"pg_apf","sinusoidal",200,55,0.364108437043375
"sir_laplace","sinusoidal",200,55,0.376718152157629
"sir_collapsed","sinusoidal",200,55,0.38721761543312
"stan","sinusoidal",200,55,0.367938626410968
"montoril","constant",400,55,0.679736640748493
"pg_apf","constant",400,55,0.678950565946944
"sir_laplace","constant",400,55,0.678403444781731
"sir_collapsed","constant",400,55,0.676791223465671
"stan","constant",400,55,0.679295670288524
"montoril","linear",400,55,0.484510499946215
"pg_apf","linear",400,55,0.476144856888987
"sir_laplace","linear",400,55,0.477709513073654
"sir_collapsed","linear",400,55,0.481637207733845
"stan","linear",400,55,0.473584988585466
"montoril","quadratic",400,55,0.503157786491353
"pg_apf","quadratic",400,55,0.509339925150663
"sir_laplace","quadratic",400,55,0.514626498652129
"sir_collapsed","quadratic",400,55,0.518813058250583
"stan","quadratic",400,55,0.512891226930217
"montoril","sinusoidal",400,55,0.48321266313478
"pg_apf","sinusoidal",400,55,0.477629244621312
"sir_laplace","sinusoidal",400,55,0.480973233363935
"sir_collapsed","sinusoidal",400,55,0.483450525898523
"stan","sinusoidal",400,55,0.478320074340096
"montoril","constant",800,55,0.474308632710693
"pg_apf","constant",800,55,0.475187969306984
"sir_laplace","constant",800,55,0.473570405076135
"sir_collapsed","constant",800,55,0.469590111220281
"stan","constant",800,55,0.476682857344482
"montoril","linear",800,55,0.297742092345261
"pg_apf","linear",800,55,0.297061671828238
"sir_laplace","linear",800,55,0.295908896326355
"sir_collapsed","linear",800,55,0.292594500148135
"stan","linear",800,55,0.298090719955287
"montoril","quadratic",800,55,0.307404550212386
"pg_apf","quadratic",800,55,0.301390506499315
"sir_laplace","quadratic",800,55,0.300442784114389
"sir_collapsed","quadratic",800,55,0.297406659976258
"stan","quadratic",800,55,0.30184561645865
"montoril","sinusoidal",800,55,0.28351941020582
"pg_apf","sinusoidal",800,55,0.289087858348262
"sir_laplace","sinusoidal",800,55,0.2870319388632
"sir_collapsed","sinusoidal",800,55,0.283115229103321
"stan","sinusoidal",800,55,0.291473239699919
"montoril","constant",1600,55,0.448635249948021
"pg_apf","constant",1600,55,0.443279317875205
"sir_laplace","constant",1600,55,0.442801037436097
"sir_collapsed","constant",1600,55,0.439756743015239
"stan","constant",1600,55,0.444821125711492
"montoril","linear",1600,55,0.313145390789428
"pg_apf","linear",1600,55,0.303131700410242
"sir_laplace","linear",1600,55,0.305308039577311
"sir_collapsed","linear",1600,55,0.305983263714884
"stan","linear",1600,55,0.307273052995019
"montoril","quadratic",1600,55,0.306072389517261
"pg_apf","quadratic",1600,55,0.302025332751006
"sir_laplace","quadratic",1600,55,0.305027841310524
"sir_collapsed","quadratic",1600,55,0.302073799711164
"stan","quadratic",1600,55,0.302095641775025
"montoril","sinusoidal",1600,55,0.306929995348939
"pg_apf","sinusoidal",1600,55,0.311080116183826
"sir_laplace","sinusoidal",1600,55,0.309654690756903
"sir_collapsed","sinusoidal",1600,55,0.310211769563386
"stan","sinusoidal",1600,55,0.310327545131849
"montoril","constant",200,56,0.700554273245412
"pg_apf","constant",200,56,0.700375685846255
"sir_laplace","constant",200,56,0.700804428284576
"sir_collapsed","constant",200,56,0.690597165324967
"stan","constant",200,56,0.695058244940308
"montoril","linear",200,56,0.301367196441036
"pg_apf","linear",200,56,0.300191937164134
"sir_laplace","linear",200,56,0.290874240683792
"sir_collapsed","linear",200,56,0.29092491138396
"stan","linear",200,56,0.295200721036308
"montoril","quadratic",200,56,0.329831775826719
"pg_apf","quadratic",200,56,0.323392315987932
"sir_laplace","quadratic",200,56,0.322649465219378
"sir_collapsed","quadratic",200,56,0.319572875908996
"stan","quadratic",200,56,0.324137236114735
"montoril","sinusoidal",200,56,0.269475884069291
"pg_apf","sinusoidal",200,56,0.25958044390112
"sir_laplace","sinusoidal",200,56,0.254797048977723
"sir_collapsed","sinusoidal",200,56,0.259656522628851
"stan","sinusoidal",200,56,0.260680427285525
"montoril","constant",400,56,0.683023525225232
"pg_apf","constant",400,56,0.67926533211274
"sir_laplace","constant",400,56,0.678579234616063
"sir_collapsed","constant",400,56,0.67576559649541
"stan","constant",400,56,0.678559034769177
"montoril","linear",400,56,0.37520983672294
"pg_apf","linear",400,56,0.379963698035851
"sir_laplace","linear",400,56,0.38859426569344
"sir_collapsed","linear",400,56,0.391235566385547
"stan","linear",400,56,0.386510201213166
"montoril","quadratic",400,56,0.395537606034839
"pg_apf","quadratic",400,56,0.384636102480922
"sir_laplace","quadratic",400,56,0.386459068498539
"sir_collapsed","quadratic",400,56,0.393438872281766
"stan","quadratic",400,56,0.389186108813843
"montoril","sinusoidal",400,56,0.36582409129669
"pg_apf","sinusoidal",400,56,0.372416323638546
"sir_laplace","sinusoidal",400,56,0.374675557100756
"sir_collapsed","sinusoidal",400,56,0.37557347073253
"stan","sinusoidal",400,56,0.37567720101704
"montoril","constant",800,56,0.551179105076414
"pg_apf","constant",800,56,0.546957256901717
"sir_laplace","constant",800,56,0.547693683328226
"sir_collapsed","constant",800,56,0.548520512623143
"stan","constant",800,56,0.548982282372865
"montoril","linear",800,56,0.348913001876567
"pg_apf","linear",800,56,0.35242254862446
"sir_laplace","linear",800,56,0.358059869067716
"sir_collapsed","linear",800,56,0.358176306538242
"stan","linear",800,56,0.349493257142095
"montoril","quadratic",800,56,0.340740789788404
"pg_apf","quadratic",800,56,0.336202117426697
"sir_laplace","quadratic",800,56,0.337853045388047
"sir_collapsed","quadratic",800,56,0.346507572141354
"stan","quadratic",800,56,0.338185460410593
"montoril","sinusoidal",800,56,0.349622738749906
"pg_apf","sinusoidal",800,56,0.343092500455362
"sir_laplace","sinusoidal",800,56,0.344458496240972
"sir_collapsed","sinusoidal",800,56,0.347604929923352
"stan","sinusoidal",800,56,0.342002046732145
"montoril","constant",1600,56,0.453009738187506
"pg_apf","constant",1600,56,0.451994519703822
"sir_laplace","constant",1600,56,0.45037292531189
"sir_collapsed","constant",1600,56,0.448675699832394
"stan","constant",1600,56,0.452041231843227
"montoril","linear",1600,56,0.311877649441696
"pg_apf","linear",1600,56,0.312525275996508
"sir_laplace","linear",1600,56,0.314297861404621
"sir_collapsed","linear",1600,56,0.313541034730932
"stan","linear",1600,56,0.313218162436754
"montoril","quadratic",1600,56,0.313901523685137
"pg_apf","quadratic",1600,56,0.306587105973278
"sir_laplace","quadratic",1600,56,0.309679950955993
"sir_collapsed","quadratic",1600,56,0.308318457503091
"stan","quadratic",1600,56,0.310319335573472
"montoril","sinusoidal",1600,56,0.311064377986105
"pg_apf","sinusoidal",1600,56,0.306855278741395
"sir_laplace","sinusoidal",1600,56,0.310628003754401
"sir_collapsed","sinusoidal",1600,56,0.309542538891198
"stan","sinusoidal",1600,56,0.312500874541774
"montoril","constant",200,57,0.76113532631861
"pg_apf","constant",200,57,0.767237566599269
"sir_laplace","constant",200,57,0.760608378362216
"sir_collapsed","constant",200,57,0.757599844413037
"stan","constant",200,57,0.766873532944627
"montoril","linear",200,57,0.438276474803441
"pg_apf","linear",200,57,0.428292586880174
"sir_laplace","linear",200,57,0.428999644427676
"sir_collapsed","linear",200,57,0.423422181285504
"stan","linear",200,57,0.427854438126518
"montoril","quadratic",200,57,0.429611752104978
"pg_apf","quadratic",200,57,0.429847294813045
"sir_laplace","quadratic",200,57,0.428025411707919
"sir_collapsed","quadratic",200,57,0.425243398712967
"stan","quadratic",200,57,0.430423055658135
"montoril","sinusoidal",200,57,0.377457263082613
"pg_apf","sinusoidal",200,57,0.380116862007451
"sir_laplace","sinusoidal",200,57,0.375971992409021
"sir_collapsed","sinusoidal",200,57,0.378872675345557
"stan","sinusoidal",200,57,0.382423787068465
"montoril","constant",400,57,0.614812736680569
"pg_apf","constant",400,57,0.615597457010011
"sir_laplace","constant",400,57,0.615380359575456
"sir_collapsed","constant",400,57,0.616184480750512
"stan","constant",400,57,0.614587260839779
"montoril","linear",400,57,0.319970177466735
"pg_apf","linear",400,57,0.314744439674835
"sir_laplace","linear",400,57,0.318681189570112
"sir_collapsed","linear",400,57,0.326324101833477
"stan","linear",400,57,0.315743262607503
"montoril","quadratic",400,57,0.35461335686291
"pg_apf","quadratic",400,57,0.344029784490554
"sir_laplace","quadratic",400,57,0.350519131915205
"sir_collapsed","quadratic",400,57,0.358581445370123
"stan","quadratic",400,57,0.348234044199441
"montoril","sinusoidal",400,57,0.315086859327012
"pg_apf","sinusoidal",400,57,0.312426829934379
"sir_laplace","sinusoidal",400,57,0.317017293695122
"sir_collapsed","sinusoidal",400,57,0.32646183024966
"stan","sinusoidal",400,57,0.321077747410784
"montoril","constant",800,57,0.570226249564869
"pg_apf","constant",800,57,0.570527465229567
"sir_laplace","constant",800,57,0.570703642748028
"sir_collapsed","constant",800,57,0.571823993768563
"stan","constant",800,57,0.568318332822746
"montoril","linear",800,57,0.358435566380509
"pg_apf","linear",800,57,0.365983867280062
"sir_laplace","linear",800,57,0.37135650223192
"sir_collapsed","linear",800,57,0.372236133608257
"stan","linear",800,57,0.368777069990763
"montoril","quadratic",800,57,0.38132338382545
"pg_apf","quadratic",800,57,0.373574058360105
"sir_laplace","quadratic",800,57,0.372526661205142
"sir_collapsed","quadratic",800,57,0.377102410521653
"stan","quadratic",800,57,0.372681063602584
"montoril","sinusoidal",800,57,0.369351487700641
"pg_apf","sinusoidal",800,57,0.364916252760824
"sir_laplace","sinusoidal",800,57,0.368340917743813
"sir_collapsed","sinusoidal",800,57,0.373540200939086
"stan","sinusoidal",800,57,0.365367441586123
"montoril","constant",1600,57,0.463496380325747
"pg_apf","constant",1600,57,0.459563093862616
"sir_laplace","constant",1600,57,0.456720495505084
"sir_collapsed","constant",1600,57,0.456651550163343
"stan","constant",1600,57,0.458477067043555
"montoril","linear",1600,57,0.295068793068408
"pg_apf","linear",1600,57,0.282874952796517
"sir_laplace","linear",1600,57,0.284071623425763
"sir_collapsed","linear",1600,57,0.286826936721264
"stan","linear",1600,57,0.284169449432831
"montoril","quadratic",1600,57,0.272086914063438
"pg_apf","quadratic",1600,57,0.274090492369685
"sir_laplace","quadratic",1600,57,0.27531389640401
"sir_collapsed","quadratic",1600,57,0.276661209850856
"stan","quadratic",1600,57,0.274311808429606
"montoril","sinusoidal",1600,57,0.29660436576771
"pg_apf","sinusoidal",1600,57,0.284147372472369
"sir_laplace","sinusoidal",1600,57,0.288168055382873
"sir_collapsed","sinusoidal",1600,57,0.288938527005143
"stan","sinusoidal",1600,57,0.288701365340225
"montoril","constant",200,58,0.702482068904855
"pg_apf","constant",200,58,0.704188561336363
"sir_laplace","constant",200,58,0.700556844424815
"sir_collapsed","constant",200,58,0.694847673754218
"stan","constant",200,58,0.704728686730211
"montoril","linear",200,58,0.400654490304842
"pg_apf","linear",200,58,0.393390349302657
"sir_laplace","linear",200,58,0.390213271908464
"sir_collapsed","linear",200,58,0.384569853960165
"stan","linear",200,58,0.393428783884788
"montoril","quadratic",200,58,0.378231559873875
"pg_apf","quadratic",200,58,0.388701701486989
"sir_laplace","quadratic",200,58,0.380438522683618
"sir_collapsed","quadratic",200,58,0.376365769579623
"stan","quadratic",200,58,0.384991910682235
"montoril","sinusoidal",200,58,0.318305196577318
"pg_apf","sinusoidal",200,58,0.320550032550285
"sir_laplace","sinusoidal",200,58,0.320875330834581
"sir_collapsed","sinusoidal",200,58,0.318497689231246
"stan","sinusoidal",200,58,0.317825463387413
"montoril","constant",400,58,0.687086899379703
"pg_apf","constant",400,58,0.679227735686096
"sir_laplace","constant",400,58,0.674220918685249
"sir_collapsed","constant",400,58,0.668083936001638
"stan","constant",400,58,0.680782233251029
"montoril","linear",400,58,0.389891181357811
"pg_apf","linear",400,58,0.390723863986579
"sir_laplace","linear",400,58,0.388052987174909
"sir_collapsed","linear",400,58,0.384874219545958
"stan","linear",400,58,0.393605062157735
"montoril","quadratic",400,58,0.440880300453433
"pg_apf","quadratic",400,58,0.429520571154321
"sir_laplace","quadratic",400,58,0.426705815010156
"sir_collapsed","quadratic",400,58,0.42392727902519
"stan","quadratic",400,58,0.43199354355517
"montoril","sinusoidal",400,58,0.398709185617571
"pg_apf","sinusoidal",400,58,0.383473291081664
"sir_laplace","sinusoidal",400,58,0.384926505905789
"sir_collapsed","sinusoidal",400,58,0.382577143379774
"stan","sinusoidal",400,58,0.388086340989823
"montoril","constant",800,58,0.531482179692709
"pg_apf","constant",800,58,0.531211887976725
"sir_laplace","constant",800,58,0.527201609726383
"sir_collapsed","constant",800,58,0.52551061390813
"stan","constant",800,58,0.528401852174634
"montoril","linear",800,58,0.335004887210423
"pg_apf","linear",800,58,0.330961602656183
"sir_laplace","linear",800,58,0.329845986827122
"sir_collapsed","linear",800,58,0.329840700198501
"stan","linear",800,58,0.332445774811986
"montoril","quadratic",800,58,0.32418446749279
"pg_apf","quadratic",800,58,0.328590115674514
"sir_laplace","quadratic",800,58,0.328788585337374
"sir_collapsed","quadratic",800,58,0.327593992775488
"stan","quadratic",800,58,0.329164595978239
"montoril","sinusoidal",800,58,0.315737558401492
"pg_apf","sinusoidal",800,58,0.307715068120036
"sir_laplace","sinusoidal",800,58,0.311183209563854
"sir_collapsed","sinusoidal",800,58,0.309831806561986
"stan","sinusoidal",800,58,0.312254399487223
"montoril","constant",1600,58,0.483278564551818
"pg_apf","constant",1600,58,0.477889891460157
"sir_laplace","constant",1600,58,0.478799174699419
"sir_collapsed","constant",1600,58,0.481086871505181
"stan","constant",1600,58,0.4804153483
"montoril","linear",1600,58,0.323855811802278
"pg_apf","linear",1600,58,0.31113508240068
"sir_laplace","linear",1600,58,0.316569247803851
"sir_collapsed","linear",1600,58,0.315258519734536
"stan","linear",1600,58,0.312643461719159
"montoril","quadratic",1600,58,0.324728802452803
"pg_apf","quadratic",1600,58,0.312972306752484
"sir_laplace","quadratic",1600,58,0.319600718993809
"sir_collapsed","quadratic",1600,58,0.31777559294191
"stan","quadratic",1600,58,0.318477416058927
"montoril","sinusoidal",1600,58,0.356841303872751
"pg_apf","sinusoidal",1600,58,0.354525503787776
"sir_laplace","sinusoidal",1600,58,0.357784611013608
"sir_collapsed","sinusoidal",1600,58,0.359907512424226
"stan","sinusoidal",1600,58,0.361627749306154
"montoril","constant",200,59,0.742934264067914
"pg_apf","constant",200,59,0.740443868917767
"sir_laplace","constant",200,59,0.738597673340856
"sir_collapsed","constant",200,59,0.736964961278064
"stan","constant",200,59,0.740318959063072
"montoril","linear",200,59,0.419653655099767
"pg_apf","linear",200,59,0.414251156862814
"sir_laplace","linear",200,59,0.406401565517443
"sir_collapsed","linear",200,59,0.411600907998125
"stan","linear",200,59,0.418607605489694
"montoril","quadratic",200,59,0.450768999690913
"pg_apf","quadratic",200,59,0.437902590461192
"sir_laplace","quadratic",200,59,0.443533234190847
"sir_collapsed","quadratic",200,59,0.449348004293034
"stan","quadratic",200,59,0.443463710286432
"montoril","sinusoidal",200,59,0.375496997651414
"pg_apf","sinusoidal",200,59,0.382121857217247
"sir_laplace","sinusoidal",200,59,0.386279918894365
"sir_collapsed","sinusoidal",200,59,0.389867870631192
"stan","sinusoidal",200,59,0.393257733097175
"montoril","constant",400,59,0.630506752754746
"pg_apf","constant",400,59,0.633222784900602
"sir_laplace","constant",400,59,0.626903556095764
"sir_collapsed","constant",400,59,0.623687469797746
"stan","constant",400,59,0.632056695780394
"montoril","linear",400,59,0.375367114100943
"pg_apf","linear",400,59,0.374933624859135
"sir_laplace","linear",400,59,0.367911391203694
"sir_collapsed","linear",400,59,0.372685563838909
"stan","linear",400,59,0.379355939723623
"montoril","quadratic",400,59,0.361283426767316
"pg_apf","quadratic",400,59,0.364761740612044
"sir_laplace","quadratic",400,59,0.363686018349284
"sir_collapsed","quadratic",400,59,0.364668876937568
"stan","quadratic",400,59,0.369567009437222
"montoril","sinusoidal",400,59,0.38765969143894
"pg_apf","sinusoidal",400,59,0.398226105340497
"sir_laplace","sinusoidal",400,59,0.391276395630595
"sir_collapsed","sinusoidal",400,59,0.391627662843052
"stan","sinusoidal",400,59,0.395516902034797
"montoril","constant",800,59,0.524426428482706
"pg_apf","constant",800,59,0.526855328576927
"sir_laplace","constant",800,59,0.523209574231164
"sir_collapsed","constant",800,59,0.522006359265305
"stan","constant",800,59,0.525095640330733
"montoril","linear",800,59,0.291790682404139
"pg_apf","linear",800,59,0.295928394362199
"sir_laplace","linear",800,59,0.293659515539588
"sir_collapsed","linear",800,59,0.296528206451444
"stan","linear",800,59,0.295848208132234
"montoril","quadratic",800,59,0.297600298078538
"pg_apf","quadratic",800,59,0.293582931422569
"sir_laplace","quadratic",800,59,0.296277148172473
"sir_collapsed","quadratic",800,59,0.295087925246407
"stan","quadratic",800,59,0.297923052652978
"montoril","sinusoidal",800,59,0.311819067263909
"pg_apf","sinusoidal",800,59,0.308985040286994
"sir_laplace","sinusoidal",800,59,0.310850248787489
"sir_collapsed","sinusoidal",800,59,0.31261798580646
"stan","sinusoidal",800,59,0.309201188574493
"montoril","constant",1600,59,0.41869974115768
"pg_apf","constant",1600,59,0.419845375546154
"sir_laplace","constant",1600,59,0.419659937125688
"sir_collapsed","constant",1600,59,0.419867674675383
"stan","constant",1600,59,0.419018403366495
"montoril","linear",1600,59,0.293101121750471
"pg_apf","linear",1600,59,0.289110249654849
"sir_laplace","linear",1600,59,0.291983255215797
"sir_collapsed","linear",1600,59,0.295234185998551
"stan","linear",1600,59,0.28932931717635
"montoril","quadratic",1600,59,0.269891068674181
"pg_apf","quadratic",1600,59,0.266620351679764
"sir_laplace","quadratic",1600,59,0.270260202677359
"sir_collapsed","quadratic",1600,59,0.275221786261801
"stan","quadratic",1600,59,0.26676842466483
"montoril","sinusoidal",1600,59,0.275542591396422
"pg_apf","sinusoidal",1600,59,0.271367879603957
"sir_laplace","sinusoidal",1600,59,0.273872169948411
"sir_collapsed","sinusoidal",1600,59,0.278998605547116
"stan","sinusoidal",1600,59,0.273632860877583
"montoril","constant",200,60,0.806766966106924
"pg_apf","constant",200,60,0.803851851359377
"sir_laplace","constant",200,60,0.801763398978825
"sir_collapsed","constant",200,60,0.795603529427918
"stan","constant",200,60,0.806689157018171
"montoril","linear",200,60,0.414893876650116
"pg_apf","linear",200,60,0.402963166030554
"sir_laplace","linear",200,60,0.401344634762915
"sir_collapsed","linear",200,60,0.396360769279933
"stan","linear",200,60,0.402274977707908
"montoril","quadratic",200,60,0.402640600821006
"pg_apf","quadratic",200,60,0.411548211931496
"sir_laplace","quadratic",200,60,0.407160806754722
"sir_collapsed","quadratic",200,60,0.405603787618464
"stan","quadratic",200,60,0.406406862063141
"montoril","sinusoidal",200,60,0.304538652254658
"pg_apf","sinusoidal",200,60,0.306139709128666
"sir_laplace","sinusoidal",200,60,0.304201790470277
"sir_collapsed","sinusoidal",200,60,0.303701385533807
"stan","sinusoidal",200,60,0.30523223715117
"montoril","constant",400,60,0.635470652602513
"pg_apf","constant",400,60,0.636188596649381
"sir_laplace","constant",400,60,0.636668756658539
"sir_collapsed","constant",400,60,0.636761566188954
"stan","constant",400,60,0.636695452548819
"montoril","linear",400,60,0.363094091839307
"pg_apf","linear",400,60,0.349139447942832
"sir_laplace","linear",400,60,0.351208999098335
"sir_collapsed","linear",400,60,0.35683711250329
"stan","linear",400,60,0.350949311402864
"montoril","quadratic",400,60,0.321118321624617
"pg_apf","quadratic",400,60,0.328401508549161
"sir_laplace","quadratic",400,60,0.32941588400712
"sir_collapsed","quadratic",400,60,0.331847022745065
"stan","quadratic",400,60,0.324644515567657
"montoril","sinusoidal",400,60,0.389587902790753
"pg_apf","sinusoidal",400,60,0.381033688449323
"sir_laplace","sinusoidal",400,60,0.380325275996295
"sir_collapsed","sinusoidal",400,60,0.385053877216689
"stan","sinusoidal",400,60,0.382270061139839
"montoril","constant",800,60,0.562352595824494
"pg_apf","constant",800,60,0.567206766466594
"sir_laplace","constant",800,60,0.561673432233271
"sir_collapsed","constant",800,60,0.559014005445053
"stan","constant",800,60,0.563206268281958
"montoril","linear",800,60,0.306846213945571
"pg_apf","linear",800,60,0.300439641014729
"sir_laplace","linear",800,60,0.301547503903929
"sir_collapsed","linear",800,60,0.302390750481608
"stan","linear",800,60,0.300235868850283
"montoril","quadratic",800,60,0.321160418216053
"pg_apf","quadratic",800,60,0.310067649204931
"sir_laplace","quadratic",800,60,0.310732073881684
"sir_collapsed","quadratic",800,60,0.311907071553613
"stan","quadratic",800,60,0.30928596935175
"montoril","sinusoidal",800,60,0.322308004070535
"pg_apf","sinusoidal",800,60,0.319345618405323
"sir_laplace","sinusoidal",800,60,0.319355954062436
"sir_collapsed","sinusoidal",800,60,0.323049408053248
"stan","sinusoidal",800,60,0.318668563241464
"montoril","constant",1600,60,0.43044321754376
"pg_apf","constant",1600,60,0.422511480631395
"sir_laplace","constant",1600,60,0.423253469865614
"sir_collapsed","constant",1600,60,0.421931181558805
"stan","constant",1600,60,0.422021564009438
"montoril","linear",1600,60,0.292654209709515
"pg_apf","linear",1600,60,0.282867260519504
"sir_laplace","linear",1600,60,0.285563202160705
"sir_collapsed","linear",1600,60,0.286654240490093
"stan","linear",1600,60,0.284898002977965
"montoril","quadratic",1600,60,0.294799770486282
"pg_apf","quadratic",1600,60,0.293904512452195
"sir_laplace","quadratic",1600,60,0.29352734984337
"sir_collapsed","quadratic",1600,60,0.296161659215339
"stan","quadratic",1600,60,0.294843099163011
"montoril","sinusoidal",1600,60,0.304140749646405
"pg_apf","sinusoidal",1600,60,0.292227710367578
"sir_laplace","sinusoidal",1600,60,0.293208549674221
"sir_collapsed","sinusoidal",1600,60,0.296825534039814
"stan","sinusoidal",1600,60,0.296433379077075
"montoril","constant",200,61,0.86818826842795
"pg_apf","constant",200,61,0.863289922438141
"sir_laplace","constant",200,61,0.852147309250225
"sir_collapsed","constant",200,61,0.842381220577365
"stan","constant",200,61,0.85787028193473
"montoril","linear",200,61,0.529682478386615
"pg_apf","linear",200,61,0.530194541550051
"sir_laplace","linear",200,61,0.520526773550797
"sir_collapsed","linear",200,61,0.518270414148561
"stan","linear",200,61,0.52920483146561
"montoril","quadratic",200,61,0.502904374657734
"pg_apf","quadratic",200,61,0.50017995622292
"sir_laplace","quadratic",200,61,0.496801921626043
"sir_collapsed","quadratic",200,61,0.490382776500981
"stan","quadratic",200,61,0.502296055707034
"montoril","sinusoidal",200,61,0.515881714200975
"pg_apf","sinusoidal",200,61,0.517953199338833
"sir_laplace","sinusoidal",200,61,0.516590081095379
"sir_collapsed","sinusoidal",200,61,0.50614495206836
"stan","sinusoidal",200,61,0.519921659197623
"montoril","constant",400,61,0.726790440501982
"pg_apf","constant",400,61,0.737375341882645
"sir_laplace","constant",400,61,0.734768428833655
"sir_collapsed","constant",400,61,0.732814782821681
"stan","constant",400,61,0.731618635357322
"montoril","linear",400,61,0.427127128891255
"pg_apf","linear",400,61,0.420421037423854
"sir_laplace","linear",400,61,0.424568723553167
"sir_collapsed","linear",400,61,0.429783826074889
"stan","linear",400,61,0.422337458177063
"montoril","quadratic",400,61,0.399565092632438
"pg_apf","quadratic",400,61,0.400855391004137
"sir_laplace","quadratic",400,61,0.405229081993264
"sir_collapsed","quadratic",400,61,0.410410763950314
"stan","quadratic",400,61,0.402935111894145
"montoril","sinusoidal",400,61,0.456665537344475
"pg_apf","sinusoidal",400,61,0.454772673523236
"sir_laplace","sinusoidal",400,61,0.454635171325888
"sir_collapsed","sinusoidal",400,61,0.459187379599252
"stan","sinusoidal",400,61,0.455198334331994
"montoril","constant",800,61,0.569454390599522
"pg_apf","constant",800,61,0.567648655070827
"sir_laplace","constant",800,61,0.569461025478365
"sir_collapsed","constant",800,61,0.571760391684078
"stan","constant",800,61,0.567935458969677
"montoril","linear",800,61,0.44084677082801
"pg_apf","linear",800,61,0.439802651489007
"sir_laplace","linear",800,61,0.438250673148736
"sir_collapsed","linear",800,61,0.447167438658321
"stan","linear",800,61,0.439815205164303
"montoril","quadratic",800,61,0.4412704129515
"pg_apf","quadratic",800,61,0.434316110335461
"sir_laplace","quadratic",800,61,0.437175984845014
"sir_collapsed","quadratic",800,61,0.442275354114059
"stan","quadratic",800,61,0.436405598813126
"montoril","sinusoidal",800,61,0.444216634172289
"pg_apf","sinusoidal",800,61,0.432379918312489
"sir_laplace","sinusoidal",800,61,0.436424805939616
"sir_collapsed","sinusoidal",800,61,0.440831134572832
"stan","sinusoidal",800,61,0.438893140720711
"montoril","constant",1600,61,0.451801246015987
"pg_apf","constant",1600,61,0.455545755325354
"sir_laplace","constant",1600,61,0.455047694837034
"sir_collapsed","constant",1600,61,0.456897138695513
"stan","constant",1600,61,0.455012161649155
"montoril","linear",1600,61,0.342606972747157
"pg_apf","linear",1600,61,0.337821823705618
"sir_laplace","linear",1600,61,0.340538081094735
"sir_collapsed","linear",1600,61,0.343109869229605
"stan","linear",1600,61,0.339663984352034
"montoril","quadratic",1600,61,0.358129636012277
"pg_apf","quadratic",1600,61,0.353459038030785
"sir_laplace","quadratic",1600,61,0.354531062716778
"sir_collapsed","quadratic",1600,61,0.357410866568054
"stan","quadratic",1600,61,0.355221649995107
"montoril","sinusoidal",1600,61,0.35354993346035
"pg_apf","sinusoidal",1600,61,0.34930997924009
"sir_laplace","sinusoidal",1600,61,0.350064107370174
"sir_collapsed","sinusoidal",1600,61,0.353599435698701
"stan","sinusoidal",1600,61,0.350378848032994
"montoril","constant",200,62,0.621763458872102
"pg_apf","constant",200,62,0.62011608249364
"sir_laplace","constant",200,62,0.621208133190494
"sir_collapsed","constant",200,62,0.626627409827549
"stan","constant",200,62,0.615529087700848
"montoril","linear",200,62,0.289165887849573
"pg_apf","linear",200,62,0.296455896455456
"sir_laplace","linear",200,62,0.299242982766508
"sir_collapsed","linear",200,62,0.308304776001352
"stan","linear",200,62,0.301274819530109
"montoril","quadratic",200,62,0.353548347110226
"pg_apf","quadratic",200,62,0.354528845891811
"sir_laplace","quadratic",200,62,0.359251450015597
"sir_collapsed","quadratic",200,62,0.358919321421056
"stan","quadratic",200,62,0.358706429424446
"montoril","sinusoidal",200,62,0.333488306861893
"pg_apf","sinusoidal",200,62,0.325086301320569
"sir_laplace","sinusoidal",200,62,0.328348642753791
"sir_collapsed","sinusoidal",200,62,0.34187357416304
"stan","sinusoidal",200,62,0.334964225144215
"montoril","constant",400,62,0.663900937080865
"pg_apf","constant",400,62,0.654921672321461
"sir_laplace","constant",400,62,0.65190749148776
"sir_collapsed","constant",400,62,0.647689816579369
"stan","constant",400,62,0.65559718612859
"montoril","linear",400,62,0.331064864604317
"pg_apf","linear",400,62,0.339896922186014
"sir_laplace","linear",400,62,0.332959425988357
"sir_collapsed","linear",400,62,0.331467541618692
"stan","linear",400,62,0.338454670319417
"montoril","quadratic",400,62,0.325210092336341
"pg_apf","quadratic",400,62,0.339732881692251
"sir_laplace","quadratic",400,62,0.334254996180968
"sir_collapsed","quadratic",400,62,0.332319099922648
"stan","quadratic",400,62,0.337059127611693
"montoril","sinusoidal",400,62,0.39925945004859
"pg_apf","sinusoidal",400,62,0.391429520505566
"sir_laplace","sinusoidal",400,62,0.380598998332191
"sir_collapsed","sinusoidal",400,62,0.384353065327333
"stan","sinusoidal",400,62,0.390066586067721
"montoril","constant",800,62,0.587646176030412
"pg_apf","constant",800,62,0.585113281446844
"sir_laplace","constant",800,62,0.585529049279085
"sir_collapsed","constant",800,62,0.586155833553357
"stan","constant",800,62,0.585319827370344
"montoril","linear",800,62,0.349455651883578
"pg_apf","linear",800,62,0.340920631845166
"sir_laplace","linear",800,62,0.341637662188476
"sir_collapsed","linear",800,62,0.344352916254648
"stan","linear",800,62,0.340560464344626
"montoril","quadratic",800,62,0.347368381278684
"pg_apf","quadratic",800,62,0.329276801347399
"sir_laplace","quadratic",800,62,0.328251939657282
"sir_collapsed","quadratic",800,62,0.332755451941936
"stan","quadratic",800,62,0.329180427723314
"montoril","sinusoidal",800,62,0.368294173877268
"pg_apf","sinusoidal",800,62,0.361853363691486
"sir_laplace","sinusoidal",800,62,0.363425204147036
"sir_collapsed","sinusoidal",800,62,0.367952104746883
"stan","sinusoidal",800,62,0.36285323035831
"montoril","constant",1600,62,0.464988540425015
"pg_apf","constant",1600,62,0.461975549021584
"sir_laplace","constant",1600,62,0.46644354282587
"sir_collapsed","constant",1600,62,0.468859961245296
"stan","constant",1600,62,0.463336021769531
"montoril","linear",1600,62,0.347892358621546
"pg_apf","linear",1600,62,0.331871703014049
"sir_laplace","linear",1600,62,0.334938146048795
"sir_collapsed","linear",1600,62,0.340277148237266
"stan","linear",1600,62,0.335187846294506
"montoril","quadratic",1600,62,0.345948697132614
"pg_apf","quadratic",1600,62,0.335517226464768
"sir_laplace","quadratic",1600,62,0.343053799731967
"sir_collapsed","quadratic",1600,62,0.347357668491165
"stan","quadratic",1600,62,0.342247077178075
"montoril","sinusoidal",1600,62,0.353171182168963
"pg_apf","sinusoidal",1600,62,0.354808468877655
"sir_laplace","sinusoidal",1600,62,0.361615239438994
"sir_collapsed","sinusoidal",1600,62,0.361157400316801
"stan","sinusoidal",1600,62,0.359323031804974
"montoril","constant",200,63,0.857536494672011
"pg_apf","constant",200,63,0.86820765784433
"sir_laplace","constant",200,63,0.860173418023295
"sir_collapsed","constant",200,63,0.855575466748852
"stan","constant",200,63,0.864607727476031
"montoril","linear",200,63,0.470753829190171
"pg_apf","linear",200,63,0.461249322895492
"sir_laplace","linear",200,63,0.455299843501317
"sir_collapsed","linear",200,63,0.445467391936401
"stan","linear",200,63,0.457244564944462
"montoril","quadratic",200,63,0.45775734487819
"pg_apf","quadratic",200,63,0.448072557412358
"sir_laplace","quadratic",200,63,0.442172036023324
"sir_collapsed","quadratic",200,63,0.43517763321228
"stan","quadratic",200,63,0.44944374402067
"montoril","sinusoidal",200,63,0.456119828806923
"pg_apf","sinusoidal",200,63,0.45872131041646
"sir_laplace","sinusoidal",200,63,0.45882186734503
"sir_collapsed","sinusoidal",200,63,0.453218957457811
"stan","sinusoidal",200,63,0.465205067171013
"montoril","constant",400,63,0.625701725596317
"pg_apf","constant",400,63,0.625937616173429
"sir_laplace","constant",400,63,0.62392793058626
"sir_collapsed","constant",400,63,0.620670063823246
"stan","constant",400,63,0.631701539408401
"montoril","linear",400,63,0.437688101141706
"pg_apf","linear",400,63,0.432574942660346
"sir_laplace","linear",400,63,0.43394850229302
"sir_collapsed","linear",400,63,0.426791690273388
"stan","linear",400,63,0.433636145634196
"montoril","quadratic",400,63,0.451868039955879
"pg_apf","quadratic",400,63,0.446277586262337
"sir_laplace","quadratic",400,63,0.439792238561821
"sir_collapsed","quadratic",400,63,0.43937982532416
"stan","quadratic",400,63,0.444478888860558
"montoril","sinusoidal",400,63,0.416192419111019
"pg_apf","sinusoidal",400,63,0.42088665470695
"sir_laplace","sinusoidal",400,63,0.418085410740479
"sir_collapsed","sinusoidal",400,63,0.419528172334559
"stan","sinusoidal",400,63,0.422868478474188
"montoril","constant",800,63,0.590609299643553
"pg_apf","constant",800,63,0.592584283497059
"sir_laplace","constant",800,63,0.591260629328991
"sir_collapsed","constant",800,63,0.594524287940528
"stan","constant",800,63,0.592908026846553
"montoril","linear",800,63,0.402971224451018
"pg_apf","linear",800,63,0.387248308849123
"sir_laplace","linear",800,63,0.396396880865314
"sir_collapsed","linear",800,63,0.3978224826208
"stan","linear",800,63,0.392030892943213
"montoril","quadratic",800,63,0.407619675446984
"pg_apf","quadratic",800,63,0.395794456111972
"sir_laplace","quadratic",800,63,0.39689128220929
"sir_collapsed","quadratic",800,63,0.403198110998123
"stan","quadratic",800,63,0.398185459285269
"montoril","sinusoidal",800,63,0.409604510162185
"pg_apf","sinusoidal",800,63,0.406452318211074
"sir_laplace","sinusoidal",800,63,0.408219233550586
"sir_collapsed","sinusoidal",800,63,0.415864416187136
"stan","sinusoidal",800,63,0.411345149102081
"montoril","constant",1600,63,0.472111621523084
"pg_apf","constant",1600,63,0.473350909572757
"sir_laplace","constant",1600,63,0.474884862272791
"sir_collapsed","constant",1600,63,0.477300638650305
"stan","constant",1600,63,0.471777824843038
"montoril","linear",1600,63,0.325992942229256
"pg_apf","linear",1600,63,0.322967927558408
"sir_laplace","linear",1600,63,0.326538368528566
"sir_collapsed","linear",1600,63,0.333460824964869
"stan","linear",1600,63,0.328596166362961
"montoril","quadratic",1600,63,0.319330413478378
"pg_apf","quadratic",1600,63,0.324531807452994
"sir_laplace","quadratic",1600,63,0.330345494192531
"sir_collapsed","quadratic",1600,63,0.3332762723202
"stan","quadratic",1600,63,0.32723240552247
"montoril","sinusoidal",1600,63,0.32152836761293
"pg_apf","sinusoidal",1600,63,0.323194358190985
"sir_laplace","sinusoidal",1600,63,0.327694666926294
"sir_collapsed","sinusoidal",1600,63,0.331487319577065
"stan","sinusoidal",1600,63,0.327480134611146
"montoril","constant",200,64,0.757565011215654
"pg_apf","constant",200,64,0.760418276986479
"sir_laplace","constant",200,64,0.758570589118679
"sir_collapsed","constant",200,64,0.764599792123377
"stan","constant",200,64,0.756343745223944
"montoril","linear",200,64,0.405404596844362
"pg_apf","linear",200,64,0.396863447170619
"sir_laplace","linear",200,64,0.396467403806061
"sir_collapsed","linear",200,64,0.406817611094795
"stan","linear",200,64,0.404217751962265
"montoril","quadratic",200,64,0.457958103594585
"pg_apf","quadratic",200,64,0.44974588035297
"sir_laplace","quadratic",200,64,0.449555285761583
"sir_collapsed","quadratic",200,64,0.45568971019531
"stan","quadratic",200,64,0.455548658965231
"montoril","sinusoidal",200,64,0.421106773189799
"pg_apf","sinusoidal",200,64,0.40199445023684
"sir_laplace","sinusoidal",200,64,0.39764452375574
"sir_collapsed","sinusoidal",200,64,0.410090151145939
"stan","sinusoidal",200,64,0.405205350789948
"montoril","constant",400,64,0.577123324948908
"pg_apf","constant",400,64,0.5816024781939
"sir_laplace","constant",400,64,0.582581961578439
"sir_collapsed","constant",400,64,0.587577899844823
"stan","constant",400,64,0.579822435951074
"montoril","linear",400,64,0.360320628723866
"pg_apf","linear",400,64,0.357744696188463
"sir_laplace","linear",400,64,0.364187586806238
"sir_collapsed","linear",400,64,0.36992911754093
"stan","linear",400,64,0.357126687534131
"montoril","quadratic",400,64,0.35182064231683
"pg_apf","quadratic",400,64,0.345450250158938
"sir_laplace","quadratic",400,64,0.351037766305589
"sir_collapsed","quadratic",400,64,0.360963097924303
"stan","quadratic",400,64,0.347727812288939
"montoril","sinusoidal",400,64,0.356944425232321
"pg_apf","sinusoidal",400,64,0.3477056000538
"sir_laplace","sinusoidal",400,64,0.353370115958698
"sir_collapsed","sinusoidal",400,64,0.363331844821761
"stan","sinusoidal",400,64,0.348421747348375
"montoril","constant",800,64,0.565057817215066
"pg_apf","constant",800,64,0.566477006827948
"sir_laplace","constant",800,64,0.562717776585323
"sir_collapsed","constant",800,64,0.563886703053432
"stan","constant",800,64,0.564547799619125
"montoril","linear",800,64,0.322351046784707
"pg_apf","linear",800,64,0.312813338959045
"sir_laplace","linear",800,64,0.316356837407653
"sir_collapsed","linear",800,64,0.317730699737049
"stan","linear",800,64,0.317630759240721
"montoril","quadratic",800,64,0.302726373604074
"pg_apf","quadratic",800,64,0.302965982787147
"sir_laplace","quadratic",800,64,0.306964382662831
"sir_collapsed","quadratic",800,64,0.310583007121039
"stan","quadratic",800,64,0.305677457427013
"montoril","sinusoidal",800,64,0.339716188888338
"pg_apf","sinusoidal",800,64,0.34129832368702
"sir_laplace","sinusoidal",800,64,0.344352372438899
"sir_collapsed","sinusoidal",800,64,0.343941565755182
"stan","sinusoidal",800,64,0.343604186847926
"montoril","constant",1600,64,0.470492052868972
"pg_apf","constant",1600,64,0.470471267973767
"sir_laplace","constant",1600,64,0.470115914451987
"sir_collapsed","constant",1600,64,0.470985163121609
"stan","constant",1600,64,0.469870554534832
"montoril","linear",1600,64,0.315159220264815
"pg_apf","linear",1600,64,0.303484039606954
"sir_laplace","linear",1600,64,0.307939888679727
"sir_collapsed","linear",1600,64,0.311077002639967
"stan","linear",1600,64,0.311143865054014
"montoril","quadratic",1600,64,0.302531853466812
"pg_apf","quadratic",1600,64,0.297494781505824
"sir_laplace","quadratic",1600,64,0.301122305974711
"sir_collapsed","quadratic",1600,64,0.302686021531207
"stan","quadratic",1600,64,0.301046876516069
"montoril","sinusoidal",1600,64,0.305466685927147
"pg_apf","sinusoidal",1600,64,0.312296574769494
"sir_laplace","sinusoidal",1600,64,0.316797939027278
"sir_collapsed","sinusoidal",1600,64,0.317321659721872
"stan","sinusoidal",1600,64,0.314397022171406
"montoril","constant",200,65,0.896234685740849
"pg_apf","constant",200,65,0.907355578946551
"sir_laplace","constant",200,65,0.897275007111069
"sir_collapsed","constant",200,65,0.894645786439599
"stan","constant",200,65,0.899172898982442
"montoril","linear",200,65,0.377366833340297
"pg_apf","linear",200,65,0.388096835315771
"sir_laplace","linear",200,65,0.378030441285774
"sir_collapsed","linear",200,65,0.378336812440669
"stan","linear",200,65,0.390122360425299
"montoril","quadratic",200,65,0.437290158096513
"pg_apf","quadratic",200,65,0.450955919819375
"sir_laplace","quadratic",200,65,0.443574973722674
"sir_collapsed","quadratic",200,65,0.440845456017403
"stan","quadratic",200,65,0.449166450666978
"montoril","sinusoidal",200,65,0.40504310782191
"pg_apf","sinusoidal",200,65,0.409038932268255
"sir_laplace","sinusoidal",200,65,0.410870833615571
"sir_collapsed","sinusoidal",200,65,0.399947689908017
"stan","sinusoidal",200,65,0.407877508119915
"montoril","constant",400,65,0.732680362043224
"pg_apf","constant",400,65,0.732237655903805
"sir_laplace","constant",400,65,0.733698610831002
"sir_collapsed","constant",400,65,0.737308857424023
"stan","constant",400,65,0.732217743960447
"montoril","linear",400,65,0.418200370291364
"pg_apf","linear",400,65,0.418393006091127
"sir_laplace","linear",400,65,0.420894384899257
"sir_collapsed","linear",400,65,0.42650001408259
"stan","linear",400,65,0.418807757421062
"montoril","quadratic",400,65,0.371356281025872
"pg_apf","quadratic",400,65,0.369891468761686
"sir_laplace","quadratic",400,65,0.369091841460053
"sir_collapsed","quadratic",400,65,0.373521532692232
"stan","quadratic",400,65,0.367008900410442
"montoril","sinusoidal",400,65,0.41673831370725
"pg_apf","sinusoidal",400,65,0.420040371665995
"sir_laplace","sinusoidal",400,65,0.425699325743873
"sir_collapsed","sinusoidal",400,65,0.432926707548761
"stan","sinusoidal",400,65,0.421790580087019
"montoril","constant",800,65,0.504507503636896
"pg_apf","constant",800,65,0.507115529880818
"sir_laplace","constant",800,65,0.503601157135722
"sir_collapsed","constant",800,65,0.502169115726632
"stan","constant",800,65,0.504500947867883
"montoril","linear",800,65,0.30228164689295
"pg_apf","linear",800,65,0.291857064886503
"sir_laplace","linear",800,65,0.290172647408071
"sir_collapsed","linear",800,65,0.29305642604983
"stan","linear",800,65,0.292417463961111
"montoril","quadratic",800,65,0.264277873434037
"pg_apf","quadratic",800,65,0.267956167625066
"sir_laplace","quadratic",800,65,0.268819521547445
"sir_collapsed","quadratic",800,65,0.270530966299227
"stan","quadratic",800,65,0.267038391707035
"montoril","sinusoidal",800,65,0.263950372565045
"pg_apf","sinusoidal",800,65,0.267324341432138
"sir_laplace","sinusoidal",800,65,0.267732757843003
"sir_collapsed","sinusoidal",800,65,0.268682622735744
"stan","sinusoidal",800,65,0.268843200074056
"montoril","constant",1600,65,0.476707594673598
"pg_apf","constant",1600,65,0.474475263361283
"sir_laplace","constant",1600,65,0.472701165923145
"sir_collapsed","constant",1600,65,0.474594607008005
"stan","constant",1600,65,0.473325921311006
"montoril","linear",1600,65,0.35350678460951
"pg_apf","linear",1600,65,0.361283731513093
"sir_laplace","linear",1600,65,0.363016416864194
"sir_collapsed","linear",1600,65,0.365000704484759
"stan","linear",1600,65,0.364755240183584
"montoril","quadratic",1600,65,0.333020144675154
"pg_apf","quadratic",1600,65,0.343661134631661
"sir_laplace","quadratic",1600,65,0.345201566748673
"sir_collapsed","quadratic",1600,65,0.348965000813158
"stan","quadratic",1600,65,0.345842950276418
"montoril","sinusoidal",1600,65,0.359533270501398
"pg_apf","sinusoidal",1600,65,0.358100995457276
"sir_laplace","sinusoidal",1600,65,0.363398733052838
"sir_collapsed","sinusoidal",1600,65,0.362550436633287
"stan","sinusoidal",1600,65,0.361799385951845
"montoril","constant",200,66,0.748907907362958
"pg_apf","constant",200,66,0.743326244663479
"sir_laplace","constant",200,66,0.751294358991655
"sir_collapsed","constant",200,66,0.746012939329795
"stan","constant",200,66,0.752471408615451
"montoril","linear",200,66,0.571999826450114
"pg_apf","linear",200,66,0.579289938308041
"sir_laplace","linear",200,66,0.572356775441795
"sir_collapsed","linear",200,66,0.581529529990915
"stan","linear",200,66,0.575605017615162
"montoril","quadratic",200,66,0.583350258444016
"pg_apf","quadratic",200,66,0.590262241573283
"sir_laplace","quadratic",200,66,0.585926292042124
"sir_collapsed","quadratic",200,66,0.590713524974784
"stan","quadratic",200,66,0.584973405899952
"montoril","sinusoidal",200,66,0.561909201272616
"pg_apf","sinusoidal",200,66,0.54717330143515
"sir_laplace","sinusoidal",200,66,0.541789941309803
"sir_collapsed","sinusoidal",200,66,0.552288027333919
"stan","sinusoidal",200,66,0.550654164896342
"montoril","constant",400,66,0.588012973796798
"pg_apf","constant",400,66,0.585078175415492
"sir_laplace","constant",400,66,0.586502414884644
"sir_collapsed","constant",400,66,0.584848621788323
"stan","constant",400,66,0.588207603596335
"montoril","linear",400,66,0.321953946110032
"pg_apf","linear",400,66,0.326528856781612
"sir_laplace","linear",400,66,0.327307723869306
"sir_collapsed","linear",400,66,0.33073454057149
"stan","linear",400,66,0.326442007667161
"montoril","quadratic",400,66,0.335379713977891
"pg_apf","quadratic",400,66,0.325755225396199
"sir_laplace","quadratic",400,66,0.327179485336354
"sir_collapsed","quadratic",400,66,0.329694188795916
"stan","quadratic",400,66,0.327679689799126
"montoril","sinusoidal",400,66,0.367238054537714
"pg_apf","sinusoidal",400,66,0.361097908500195
"sir_laplace","sinusoidal",400,66,0.361188321532253
"sir_collapsed","sinusoidal",400,66,0.367103675132717
"stan","sinusoidal",400,66,0.363738865083885
"montoril","constant",800,66,0.522142959016754
"pg_apf","constant",800,66,0.526391718587037
"sir_laplace","constant",800,66,0.521448489769054
"sir_collapsed","constant",800,66,0.521524530869202
"stan","constant",800,66,0.522678794819972
"montoril","linear",800,66,0.288521622654366
"pg_apf","linear",800,66,0.281785885861335
"sir_laplace","linear",800,66,0.283425749784482
"sir_collapsed","linear",800,66,0.287927733887835
"stan","linear",800,66,0.284461883777403
"montoril","quadratic",800,66,0.326826727626312
"pg_apf","quadratic",800,66,0.309999327280035
"sir_laplace","quadratic",800,66,0.308810202350169
"sir_collapsed","quadratic",800,66,0.317980531271671
"stan","quadratic",800,66,0.307970153702658
"montoril","sinusoidal",800,66,0.341793394117874
"pg_apf","sinusoidal",800,66,0.330459869551212
"sir_laplace","sinusoidal",800,66,0.335625008946367
"sir_collapsed","sinusoidal",800,66,0.339533136828204
"stan","sinusoidal",800,66,0.333830316641263
"montoril","constant",1600,66,0.440785704950222
"pg_apf","constant",1600,66,0.439482921057776
"sir_laplace","constant",1600,66,0.440938396539186
"sir_collapsed","constant",1600,66,0.441030651528495
"stan","constant",1600,66,0.440190806361695
"montoril","linear",1600,66,0.295755691143025
"pg_apf","linear",1600,66,0.299213360940748
"sir_laplace","linear",1600,66,0.299383592424876
"sir_collapsed","linear",1600,66,0.301879306363693
"stan","linear",1600,66,0.301271231378516
"montoril","quadratic",1600,66,0.332421758374528
"pg_apf","quadratic",1600,66,0.325826732734828
"sir_laplace","quadratic",1600,66,0.330881970407705
"sir_collapsed","quadratic",1600,66,0.330470828527645
"stan","quadratic",1600,66,0.331987269935956
"montoril","sinusoidal",1600,66,0.32799394503458
"pg_apf","sinusoidal",1600,66,0.329106834437699
"sir_laplace","sinusoidal",1600,66,0.333797025272423
"sir_collapsed","sinusoidal",1600,66,0.334170815405581
"stan","sinusoidal",1600,66,0.33092001552072
"montoril","constant",200,67,0.786065883548473
"pg_apf","constant",200,67,0.779118459748633
"sir_laplace","constant",200,67,0.784755132501298
"sir_collapsed","constant",200,67,0.78894028469213
"stan","constant",200,67,0.782890646194226
"montoril","linear",200,67,0.419613565647016
"pg_apf","linear",200,67,0.423352757589202
"sir_laplace","linear",200,67,0.430777535586813
"sir_collapsed","linear",200,67,0.434540795139975
"stan","linear",200,67,0.423755925249245
"montoril","quadratic",200,67,0.415968886338552
"pg_apf","quadratic",200,67,0.42598147453253
"sir_laplace","quadratic",200,67,0.430442711881967
"sir_collapsed","quadratic",200,67,0.438068737700723
"stan","quadratic",200,67,0.426372540907424
"montoril","sinusoidal",200,67,0.382208555211795
"pg_apf","sinusoidal",200,67,0.367153367566435
"sir_laplace","sinusoidal",200,67,0.367732369230072
"sir_collapsed","sinusoidal",200,67,0.377444349403955
"stan","sinusoidal",200,67,0.370948971784952
"montoril","constant",400,67,0.594369670061284
"pg_apf","constant",400,67,0.605269668960996
"sir_laplace","constant",400,67,0.601989270082719
"sir_collapsed","constant",400,67,0.600467026941526
"stan","constant",400,67,0.600866615304951
"montoril","linear",400,67,0.33816160348164
"pg_apf","linear",400,67,0.332044968018499
"sir_laplace","linear",400,67,0.337358922298595
"sir_collapsed","linear",400,67,0.344057405430637
"stan","linear",400,67,0.33286541440308
"montoril","quadratic",400,67,0.371947389348463
"pg_apf","quadratic",400,67,0.365574213309125
"sir_laplace","quadratic",400,67,0.370404487538225
"sir_collapsed","quadratic",400,67,0.372561881832562
"stan","quadratic",400,67,0.362576585534275
"montoril","sinusoidal",400,67,0.34964742518765
"pg_apf","sinusoidal",400,67,0.347178182668449
"sir_laplace","sinusoidal",400,67,0.346556657021382
"sir_collapsed","sinusoidal",400,67,0.355736326564793
"stan","sinusoidal",400,67,0.344101564106596
"montoril","constant",800,67,0.49349176421622
"pg_apf","constant",800,67,0.501235519865901
"sir_laplace","constant",800,67,0.498760162619096
"sir_collapsed","constant",800,67,0.497315175498936
"stan","constant",800,67,0.500007567171313
"montoril","linear",800,67,0.272333249470861
"pg_apf","linear",800,67,0.261729854585704
"sir_laplace","linear",800,67,0.263908728999006
"sir_collapsed","linear",800,67,0.26827206290544
"stan","linear",800,67,0.262797285589564
"montoril","quadratic",800,67,0.267429751488896
"pg_apf","quadratic",800,67,0.253160280958286
"sir_laplace","quadratic",800,67,0.257231431233063
"sir_collapsed","quadratic",800,67,0.258158703364119
"stan","quadratic",800,67,0.253891708388625
"montoril","sinusoidal",800,67,0.277491277852938
"pg_apf","sinusoidal",800,67,0.281426230620991
"sir_laplace","sinusoidal",800,67,0.281759269316331
"sir_collapsed","sinusoidal",800,67,0.285006274478282
"stan","sinusoidal",800,67,0.282200703435323
"montoril","constant",1600,67,0.492484966372066
"pg_apf","constant",1600,67,0.495571686576277
"sir_laplace","constant",1600,67,0.497773996285782
"sir_collapsed","constant",1600,67,0.498498141560952
"stan","constant",1600,67,0.499262215640084
"montoril","linear",1600,67,0.334307874306192
"pg_apf","linear",1600,67,0.32617029574098
"sir_laplace","linear",1600,67,0.327181532731172
"sir_collapsed","linear",1600,67,0.330802625405898
"stan","linear",1600,67,0.332304458738799
"montoril","quadratic",1600,67,0.334181867765913
"pg_apf","quadratic",1600,67,0.328998079113218
"sir_laplace","quadratic",1600,67,0.335967077802097
"sir_collapsed","quadratic",1600,67,0.334550675616713
"stan","quadratic",1600,67,0.331948987203507
"montoril","sinusoidal",1600,67,0.375738135766015
"pg_apf","sinusoidal",1600,67,0.363591040462575
"sir_laplace","sinusoidal",1600,67,0.363820457232937
"sir_collapsed","sinusoidal",1600,67,0.368825490373985
"stan","sinusoidal",1600,67,0.366686519248719
"montoril","constant",200,68,0.7408859693804
"pg_apf","constant",200,68,0.750443061664363
"sir_laplace","constant",200,68,0.740878009091821
"sir_collapsed","constant",200,68,0.7320469389237
"stan","constant",200,68,0.741049934953978
"montoril","linear",200,68,0.281160187808451
"pg_apf","linear",200,68,0.283103884699213
"sir_laplace","linear",200,68,0.281427332387175
"sir_collapsed","linear",200,68,0.278073021009557
"stan","linear",200,68,0.284035236409489
"montoril","quadratic",200,68,0.28765219504536
"pg_apf","quadratic",200,68,0.284702733214717
"sir_laplace","quadratic",200,68,0.278592304373147
"sir_collapsed","quadratic",200,68,0.272205983738346
"stan","quadratic",200,68,0.278119636756736
"montoril","sinusoidal",200,68,0.389912544136382
"pg_apf","sinusoidal",200,68,0.368618735924896
"sir_laplace","sinusoidal",200,68,0.363924748433138
"sir_collapsed","sinusoidal",200,68,0.3662620170091
"stan","sinusoidal",200,68,0.371182171102552
"montoril","constant",400,68,0.637417034134992
"pg_apf","constant",400,68,0.631995787866312
"sir_laplace","constant",400,68,0.633944689301541
"sir_collapsed","constant",400,68,0.638957803771057
"stan","constant",400,68,0.62973782854191
"montoril","linear",400,68,0.376109478005784
"pg_apf","linear",400,68,0.363827578091104
"sir_laplace","linear",400,68,0.366922549828448
"sir_collapsed","linear",400,68,0.37460431917225
"stan","linear",400,68,0.363708794768877
"montoril","quadratic",400,68,0.35894958658778
"pg_apf","quadratic",400,68,0.357745801261381
"sir_laplace","quadratic",400,68,0.362211215904336
"sir_collapsed","quadratic",400,68,0.370065533727667
"stan","quadratic",400,68,0.35822170504101
"montoril","sinusoidal",400,68,0.400991859861856
"pg_apf","sinusoidal",400,68,0.396920448374182
"sir_laplace","sinusoidal",400,68,0.40394480526776
"sir_collapsed","sinusoidal",400,68,0.409591922970203
"stan","sinusoidal",400,68,0.397251187906939
"montoril","constant",800,68,0.601315163678179
"pg_apf","constant",800,68,0.605519943521466
"sir_laplace","constant",800,68,0.600843115017258
"sir_collapsed","constant",800,68,0.601186548771738
"stan","constant",800,68,0.608305344988661
"montoril","linear",800,68,0.350338191595911
"pg_apf","linear",800,68,0.356577244664335
"sir_laplace","linear",800,68,0.362427313505668
"sir_collapsed","linear",800,68,0.361450039477649
"stan","linear",800,68,0.364851537278599
"montoril","quadratic",800,68,0.36814987659638
"pg_apf","quadratic",800,68,0.356831695800323
"sir_laplace","quadratic",800,68,0.359369638867729
"sir_collapsed","quadratic",800,68,0.358762402417022
"stan","quadratic",800,68,0.36638787248565
"montoril","sinusoidal",800,68,0.432863947123134
"pg_apf","sinusoidal",800,68,0.425253803859542
"sir_laplace","sinusoidal",800,68,0.424610798448004
"sir_collapsed","sinusoidal",800,68,0.429097089478784
"stan","sinusoidal",800,68,0.430032705362457
"montoril","constant",1600,68,0.512562408309409
"pg_apf","constant",1600,68,0.510425013115343
"sir_laplace","constant",1600,68,0.515745017025214
"sir_collapsed","constant",1600,68,0.511520792471584
"stan","constant",1600,68,0.512514948951468
"montoril","linear",1600,68,0.33759284977959
"pg_apf","linear",1600,68,0.324485671989488
"sir_laplace","linear",1600,68,0.329056908310853
"sir_collapsed","linear",1600,68,0.327828884174587
"stan","linear",1600,68,0.328284691585494
"montoril","quadratic",1600,68,0.326580539737108
"pg_apf","quadratic",1600,68,0.31300676906695
"sir_laplace","quadratic",1600,68,0.312938449236753
"sir_collapsed","quadratic",1600,68,0.317869361094824
"stan","quadratic",1600,68,0.31946467023753
"montoril","sinusoidal",1600,68,0.375702162573635
"pg_apf","sinusoidal",1600,68,0.369683326552575
"sir_laplace","sinusoidal",1600,68,0.374359672258003
"sir_collapsed","sinusoidal",1600,68,0.371181221634375
"stan","sinusoidal",1600,68,0.372380976295312
"montoril","constant",200,69,0.816558644485745
"pg_apf","constant",200,69,0.818175609154997
"sir_laplace","constant",200,69,0.813428403839048
"sir_collapsed","constant",200,69,0.805536616113376
"stan","constant",200,69,0.815896636843836
"montoril","linear",200,69,0.474467615282692
"pg_apf","linear",200,69,0.470037860923182
"sir_laplace","linear",200,69,0.463939120344561
"sir_collapsed","linear",200,69,0.457369422453819
"stan","linear",200,69,0.47107251769195
"montoril","quadratic",200,69,0.578570003279202
"pg_apf","quadratic",200,69,0.559642346651712
"sir_laplace","quadratic",200,69,0.554592678225226
"sir_collapsed","quadratic",200,69,0.547249539997966
"stan","quadratic",200,69,0.561031863227539
"montoril","sinusoidal",200,69,0.514676060826573
"pg_apf","sinusoidal",200,69,0.505021391228698
"sir_laplace","sinusoidal",200,69,0.499832887236531
"sir_collapsed","sinusoidal",200,69,0.494019977846962
"stan","sinusoidal",200,69,0.511257039709914
"montoril","constant",400,69,0.651412471502586
"pg_apf","constant",400,69,0.645805852426862
"sir_laplace","constant",400,69,0.644027783297117
"sir_collapsed","constant",400,69,0.643707023340412
"stan","constant",400,69,0.649068166870807
"montoril","linear",400,69,0.399944584795655
"pg_apf","linear",400,69,0.392875309617849
"sir_laplace","linear",400,69,0.393079768611418
"sir_collapsed","linear",400,69,0.398118181715539
"stan","linear",400,69,0.398118396643253
"montoril","quadratic",400,69,0.406166861040238
"pg_apf","quadratic",400,69,0.41277476403975
"sir_laplace","quadratic",400,69,0.415648853192858
"sir_collapsed","quadratic",400,69,0.417690950721062
"stan","quadratic",400,69,0.413296972756704
"montoril","sinusoidal",400,69,0.446623362528313
"pg_apf","sinusoidal",400,69,0.444200085904254
"sir_laplace","sinusoidal",400,69,0.442725011103675
"sir_collapsed","sinusoidal",400,69,0.446558468324281
"stan","sinusoidal",400,69,0.447739216205213
"montoril","constant",800,69,0.558118554421636
"pg_apf","constant",800,69,0.563174765490063
"sir_laplace","constant",800,69,0.563199392731598
"sir_collapsed","constant",800,69,0.563260268164735
"stan","constant",800,69,0.563528118255076
"montoril","linear",800,69,0.296382726247964
"pg_apf","linear",800,69,0.294494306883099
"sir_laplace","linear",800,69,0.298721721390443
"sir_collapsed","linear",800,69,0.301632170596016
"stan","linear",800,69,0.295655669090758
"montoril","quadratic",800,69,0.303463100677604
"pg_apf","quadratic",800,69,0.29198301137974
"sir_laplace","quadratic",800,69,0.29105557845147
"sir_collapsed","quadratic",800,69,0.295128633554441
"stan","quadratic",800,69,0.291037057000435
"montoril","sinusoidal",800,69,0.308274036424675
"pg_apf","sinusoidal",800,69,0.313157461897528
"sir_laplace","sinusoidal",800,69,0.315365868917511
"sir_collapsed","sinusoidal",800,69,0.320087472994632
"stan","sinusoidal",800,69,0.314723399614819
"montoril","constant",1600,69,0.467496585228883
"pg_apf","constant",1600,69,0.467832335450192
"sir_laplace","constant",1600,69,0.466526836322851
"sir_collapsed","constant",1600,69,0.466633400465516
"stan","constant",1600,69,0.466925088895683
"montoril","linear",1600,69,0.32651571154974
"pg_apf","linear",1600,69,0.316393859750096
"sir_laplace","linear",1600,69,0.317207672873741
"sir_collapsed","linear",1600,69,0.320690526608461
"stan","linear",1600,69,0.319519276570569
"montoril","quadratic",1600,69,0.332020751316955
"pg_apf","quadratic",1600,69,0.330391944479717
"sir_laplace","quadratic",1600,69,0.333802622052028
"sir_collapsed","quadratic",1600,69,0.332751138831722
"stan","quadratic",1600,69,0.331224484291569
"montoril","sinusoidal",1600,69,0.31838338601521
"pg_apf","sinusoidal",1600,69,0.321067978465944
"sir_laplace","sinusoidal",1600,69,0.326034421927775
"sir_collapsed","sinusoidal",1600,69,0.327836572398077
"stan","sinusoidal",1600,69,0.324591919095318
"montoril","constant",200,70,0.870532266978833
"pg_apf","constant",200,70,0.875061055712147
"sir_laplace","constant",200,70,0.867329725820508
"sir_collapsed","constant",200,70,0.859699700357698
"stan","constant",200,70,0.875235080304783
"montoril","linear",200,70,0.346028065209865
"pg_apf","linear",200,70,0.356520702297927
"sir_laplace","linear",200,70,0.354120733982304
"sir_collapsed","linear",200,70,0.34718508752457
"stan","linear",200,70,0.358487715227038
"montoril","quadratic",200,70,0.416907503851283
"pg_apf","quadratic",200,70,0.42973315560847
"sir_laplace","quadratic",200,70,0.42654411826226
"sir_collapsed","quadratic",200,70,0.420695924736785
"stan","quadratic",200,70,0.430916217351401
"montoril","sinusoidal",200,70,0.432132579242841
"pg_apf","sinusoidal",200,70,0.440558847282102
"sir_laplace","sinusoidal",200,70,0.43451743052561
"sir_collapsed","sinusoidal",200,70,0.435235694030383
"stan","sinusoidal",200,70,0.444020306420446
"montoril","constant",400,70,0.646460565518313
"pg_apf","constant",400,70,0.647642964845208
"sir_laplace","constant",400,70,0.641019840074296
"sir_collapsed","constant",400,70,0.637339984589965
"stan","constant",400,70,0.64187758504169
"montoril","linear",400,70,0.32036742186392
"pg_apf","linear",400,70,0.322425933726302
"sir_laplace","linear",400,70,0.322888551313924
"sir_collapsed","linear",400,70,0.322041517985981
"stan","linear",400,70,0.32273053510677
"montoril","quadratic",400,70,0.327818062686455
"pg_apf","quadratic",400,70,0.320715810074112
"sir_laplace","quadratic",400,70,0.321601718301494
"sir_collapsed","quadratic",400,70,0.325547135449816
"stan","quadratic",400,70,0.327191100537558
"montoril","sinusoidal",400,70,0.323226345453809
"pg_apf","sinusoidal",400,70,0.331586255933101
"sir_laplace","sinusoidal",400,70,0.330708797979945
"sir_collapsed","sinusoidal",400,70,0.332233410740269
"stan","sinusoidal",400,70,0.330056224486643
"montoril","constant",800,70,0.517095533493543
"pg_apf","constant",800,70,0.516201548825494
"sir_laplace","constant",800,70,0.511596401546308
"sir_collapsed","constant",800,70,0.511578793256929
"stan","constant",800,70,0.512981270190011
"montoril","linear",800,70,0.317717243434378
"pg_apf","linear",800,70,0.312123631289324
"sir_laplace","linear",800,70,0.31502498252139
"sir_collapsed","linear",800,70,0.317985987517999
"stan","linear",800,70,0.311628704133378
"montoril","quadratic",800,70,0.288542590193449
"pg_apf","quadratic",800,70,0.29102003491148
"sir_laplace","quadratic",800,70,0.292251377767701
"sir_collapsed","quadratic",800,70,0.297844529536333
"stan","quadratic",800,70,0.292469857990817
"montoril","sinusoidal",800,70,0.302890816908801
"pg_apf","sinusoidal",800,70,0.302932214273045
"sir_laplace","sinusoidal",800,70,0.303013941796231
"sir_collapsed","sinusoidal",800,70,0.308989756246225
"stan","sinusoidal",800,70,0.304793764644619
"montoril","constant",1600,70,0.521603106797688
"pg_apf","constant",1600,70,0.516704425847167
"sir_laplace","constant",1600,70,0.515953285785441
"sir_collapsed","constant",1600,70,0.517126060426245
"stan","constant",1600,70,0.516672130800802
"montoril","linear",1600,70,0.353290772267123
"pg_apf","linear",1600,70,0.350214471983365
"sir_laplace","linear",1600,70,0.350962146954649
"sir_collapsed","linear",1600,70,0.35162872576902
"stan","linear",1600,70,0.351154388204388
"montoril","quadratic",1600,70,0.361453580779445
"pg_apf","quadratic",1600,70,0.352381566408314
"sir_laplace","quadratic",1600,70,0.356210439006699
"sir_collapsed","quadratic",1600,70,0.35526311361335
"stan","quadratic",1600,70,0.353832531988471
"montoril","sinusoidal",1600,70,0.386587866937088
"pg_apf","sinusoidal",1600,70,0.38426033509804
"sir_laplace","sinusoidal",1600,70,0.384085904073682
"sir_collapsed","sinusoidal",1600,70,0.387177337985514
"stan","sinusoidal",1600,70,0.386596463991431
"montoril","constant",200,71,0.838024990659865
"pg_apf","constant",200,71,0.825242013064212
"sir_laplace","constant",200,71,0.829090103344414
"sir_collapsed","constant",200,71,0.830739463780218
"stan","constant",200,71,0.829806320690323
"montoril","linear",200,71,0.591457942366253
"pg_apf","linear",200,71,0.604770401179194
"sir_laplace","linear",200,71,0.605739032511825
"sir_collapsed","linear",200,71,0.610541856932851
"stan","linear",200,71,0.60376507457249
"montoril","quadratic",200,71,0.640738670949262
"pg_apf","quadratic",200,71,0.660200193390448
"sir_laplace","quadratic",200,71,0.660769027543145
"sir_collapsed","quadratic",200,71,0.664605256624569
"stan","quadratic",200,71,0.658143984773483
"montoril","sinusoidal",200,71,0.601414123946547
"pg_apf","sinusoidal",200,71,0.586620111404829
"sir_laplace","sinusoidal",200,71,0.585081743516684
"sir_collapsed","sinusoidal",200,71,0.593111977311082
"stan","sinusoidal",200,71,0.583176686003313
"montoril","constant",400,71,0.707499866671385
"pg_apf","constant",400,71,0.713879869589681
"sir_laplace","constant",400,71,0.717975441496895
"sir_collapsed","constant",400,71,0.71897216025217
"stan","constant",400,71,0.710467425419875
"montoril","linear",400,71,0.457847301791189
"pg_apf","linear",400,71,0.452258331192934
"sir_laplace","linear",400,71,0.459147104514731
"sir_collapsed","linear",400,71,0.468743595386192
"stan","linear",400,71,0.454069782564821
"montoril","quadratic",400,71,0.436482206214409
"pg_apf","quadratic",400,71,0.441140774544959
"sir_laplace","quadratic",400,71,0.447517600238167
"sir_collapsed","quadratic",400,71,0.460336925278719
"stan","quadratic",400,71,0.444891316103532
"montoril","sinusoidal",400,71,0.44007626838153
"pg_apf","sinusoidal",400,71,0.445277184527667
"sir_laplace","sinusoidal",400,71,0.457455843348363
"sir_collapsed","sinusoidal",400,71,0.464611844004932
"stan","sinusoidal",400,71,0.446476100331496
"montoril","constant",800,71,0.507387297286026
"pg_apf","constant",800,71,0.508755814856887
"sir_laplace","constant",800,71,0.509370985732892
"sir_collapsed","constant",800,71,0.509028424860152
"stan","constant",800,71,0.506588915019127
"montoril","linear",800,71,0.318809726674636
"pg_apf","linear",800,71,0.308005351960634
"sir_laplace","linear",800,71,0.309928871493105
"sir_collapsed","linear",800,71,0.316558640941636
"stan","linear",800,71,0.314546270285554
"montoril","quadratic",800,71,0.313102242021637
"pg_apf","quadratic",800,71,0.311078867782721
"sir_laplace","quadratic",800,71,0.310178860796158
"sir_collapsed","quadratic",800,71,0.314614719361915
"stan","quadratic",800,71,0.313984209270166
"montoril","sinusoidal",800,71,0.345145400672587
"pg_apf","sinusoidal",800,71,0.342145376551342
"sir_laplace","sinusoidal",800,71,0.345800066194444
"sir_collapsed","sinusoidal",800,71,0.353213599854208
"stan","sinusoidal",800,71,0.348766558668364
"montoril","constant",1600,71,0.482893204260955
"pg_apf","constant",1600,71,0.483967496845828
"sir_laplace","constant",1600,71,0.48359197904886
"sir_collapsed","constant",1600,71,0.484337351437918
"stan","constant",1600,71,0.484450922067752
"montoril","linear",1600,71,0.379460740816328
"pg_apf","linear",1600,71,0.37317105547869
"sir_laplace","linear",1600,71,0.371358706012328
"sir_collapsed","linear",1600,71,0.376262790487666
"stan","linear",1600,71,0.375692004236285
"montoril","quadratic",1600,71,0.363192939995363
"pg_apf","quadratic",1600,71,0.366997722364233
"sir_laplace","quadratic",1600,71,0.370528453054458
"sir_collapsed","quadratic",1600,71,0.368616091975297
"stan","quadratic",1600,71,0.368464094065209
"montoril","sinusoidal",1600,71,0.362779157014934
"pg_apf","sinusoidal",1600,71,0.370696760873557
"sir_laplace","sinusoidal",1600,71,0.373146084436074
"sir_collapsed","sinusoidal",1600,71,0.373181691355106
"stan","sinusoidal",1600,71,0.371126282196145
"montoril","constant",200,72,0.602321737609925
"pg_apf","constant",200,72,0.604385405600706
"sir_laplace","constant",200,72,0.598013773898172
"sir_collapsed","constant",200,72,0.599071260276727
"stan","constant",200,72,0.599037411448165
"montoril","linear",200,72,0.302571514324741
"pg_apf","linear",200,72,0.292045047824193
"sir_laplace","linear",200,72,0.295523453175204
"sir_collapsed","linear",200,72,0.295109728138156
"stan","linear",200,72,0.296995599837812
"montoril","quadratic",200,72,0.346943680467017
"pg_apf","quadratic",200,72,0.343487474620473
"sir_laplace","quadratic",200,72,0.339751029252701
"sir_collapsed","quadratic",200,72,0.337691285813929
"stan","quadratic",200,72,0.345424213410412
"montoril","sinusoidal",200,72,0.225990988416958
"pg_apf","sinusoidal",200,72,0.203338784488785
"sir_laplace","sinusoidal",200,72,0.205047800714526
"sir_collapsed","sinusoidal",200,72,0.207985633914712
"stan","sinusoidal",200,72,0.214488372896035
"montoril","constant",400,72,0.616023949779162
"pg_apf","constant",400,72,0.621253185433159
"sir_laplace","constant",400,72,0.615798963617271
"sir_collapsed","constant",400,72,0.610638140191889
"stan","constant",400,72,0.618320695620349
"montoril","linear",400,72,0.299383191908786
"pg_apf","linear",400,72,0.295941856896545
"sir_laplace","linear",400,72,0.298344360587935
"sir_collapsed","linear",400,72,0.303278882284844
"stan","linear",400,72,0.294763700869266
"montoril","quadratic",400,72,0.276141029043356
"pg_apf","quadratic",400,72,0.26860951326009
"sir_laplace","quadratic",400,72,0.269650496032557
"sir_collapsed","quadratic",400,72,0.28014799886859
"stan","quadratic",400,72,0.269737521490485
"montoril","sinusoidal",400,72,0.328541973940904
"pg_apf","sinusoidal",400,72,0.320694434526413
"sir_laplace","sinusoidal",400,72,0.322325526088376
"sir_collapsed","sinusoidal",400,72,0.329880098674544
"stan","sinusoidal",400,72,0.321497935258402
"montoril","constant",800,72,0.58897075355899
"pg_apf","constant",800,72,0.580637221324573
"sir_laplace","constant",800,72,0.584601872350375
"sir_collapsed","constant",800,72,0.589193073306244
"stan","constant",800,72,0.582225206721133
"montoril","linear",800,72,0.402460176717248
"pg_apf","linear",800,72,0.398362792775519
"sir_laplace","linear",800,72,0.40493226839926
"sir_collapsed","linear",800,72,0.410433999471927
"stan","linear",800,72,0.400001972032276
"montoril","quadratic",800,72,0.417206824068628
"pg_apf","quadratic",800,72,0.421759419891958
"sir_laplace","quadratic",800,72,0.423820200112883
"sir_collapsed","quadratic",800,72,0.43091339491504
"stan","quadratic",800,72,0.42081669882973
"montoril","sinusoidal",800,72,0.399360130852164
"pg_apf","sinusoidal",800,72,0.401888462309566
"sir_laplace","sinusoidal",800,72,0.407298662652837
"sir_collapsed","sinusoidal",800,72,0.414478061079774
"stan","sinusoidal",800,72,0.405859890110524
"montoril","constant",1600,72,0.515122598884013
"pg_apf","constant",1600,72,0.51098053500714
"sir_laplace","constant",1600,72,0.510991096101365
"sir_collapsed","constant",1600,72,0.511791761530042
"stan","constant",1600,72,0.51115395326889
"montoril","linear",1600,72,0.391353184911932
"pg_apf","linear",1600,72,0.372440065935335
"sir_laplace","linear",1600,72,0.370748253264048
"sir_collapsed","linear",1600,72,0.373743556439014
"stan","linear",1600,72,0.374832440862942
"montoril","quadratic",1600,72,0.369090595762097
"pg_apf","quadratic",1600,72,0.363905085392977
"sir_laplace","quadratic",1600,72,0.367576611554779
"sir_collapsed","quadratic",1600,72,0.368110645972713
"stan","quadratic",1600,72,0.370038808806601
"montoril","sinusoidal",1600,72,0.385988426712655
"pg_apf","sinusoidal",1600,72,0.387447120304808
"sir_laplace","sinusoidal",1600,72,0.389097993769999
"sir_collapsed","sinusoidal",1600,72,0.390473367332583
"stan","sinusoidal",1600,72,0.388606854563701
"montoril","constant",200,73,0.781149668328431
"pg_apf","constant",200,73,0.785451999959092
"sir_laplace","constant",200,73,0.785617874338935
"sir_collapsed","constant",200,73,0.785982984358992
"stan","constant",200,73,0.782893118804921
"montoril","linear",200,73,0.450789280860381
"pg_apf","linear",200,73,0.44615729108931
"sir_laplace","linear",200,73,0.441821478232483
"sir_collapsed","linear",200,73,0.441465218463642
"stan","linear",200,73,0.441696079307968
"montoril","quadratic",200,73,0.359909505285902
"pg_apf","quadratic",200,73,0.353112072012693
"sir_laplace","quadratic",200,73,0.35119471764039
"sir_collapsed","quadratic",200,73,0.353407121981109
"stan","quadratic",200,73,0.347703233922955
"montoril","sinusoidal",200,73,0.349444233338946
"pg_apf","sinusoidal",200,73,0.347381891749148
"sir_laplace","sinusoidal",200,73,0.353802477992149
"sir_collapsed","sinusoidal",200,73,0.359152541997372
"stan","sinusoidal",200,73,0.347776647020084
"montoril","constant",400,73,0.614825325185414
"pg_apf","constant",400,73,0.614211226255302
"sir_laplace","constant",400,73,0.610717526639906
"sir_collapsed","constant",400,73,0.609046228168396
"stan","constant",400,73,0.613306151429788
"montoril","linear",400,73,0.407186835802645
"pg_apf","linear",400,73,0.406372915309858
"sir_laplace","linear",400,73,0.403456793114827
"sir_collapsed","linear",400,73,0.406984151146169
"stan","linear",400,73,0.410657691788023
"montoril","quadratic",400,73,0.413270539062512
"pg_apf","quadratic",400,73,0.399896604760543
"sir_laplace","quadratic",400,73,0.400825781588791
"sir_collapsed","quadratic",400,73,0.400404356020387
"stan","quadratic",400,73,0.403975987956366
"montoril","sinusoidal",400,73,0.340965301305065
"pg_apf","sinusoidal",400,73,0.343169520528835
"sir_laplace","sinusoidal",400,73,0.342732935104974
"sir_collapsed","sinusoidal",400,73,0.343993332920144
"stan","sinusoidal",400,73,0.343708518161317
"montoril","constant",800,73,0.541170839363878
"pg_apf","constant",800,73,0.537369259295825
"sir_laplace","constant",800,73,0.540908999068269
"sir_collapsed","constant",800,73,0.544182626033454
"stan","constant",800,73,0.539014357474774
"montoril","linear",800,73,0.318282056903989
"pg_apf","linear",800,73,0.321237998283697
"sir_laplace","linear",800,73,0.324511933872833
"sir_collapsed","linear",800,73,0.32408354423883
"stan","linear",800,73,0.318698082342491
"montoril","quadratic",800,73,0.331940583288981
"pg_apf","quadratic",800,73,0.318396960738121
"sir_laplace","quadratic",800,73,0.320667335555493
"sir_collapsed","quadratic",800,73,0.321262873690982
"stan","quadratic",800,73,0.320932900419466
"montoril","sinusoidal",800,73,0.327026303902655
"pg_apf","sinusoidal",800,73,0.326231089558456
"sir_laplace","sinusoidal",800,73,0.326403527648085
"sir_collapsed","sinusoidal",800,73,0.336232716502529
"stan","sinusoidal",800,73,0.333975116909104
"montoril","constant",1600,73,0.408435365681756
"pg_apf","constant",1600,73,0.411645840597713
"sir_laplace","constant",1600,73,0.40835353930534
"sir_collapsed","constant",1600,73,0.407352761409384
"stan","constant",1600,73,0.408710721040918
"montoril","linear",1600,73,0.241440216033422
"pg_apf","linear",1600,73,0.237132276814551
"sir_laplace","linear",1600,73,0.241623459268395
"sir_collapsed","linear",1600,73,0.241329073522334
"stan","linear",1600,73,0.243620409279002
"montoril","quadratic",1600,73,0.250050004262167
"pg_apf","quadratic",1600,73,0.251476944447532
"sir_laplace","quadratic",1600,73,0.251480876698258
"sir_collapsed","quadratic",1600,73,0.253495013897943
"stan","quadratic",1600,73,0.253225620136413
"montoril","sinusoidal",1600,73,0.26053195238963
"pg_apf","sinusoidal",1600,73,0.24774352928234
"sir_laplace","sinusoidal",1600,73,0.249890974866541
"sir_collapsed","sinusoidal",1600,73,0.250897936127388
"stan","sinusoidal",1600,73,0.252522087579584
"montoril","constant",200,74,0.61549449127026
"pg_apf","constant",200,74,0.61877261364846
"sir_laplace","constant",200,74,0.617397704558955
"sir_collapsed","constant",200,74,0.612924532424989
"stan","constant",200,74,0.617710694556209
"montoril","linear",200,74,0.297327659137898
"pg_apf","linear",200,74,0.303119573809049
"sir_laplace","linear",200,74,0.299594954909275
"sir_collapsed","linear",200,74,0.302914789104611
"stan","linear",200,74,0.304177631117982
"montoril","quadratic",200,74,0.308701065348196
"pg_apf","quadratic",200,74,0.296465444068389
"sir_laplace","quadratic",200,74,0.29797339775854
"sir_collapsed","quadratic",200,74,0.292231857403865
"stan","quadratic",200,74,0.301875274151538
"montoril","sinusoidal",200,74,0.266902910295432
"pg_apf","sinusoidal",200,74,0.278499858851957
"sir_laplace","sinusoidal",200,74,0.272911020272081
"sir_collapsed","sinusoidal",200,74,0.277037474423178
"stan","sinusoidal",200,74,0.279048147066505
"montoril","constant",400,74,0.582493165291168
"pg_apf","constant",400,74,0.582337665841284
"sir_laplace","constant",400,74,0.584052962986082
"sir_collapsed","constant",400,74,0.58702183241761
"stan","constant",400,74,0.580201240171049
"montoril","linear",400,74,0.321038898188486
"pg_apf","linear",400,74,0.316732506335463
"sir_laplace","linear",400,74,0.317988375000459
"sir_collapsed","linear",400,74,0.324019717922433
"stan","linear",400,74,0.317630079726836
"montoril","quadratic",400,74,0.356943529293181
"pg_apf","quadratic",400,74,0.346790931145247
"sir_laplace","quadratic",400,74,0.352127249686289
"sir_collapsed","quadratic",400,74,0.358939585358985
"stan","quadratic",400,74,0.350748607930824
"montoril","sinusoidal",400,74,0.343259273880497
"pg_apf","sinusoidal",400,74,0.340014252314793
"sir_laplace","sinusoidal",400,74,0.339199711989815
"sir_collapsed","sinusoidal",400,74,0.345305099827363
"stan","sinusoidal",400,74,0.343256926225055
"montoril","constant",800,74,0.562998450450478
"pg_apf","constant",800,74,0.554600838533159
"sir_laplace","constant",800,74,0.559295545308967
"sir_collapsed","constant",800,74,0.560076615928993
"stan","constant",800,74,0.558322607280383
"montoril","linear",800,74,0.392112149104887
"pg_apf","linear",800,74,0.384298886126755
"sir_laplace","linear",800,74,0.385637803708722
"sir_collapsed","linear",800,74,0.388390259327081
"stan","linear",800,74,0.384169393520815
"montoril","quadratic",800,74,0.355233047385958
"pg_apf","quadratic",800,74,0.35109994782032
"sir_laplace","quadratic",800,74,0.353491315185164
"sir_collapsed","quadratic",800,74,0.353196493964285
"stan","quadratic",800,74,0.352129647992461
"montoril","sinusoidal",800,74,0.353246623202057
"pg_apf","sinusoidal",800,74,0.351218818172365
"sir_laplace","sinusoidal",800,74,0.357585840182784
"sir_collapsed","sinusoidal",800,74,0.357817019144162
"stan","sinusoidal",800,74,0.353702182687902
"montoril","constant",1600,74,0.441756318125805
"pg_apf","constant",1600,74,0.442122391531209
"sir_laplace","constant",1600,74,0.438121404472564
"sir_collapsed","constant",1600,74,0.43734681070018
"stan","constant",1600,74,0.440437259894195
"montoril","linear",1600,74,0.28911587995344
"pg_apf","linear",1600,74,0.290192716970187
"sir_laplace","linear",1600,74,0.292038788072283
"sir_collapsed","linear",1600,74,0.291047612194167
"stan","linear",1600,74,0.292492707295439
"montoril","quadratic",1600,74,0.295560725017203
"pg_apf","quadratic",1600,74,0.28218675420847
"sir_laplace","quadratic",1600,74,0.28661310212864
"sir_collapsed","quadratic",1600,74,0.286840516542503
"stan","quadratic",1600,74,0.284973173279165
"montoril","sinusoidal",1600,74,0.309077998044217
"pg_apf","sinusoidal",1600,74,0.302197776472036
"sir_laplace","sinusoidal",1600,74,0.306145297610914
"sir_collapsed","sinusoidal",1600,74,0.306698742974937
"stan","sinusoidal",1600,74,0.307377543105718
"montoril","constant",200,75,0.772976567330693
"pg_apf","constant",200,75,0.774640389320112
"sir_laplace","constant",200,75,0.766499768959885
"sir_collapsed","constant",200,75,0.765678551995819
"stan","constant",200,75,0.771359318091986
"montoril","linear",200,75,0.357353991555534
"pg_apf","linear",200,75,0.361130115204703
"sir_laplace","linear",200,75,0.355989962911297
"sir_collapsed","linear",200,75,0.354555098653093
"stan","linear",200,75,0.360287234546079
"montoril","quadratic",200,75,0.349160059024837
"pg_apf","quadratic",200,75,0.34230152687452
"sir_laplace","quadratic",200,75,0.327167981913632
"sir_collapsed","quadratic",200,75,0.339769357701509
"stan","quadratic",200,75,0.338155874099107
"montoril","sinusoidal",200,75,0.332505086937661
"pg_apf","sinusoidal",200,75,0.312857767464502
"sir_laplace","sinusoidal",200,75,0.306115978708436
"sir_collapsed","sinusoidal",200,75,0.310639324063224
"stan","sinusoidal",200,75,0.312299530451338
"montoril","constant",400,75,0.592198275038947
"pg_apf","constant",400,75,0.590189091959211
"sir_laplace","constant",400,75,0.587904100621823
"sir_collapsed","constant",400,75,0.590036699218339
"stan","constant",400,75,0.585742153465167
"montoril","linear",400,75,0.295447187330582
"pg_apf","linear",400,75,0.288042258177438
"sir_laplace","linear",400,75,0.292969123734801
"sir_collapsed","linear",400,75,0.300716092792738
"stan","linear",400,75,0.285938053237864
"montoril","quadratic",400,75,0.297189648252285
"pg_apf","quadratic",400,75,0.288519692778886
"sir_laplace","quadratic",400,75,0.300897670009614
"sir_collapsed","quadratic",400,75,0.311438586866369
"stan","quadratic",400,75,0.292208077422986
"montoril","sinusoidal",400,75,0.317897538661656
"pg_apf","sinusoidal",400,75,0.306662608488236
"sir_laplace","sinusoidal",400,75,0.313741242481308
"sir_collapsed","sinusoidal",400,75,0.326395019505246
"stan","sinusoidal",400,75,0.309147948235666
"montoril","constant",800,75,0.571650637026461
"pg_apf","constant",800,75,0.573464805343142
"sir_laplace","constant",800,75,0.572682682426707
"sir_collapsed","constant",800,75,0.575798556316835
"stan","constant",800,75,0.57083178152578
"montoril","linear",800,75,0.361561245588193
"pg_apf","linear",800,75,0.346993122323745
"sir_laplace","linear",800,75,0.352850243796424
"sir_collapsed","linear",800,75,0.355157858749792
"stan","linear",800,75,0.350023088400485
"montoril","quadratic",800,75,0.351692465897152
"pg_apf","quadratic",800,75,0.344680491689045
"sir_laplace","quadratic",800,75,0.354561396265388
"sir_collapsed","quadratic",800,75,0.360720464752318
"stan","quadratic",800,75,0.353396774488675
"montoril","sinusoidal",800,75,0.363608238648522
"pg_apf","sinusoidal",800,75,0.358283877828555
"sir_laplace","sinusoidal",800,75,0.362347081012836
"sir_collapsed","sinusoidal",800,75,0.368597700650708
"stan","sinusoidal",800,75,0.363137667037523
"montoril","constant",1600,75,0.441060340667154
"pg_apf","constant",1600,75,0.441717909884242
"sir_laplace","constant",1600,75,0.440430797139304
"sir_collapsed","constant",1600,75,0.438175404041748
"stan","constant",1600,75,0.441062296404807
"montoril","linear",1600,75,0.27273566950371
"pg_apf","linear",1600,75,0.256161481975123
"sir_laplace","linear",1600,75,0.258616334162541
"sir_collapsed","linear",1600,75,0.259792141505794
"stan","linear",1600,75,0.258842597825318
"montoril","quadratic",1600,75,0.270046839140727
"pg_apf","quadratic",1600,75,0.263982197218303
"sir_laplace","quadratic",1600,75,0.2641315232144
"sir_collapsed","quadratic",1600,75,0.26697349528837
"stan","quadratic",1600,75,0.266925876233524
"montoril","sinusoidal",1600,75,0.291054945773316
"pg_apf","sinusoidal",1600,75,0.289371212790349
"sir_laplace","sinusoidal",1600,75,0.287409328481291
"sir_collapsed","sinusoidal",1600,75,0.289701620748453
"stan","sinusoidal",1600,75,0.293123899740598
"montoril","constant",200,76,0.707856066091729
"pg_apf","constant",200,76,0.705624476035209
"sir_laplace","constant",200,76,0.715566219505857
"sir_collapsed","constant",200,76,0.711164580653239
"stan","constant",200,76,0.711286386315075
"montoril","linear",200,76,0.456430215000531
"pg_apf","linear",200,76,0.456019856024005
"sir_laplace","linear",200,76,0.453536516700245
"sir_collapsed","linear",200,76,0.454996264223869
"stan","linear",200,76,0.455059912426166
"montoril","quadratic",200,76,0.507494379480383
"pg_apf","quadratic",200,76,0.500340500224282
"sir_laplace","quadratic",200,76,0.499026486972008
"sir_collapsed","quadratic",200,76,0.495898259793551
"stan","quadratic",200,76,0.49908614048118
"montoril","sinusoidal",200,76,0.43333542649172
"pg_apf","sinusoidal",200,76,0.428888467251244
"sir_laplace","sinusoidal",200,76,0.432844210837694
"sir_collapsed","sinusoidal",200,76,0.433269585200749
"stan","sinusoidal",200,76,0.428048501860397
"montoril","constant",400,76,0.614762757206334
"pg_apf","constant",400,76,0.617510597202257
"sir_laplace","constant",400,76,0.612931140185817
"sir_collapsed","constant",400,76,0.611188815980843
"stan","constant",400,76,0.61562150612932
"montoril","linear",400,76,0.364379035325306
"pg_apf","linear",400,76,0.346328492561182
"sir_laplace","linear",400,76,0.342347546305801
"sir_collapsed","linear",400,76,0.344110564713615
"stan","linear",400,76,0.347149984832733
"montoril","quadratic",400,76,0.374692797211471
"pg_apf","quadratic",400,76,0.370806285341272
"sir_laplace","quadratic",400,76,0.375483850499
"sir_collapsed","quadratic",400,76,0.378620695421195
"stan","quadratic",400,76,0.376333369642717
"montoril","sinusoidal",400,76,0.386734126757472
"pg_apf","sinusoidal",400,76,0.38187076955941
"sir_laplace","sinusoidal",400,76,0.384669868650742
"sir_collapsed","sinusoidal",400,76,0.386789498073881
"stan","sinusoidal",400,76,0.385717360534776
"montoril","constant",800,76,0.535929936459043
"pg_apf","constant",800,76,0.538180177315495
"sir_laplace","constant",800,76,0.538370798446955
"sir_collapsed","constant",800,76,0.541380040695896
"stan","constant",800,76,0.538222832077791
"montoril","linear",800,76,0.311551284140862
"pg_apf","linear",800,76,0.303822368554533
"sir_laplace","linear",800,76,0.306209487725023
"sir_collapsed","linear",800,76,0.311105222194076
"stan","linear",800,76,0.308252170443068
"montoril","quadratic",800,76,0.294124984449423
"pg_apf","quadratic",800,76,0.290570510661734
"sir_laplace","quadratic",800,76,0.292993529374604
"sir_collapsed","quadratic",800,76,0.297840223379832
"stan","quadratic",800,76,0.292131833091536
"montoril","sinusoidal",800,76,0.283735210771127
"pg_apf","sinusoidal",800,76,0.278579489892879
"sir_laplace","sinusoidal",800,76,0.280987284155316
"sir_collapsed","sinusoidal",800,76,0.287235183639125
"stan","sinusoidal",800,76,0.281132268232485
"montoril","constant",1600,76,0.470228045689291
"pg_apf","constant",1600,76,0.463665115344455
"sir_laplace","constant",1600,76,0.466495071134196
"sir_collapsed","constant",1600,76,0.466420011351603
"stan","constant",1600,76,0.466763693688525
"montoril","linear",1600,76,0.31345599478332
"pg_apf","linear",1600,76,0.300283306376419
"sir_laplace","linear",1600,76,0.301128394552886
"sir_collapsed","linear",1600,76,0.304536861633704
"stan","linear",1600,76,0.302248851462758
"montoril","quadratic",1600,76,0.296268439430399
"pg_apf","quadratic",1600,76,0.287066119720347
"sir_laplace","quadratic",1600,76,0.290338544480303
"sir_collapsed","quadratic",1600,76,0.289464881826763
"stan","quadratic",1600,76,0.289369047454393
"montoril","sinusoidal",1600,76,0.322392905940837
"pg_apf","sinusoidal",1600,76,0.321271410186284
"sir_laplace","sinusoidal",1600,76,0.324570204616444
"sir_collapsed","sinusoidal",1600,76,0.32705290019906
"stan","sinusoidal",1600,76,0.32486585399893
"montoril","constant",200,77,0.688725836832745
"pg_apf","constant",200,77,0.691089442155323
"sir_laplace","constant",200,77,0.686490607789267
"sir_collapsed","constant",200,77,0.679290220110706
"stan","constant",200,77,0.685271768873175
"montoril","linear",200,77,0.337658545516286
"pg_apf","linear",200,77,0.341180774757722
"sir_laplace","linear",200,77,0.335012798872395
"sir_collapsed","linear",200,77,0.327537483989874
"stan","linear",200,77,0.340038892632335
"montoril","quadratic",200,77,0.330355865174514
"pg_apf","quadratic",200,77,0.34281735556658
"sir_laplace","quadratic",200,77,0.339555213549129
"sir_collapsed","quadratic",200,77,0.32962990016265
"stan","quadratic",200,77,0.343086899501625
"montoril","sinusoidal",200,77,0.304667789616795
"pg_apf","sinusoidal",200,77,0.317797414202091
"sir_laplace","sinusoidal",200,77,0.318523929356134
"sir_collapsed","sinusoidal",200,77,0.310635684661611
"stan","sinusoidal",200,77,0.326605570309819
"montoril","constant",400,77,0.718115201101955
"pg_apf","constant",400,77,0.724190595110565
"sir_laplace","constant",400,77,0.723584284539826
"sir_collapsed","constant",400,77,0.725377627690403
"stan","constant",400,77,0.72317614722629
"montoril","linear",400,77,0.462832427704496
"pg_apf","linear",400,77,0.454206666084474
"sir_laplace","linear",400,77,0.460880117243185
"sir_collapsed","linear",400,77,0.465946817391024
"stan","linear",400,77,0.458839991936508
"montoril","quadratic",400,77,0.428270573197823
"pg_apf","quadratic",400,77,0.414894010061596
"sir_laplace","quadratic",400,77,0.42237395358451
"sir_collapsed","quadratic",400,77,0.422403675679553
"stan","quadratic",400,77,0.415375399314331
"montoril","sinusoidal",400,77,0.445583891089434
"pg_apf","sinusoidal",400,77,0.443173128722464
"sir_laplace","sinusoidal",400,77,0.444952901306368
"sir_collapsed","sinusoidal",400,77,0.452106420898829
"stan","sinusoidal",400,77,0.441754112659473
"montoril","constant",800,77,0.544501566976759
"pg_apf","constant",800,77,0.549145880022542
"sir_laplace","constant",800,77,0.547072113057652
"sir_collapsed","constant",800,77,0.547815598055401
"stan","constant",800,77,0.548028757557409
"montoril","linear",800,77,0.284965245077875
"pg_apf","linear",800,77,0.281468758232364
"sir_laplace","linear",800,77,0.282325651862207
"sir_collapsed","linear",800,77,0.286398584142896
"stan","linear",800,77,0.283098389693523
"montoril","quadratic",800,77,0.255936923399858
"pg_apf","quadratic",800,77,0.249424762739298
"sir_laplace","quadratic",800,77,0.250414375755584
"sir_collapsed","quadratic",800,77,0.253493404359072
"stan","quadratic",800,77,0.251262028709735
"montoril","sinusoidal",800,77,0.311811028202085
"pg_apf","sinusoidal",800,77,0.312096163185997
"sir_laplace","sinusoidal",800,77,0.314518574859555
"sir_collapsed","sinusoidal",800,77,0.3175201612834
"stan","sinusoidal",800,77,0.318259254387016
"montoril","constant",1600,77,0.488340580613358
"pg_apf","constant",1600,77,0.487582998364535
"sir_laplace","constant",1600,77,0.488218287387812
"sir_collapsed","constant",1600,77,0.488345283801173
"stan","constant",1600,77,0.487548385263095
"montoril","linear",1600,77,0.361795922898399
"pg_apf","linear",1600,77,0.361489176331192
"sir_laplace","linear",1600,77,0.364312046400496
"sir_collapsed","linear",1600,77,0.367949924520663
"stan","linear",1600,77,0.364336216596443
"montoril","quadratic",1600,77,0.353368831334722
"pg_apf","quadratic",1600,77,0.346913337782083
"sir_laplace","quadratic",1600,77,0.347775998572584
"sir_collapsed","quadratic",1600,77,0.351898948676285
"stan","quadratic",1600,77,0.347430923295294
"montoril","sinusoidal",1600,77,0.355583597899979
"pg_apf","sinusoidal",1600,77,0.347172773607291
"sir_laplace","sinusoidal",1600,77,0.350687094280938
"sir_collapsed","sinusoidal",1600,77,0.354122150591268
"stan","sinusoidal",1600,77,0.348557277662447
"montoril","constant",200,78,0.795886280420637
"pg_apf","constant",200,78,0.797639556730929
"sir_laplace","constant",200,78,0.794896015154027
"sir_collapsed","constant",200,78,0.794321303587479
"stan","constant",200,78,0.796801445806137
"montoril","linear",200,78,0.349985483175587
"pg_apf","linear",200,78,0.334743165155843
"sir_laplace","linear",200,78,0.343952613391108
"sir_collapsed","linear",200,78,0.347852403138028
"stan","linear",200,78,0.3430119715305
"montoril","quadratic",200,78,0.386254150075004
"pg_apf","quadratic",200,78,0.402846559590231
"sir_laplace","quadratic",200,78,0.402658411390918
"sir_collapsed","quadratic",200,78,0.409801377611526
"stan","quadratic",200,78,0.401533737142476
"montoril","sinusoidal",200,78,0.413708195575493
"pg_apf","sinusoidal",200,78,0.397345698002258
"sir_laplace","sinusoidal",200,78,0.40161386361729
"sir_collapsed","sinusoidal",200,78,0.412655198090111
"stan","sinusoidal",200,78,0.406332124463979
"montoril","constant",400,78,0.631869461872654
"pg_apf","constant",400,78,0.627570052686982
"sir_laplace","constant",400,78,0.623188739981302
"sir_collapsed","constant",400,78,0.621042609266909
"stan","constant",400,78,0.628694527997305
"montoril","linear",400,78,0.355283614041132
"pg_apf","linear",400,78,0.356094969302688
"sir_laplace","linear",400,78,0.356499658458654
"sir_collapsed","linear",400,78,0.360385156290852
"stan","linear",400,78,0.358265994446028
"montoril","quadratic",400,78,0.380863280637968
"pg_apf","quadratic",400,78,0.384763284564868
"sir_laplace","quadratic",400,78,0.379488917194462
"sir_collapsed","quadratic",400,78,0.382686307139587
"stan","quadratic",400,78,0.383532270997906
"montoril","sinusoidal",400,78,0.313022281981196
"pg_apf","sinusoidal",400,78,0.312863519139606
"sir_laplace","sinusoidal",400,78,0.314585769446704
"sir_collapsed","sinusoidal",400,78,0.312070359936484
"stan","sinusoidal",400,78,0.314736700693073
"montoril","constant",800,78,0.511923895128573
"pg_apf","constant",800,78,0.50740349967657
"sir_laplace","constant",800,78,0.512469627772828
"sir_collapsed","constant",800,78,0.512811463004522
"stan","constant",800,78,0.509838629857891
"montoril","linear",800,78,0.308609363773739
"pg_apf","linear",800,78,0.306804459203147
"sir_laplace","linear",800,78,0.312837805349765
"sir_collapsed","linear",800,78,0.316526698687309
"stan","linear",800,78,0.309494493792176
"montoril","quadratic",800,78,0.305338956871239
"pg_apf","quadratic",800,78,0.302229976211897
"sir_laplace","quadratic",800,78,0.306585498661351
"sir_collapsed","quadratic",800,78,0.310234132044079
"stan","quadratic",800,78,0.307134055529863
"montoril","sinusoidal",800,78,0.309462775539185
"pg_apf","sinusoidal",800,78,0.302403539513777
"sir_laplace","sinusoidal",800,78,0.307252329688895
"sir_collapsed","sinusoidal",800,78,0.313324570708438
"stan","sinusoidal",800,78,0.301916360794355
"montoril","constant",1600,78,0.526123959614951
"pg_apf","constant",1600,78,0.52395392356375
"sir_laplace","constant",1600,78,0.526485540136395
"sir_collapsed","constant",1600,78,0.526997767947294
"stan","constant",1600,78,0.525227800125226
"montoril","linear",1600,78,0.388230004199454
"pg_apf","linear",1600,78,0.376622034663551
"sir_laplace","linear",1600,78,0.37844780933918
"sir_collapsed","linear",1600,78,0.380785887819088
"stan","linear",1600,78,0.378665604124775
"montoril","quadratic",1600,78,0.35296849154743
"pg_apf","quadratic",1600,78,0.34644574011598
"sir_laplace","quadratic",1600,78,0.346923432485874
"sir_collapsed","quadratic",1600,78,0.34913248102904
"stan","quadratic",1600,78,0.3478204424792
"montoril","sinusoidal",1600,78,0.405836350552312
"pg_apf","sinusoidal",1600,78,0.399461446975694
"sir_laplace","sinusoidal",1600,78,0.400549397429409
"sir_collapsed","sinusoidal",1600,78,0.403259566462803
"stan","sinusoidal",1600,78,0.402428645968468
"montoril","constant",200,79,0.797685805221073
"pg_apf","constant",200,79,0.797129804518162
"sir_laplace","constant",200,79,0.787137104109463
"sir_collapsed","constant",200,79,0.787003432022907
"stan","constant",200,79,0.798589056936421
"montoril","linear",200,79,0.518197852900649
"pg_apf","linear",200,79,0.506698546698269
"sir_laplace","linear",200,79,0.504281772525843
"sir_collapsed","linear",200,79,0.49982920341223
"stan","linear",200,79,0.505440355889848
"montoril","quadratic",200,79,0.502811893515983
"pg_apf","quadratic",200,79,0.4928683944775
"sir_laplace","quadratic",200,79,0.487687045425492
"sir_collapsed","quadratic",200,79,0.489409781025814
"stan","quadratic",200,79,0.488822625247102
"montoril","sinusoidal",200,79,0.437574888102967
"pg_apf","sinusoidal",200,79,0.443693571532821
"sir_laplace","sinusoidal",200,79,0.441128369493463
"sir_collapsed","sinusoidal",200,79,0.436541390845885
"stan","sinusoidal",200,79,0.443585167958968
"montoril","constant",400,79,0.700066275407028
"pg_apf","constant",400,79,0.701117849854607
"sir_laplace","constant",400,79,0.698974311540393
"sir_collapsed","constant",400,79,0.695289025579274
"stan","constant",400,79,0.700435889246752
"montoril","linear",400,79,0.37588305018749
"pg_apf","linear",400,79,0.374476116778258
"sir_laplace","linear",400,79,0.371864920336809
"sir_collapsed","linear",400,79,0.373009479160961
"stan","linear",400,79,0.374462962220402
"montoril","quadratic",400,79,0.362522066443844
"pg_apf","quadratic",400,79,0.366530356516345
"sir_laplace","quadratic",400,79,0.365837415877065
"sir_collapsed","quadratic",400,79,0.365006067789328
"stan","quadratic",400,79,0.367563411466598
"montoril","sinusoidal",400,79,0.429826753374835
"pg_apf","sinusoidal",400,79,0.429138631955995
"sir_laplace","sinusoidal",400,79,0.428799231978261
"sir_collapsed","sinusoidal",400,79,0.424155563429896
"stan","sinusoidal",400,79,0.430702931739357
"montoril","constant",800,79,0.575236365982357
"pg_apf","constant",800,79,0.584921055226526
"sir_laplace","constant",800,79,0.581558778578813
"sir_collapsed","constant",800,79,0.578663602856536
"stan","constant",800,79,0.582778200308824
"montoril","linear",800,79,0.394741147022928
"pg_apf","linear",800,79,0.38684566139058
"sir_laplace","linear",800,79,0.38823725576497
"sir_collapsed","linear",800,79,0.386737814523969
"stan","linear",800,79,0.388326711825358
"montoril","quadratic",800,79,0.366641003419894
"pg_apf","quadratic",800,79,0.374244190953943
"sir_laplace","quadratic",800,79,0.376229433038313
"sir_collapsed","quadratic",800,79,0.376972647056471
"stan","quadratic",800,79,0.372695103950806
"montoril","sinusoidal",800,79,0.385269213517543
"pg_apf","sinusoidal",800,79,0.390716489145692
"sir_laplace","sinusoidal",800,79,0.391290223247174
"sir_collapsed","sinusoidal",800,79,0.394379864928221
"stan","sinusoidal",800,79,0.392457704303271
"montoril","constant",1600,79,0.435607460647531
"pg_apf","constant",1600,79,0.437999547332641
"sir_laplace","constant",1600,79,0.436211170129638
"sir_collapsed","constant",1600,79,0.436064695562696
"stan","constant",1600,79,0.436731541298738
"montoril","linear",1600,79,0.306564683758057
"pg_apf","linear",1600,79,0.290607815873998
"sir_laplace","linear",1600,79,0.292719416100538
"sir_collapsed","linear",1600,79,0.293548485449591
"stan","linear",1600,79,0.295593416936159
"montoril","quadratic",1600,79,0.298084620053305
"pg_apf","quadratic",1600,79,0.296217542125475
"sir_laplace","quadratic",1600,79,0.298812274484807
"sir_collapsed","quadratic",1600,79,0.301226729333479
"stan","quadratic",1600,79,0.298772907656845
"montoril","sinusoidal",1600,79,0.343392553118613
"pg_apf","sinusoidal",1600,79,0.326772094129956
"sir_laplace","sinusoidal",1600,79,0.328417373909819
"sir_collapsed","sinusoidal",1600,79,0.330612292341791
"stan","sinusoidal",1600,79,0.326578305067876
"montoril","constant",200,80,0.824175159019912
"pg_apf","constant",200,80,0.823609752871913
"sir_laplace","constant",200,80,0.821537934565474
"sir_collapsed","constant",200,80,0.82041966156861
"stan","constant",200,80,0.823231282571523
"montoril","linear",200,80,0.432570583085697
"pg_apf","linear",200,80,0.411911922893478
"sir_laplace","linear",200,80,0.408386120731854
"sir_collapsed","linear",200,80,0.406700302824515
"stan","linear",200,80,0.411443627419809
"montoril","quadratic",200,80,0.459261764292633
"pg_apf","quadratic",200,80,0.457507306113023
"sir_laplace","quadratic",200,80,0.462049198186834
"sir_collapsed","quadratic",200,80,0.454983426402966
"stan","quadratic",200,80,0.458058903496833
"montoril","sinusoidal",200,80,0.352599014891287
"pg_apf","sinusoidal",200,80,0.354047523155456
"sir_laplace","sinusoidal",200,80,0.35016414834478
"sir_collapsed","sinusoidal",200,80,0.355970774501749
"stan","sinusoidal",200,80,0.353377219429251
"montoril","constant",400,80,0.654102816382643
"pg_apf","constant",400,80,0.649347334572512
"sir_laplace","constant",400,80,0.653410728319131
"sir_collapsed","constant",400,80,0.65785823609507
"stan","constant",400,80,0.651714422978515
"montoril","linear",400,80,0.381768306994801
"pg_apf","linear",400,80,0.380314388391833
"sir_laplace","linear",400,80,0.380186204355964
"sir_collapsed","linear",400,80,0.387744371184198
"stan","linear",400,80,0.382399930708748
"montoril","quadratic",400,80,0.419528740910836
"pg_apf","quadratic",400,80,0.40777827145181
"sir_laplace","quadratic",400,80,0.413475488445387
"sir_collapsed","quadratic",400,80,0.416588773420806
"stan","quadratic",400,80,0.410141617306582
"montoril","sinusoidal",400,80,0.393522861243532
"pg_apf","sinusoidal",400,80,0.382508717267119
"sir_laplace","sinusoidal",400,80,0.38550913138557
"sir_collapsed","sinusoidal",400,80,0.392379918333055
"stan","sinusoidal",400,80,0.383674066294708
"montoril","constant",800,80,0.553272091158637
"pg_apf","constant",800,80,0.55513920638188
"sir_laplace","constant",800,80,0.550651102198936
"sir_collapsed","constant",800,80,0.54879844263519
"stan","constant",800,80,0.553475433793184
"montoril","linear",800,80,0.365925242909506
"pg_apf","linear",800,80,0.360119415976842
"sir_laplace","linear",800,80,0.363985801622007
"sir_collapsed","linear",800,80,0.362969663627958
"stan","linear",800,80,0.365374021115096
"montoril","quadratic",800,80,0.340310958826667
"pg_apf","quadratic",800,80,0.336961964861026
"sir_laplace","quadratic",800,80,0.337800939710518
"sir_collapsed","quadratic",800,80,0.341854507014854
"stan","quadratic",800,80,0.342598616358591
"montoril","sinusoidal",800,80,0.398594859264912
"pg_apf","sinusoidal",800,80,0.386449233848894
"sir_laplace","sinusoidal",800,80,0.38974746186024
"sir_collapsed","sinusoidal",800,80,0.388432935332398
"stan","sinusoidal",800,80,0.38522012612
"montoril","constant",1600,80,0.477936536516736
"pg_apf","constant",1600,80,0.470890737239073
"sir_laplace","constant",1600,80,0.47838184724232
"sir_collapsed","constant",1600,80,0.480990749315559
"stan","constant",1600,80,0.472790254917352
"montoril","linear",1600,80,0.354123422544476
"pg_apf","linear",1600,80,0.346389905857116
"sir_laplace","linear",1600,80,0.354726971186001
"sir_collapsed","linear",1600,80,0.356464659537249
"stan","linear",1600,80,0.348659769371358
"montoril","quadratic",1600,80,0.347377944201412
"pg_apf","quadratic",1600,80,0.342289813941103
"sir_laplace","quadratic",1600,80,0.34384311337363
"sir_collapsed","quadratic",1600,80,0.351454595704764
"stan","quadratic",1600,80,0.346185084998088
"montoril","sinusoidal",1600,80,0.383934350923388
"pg_apf","sinusoidal",1600,80,0.371027409066221
"sir_laplace","sinusoidal",1600,80,0.379232120550488
"sir_collapsed","sinusoidal",1600,80,0.38321860976848
"stan","sinusoidal",1600,80,0.375742485040882
"montoril","constant",200,81,0.838910374596951
"pg_apf","constant",200,81,0.842012503299426
"sir_laplace","constant",200,81,0.839172601829061
"sir_collapsed","constant",200,81,0.831463456363381
"stan","constant",200,81,0.838588314131514
"montoril","linear",200,81,0.304002790925278
"pg_apf","linear",200,81,0.309216425952551
"sir_laplace","linear",200,81,0.304212708778708
"sir_collapsed","linear",200,81,0.306734900661387
"stan","linear",200,81,0.306483343909789
"montoril","quadratic",200,81,0.292451878344903
"pg_apf","quadratic",200,81,0.292919646055918
"sir_laplace","quadratic",200,81,0.294208568549866
"sir_collapsed","quadratic",200,81,0.298152961952718
"stan","quadratic",200,81,0.297514066499788
"montoril","sinusoidal",200,81,0.375715026605483
"pg_apf","sinusoidal",200,81,0.391798100205781
"sir_laplace","sinusoidal",200,81,0.384483134041425
"sir_collapsed","sinusoidal",200,81,0.386930849622136
"stan","sinusoidal",200,81,0.38920823398674
"montoril","constant",400,81,0.737535646209275
"pg_apf","constant",400,81,0.738165166670193
"sir_laplace","constant",400,81,0.728878568945307
"sir_collapsed","constant",400,81,0.725227869923459
"stan","constant",400,81,0.730371369774545
"montoril","linear",400,81,0.422746514850042
"pg_apf","linear",400,81,0.416056607334882
"sir_laplace","linear",400,81,0.418143056825978
"sir_collapsed","linear",400,81,0.42159888256614
"stan","linear",400,81,0.417807782308179
"montoril","quadratic",400,81,0.400070266832316
"pg_apf","quadratic",400,81,0.418343661410405
"sir_laplace","quadratic",400,81,0.42058604955652
"sir_collapsed","quadratic",400,81,0.424777233247199
"stan","quadratic",400,81,0.415740659836176
"montoril","sinusoidal",400,81,0.449881788175093
"pg_apf","sinusoidal",400,81,0.448328871636544
"sir_laplace","sinusoidal",400,81,0.453110721892708
"sir_collapsed","sinusoidal",400,81,0.455761223030822
"stan","sinusoidal",400,81,0.451746226993736
"montoril","constant",800,81,0.545624170042475
"pg_apf","constant",800,81,0.543468911686197
"sir_laplace","constant",800,81,0.541516988107386
"sir_collapsed","constant",800,81,0.540916354743266
"stan","constant",800,81,0.542575395719271
"montoril","linear",800,81,0.38159897811839
"pg_apf","linear",800,81,0.379502649046851
"sir_laplace","linear",800,81,0.381669006040116
"sir_collapsed","linear",800,81,0.385357002771446
"stan","linear",800,81,0.381580076329871
"montoril","quadratic",800,81,0.386878996481253
"pg_apf","quadratic",800,81,0.388018297467033
"sir_laplace","quadratic",800,81,0.387301026727568
"sir_collapsed","quadratic",800,81,0.390883572641049
"stan","quadratic",800,81,0.391148417686674
"montoril","sinusoidal",800,81,0.389640107012315
"pg_apf","sinusoidal",800,81,0.377270423405733
"sir_laplace","sinusoidal",800,81,0.378822717517187
"sir_collapsed","sinusoidal",800,81,0.379179187787685
"stan","sinusoidal",800,81,0.377540478932406
"montoril","constant",1600,81,0.454021080813769
"pg_apf","constant",1600,81,0.450376638233186
"sir_laplace","constant",1600,81,0.453696350120189
"sir_collapsed","constant",1600,81,0.459054777172388
"stan","constant",1600,81,0.450500402723194
"montoril","linear",1600,81,0.265212829558266
"pg_apf","linear",1600,81,0.2637381690148
"sir_laplace","linear",1600,81,0.266957888785793
"sir_collapsed","linear",1600,81,0.271770705132757
"stan","linear",1600,81,0.266088388389107
"montoril","quadratic",1600,81,0.275720543729552
"pg_apf","quadratic",1600,81,0.259767617725117
"sir_laplace","quadratic",1600,81,0.261532218970934
"sir_collapsed","quadratic",1600,81,0.265153211497241
"stan","quadratic",1600,81,0.258670312146378
"montoril","sinusoidal",1600,81,0.302627460910733
"pg_apf","sinusoidal",1600,81,0.302638672087941
"sir_laplace","sinusoidal",1600,81,0.306779341380618
"sir_collapsed","sinusoidal",1600,81,0.312930802020176
"stan","sinusoidal",1600,81,0.303040995459949
"montoril","constant",200,82,0.709577446584098
"pg_apf","constant",200,82,0.712182240736845
"sir_laplace","constant",200,82,0.710668670836216
"sir_collapsed","constant",200,82,0.711503999359198
"stan","constant",200,82,0.712600688010598
"montoril","linear",200,82,0.447596740781432
"pg_apf","linear",200,82,0.426912378856402
"sir_laplace","linear",200,82,0.425764154191522
"sir_collapsed","linear",200,82,0.431145818687818
"stan","linear",200,82,0.424939192358625
"montoril","quadratic",200,82,0.488332232725106
"pg_apf","quadratic",200,82,0.478253604865059
"sir_laplace","quadratic",200,82,0.488099609647936
"sir_collapsed","quadratic",200,82,0.489607275734345
"stan","quadratic",200,82,0.485736611856846
"montoril","sinusoidal",200,82,0.415011047719249
"pg_apf","sinusoidal",200,82,0.423510374565826
"sir_laplace","sinusoidal",200,82,0.424317209985218
"sir_collapsed","sinusoidal",200,82,0.426497352936277
"stan","sinusoidal",200,82,0.42645070572249
"montoril","constant",400,82,0.597446823220456
"pg_apf","constant",400,82,0.593816658926967
"sir_laplace","constant",400,82,0.590133044545316
"sir_collapsed","constant",400,82,0.58668069121031
"stan","constant",400,82,0.592253674788538
"montoril","linear",400,82,0.395098141349075
"pg_apf","linear",400,82,0.390509636352828
"sir_laplace","linear",400,82,0.386744371577995
"sir_collapsed","linear",400,82,0.390380319733775
"stan","linear",400,82,0.394361637636768
"montoril","quadratic",400,82,0.41996831316098
"pg_apf","quadratic",400,82,0.41353251012835
"sir_laplace","quadratic",400,82,0.412735206800527
"sir_collapsed","quadratic",400,82,0.417113163173612
"stan","quadratic",400,82,0.415606295919801
"montoril","sinusoidal",400,82,0.430031631916229
"pg_apf","sinusoidal",400,82,0.420710505608837
"sir_laplace","sinusoidal",400,82,0.420991002601773
"sir_collapsed","sinusoidal",400,82,0.417218056736563
"stan","sinusoidal",400,82,0.423385584778833
"montoril","constant",800,82,0.57245861752929
"pg_apf","constant",800,82,0.564230601196567
"sir_laplace","constant",800,82,0.565771390286999
"sir_collapsed","constant",800,82,0.567741387120428
"stan","constant",800,82,0.564784376330673
"montoril","linear",800,82,0.397320002520912
"pg_apf","linear",800,82,0.400362125929074
"sir_laplace","linear",800,82,0.402835586225282
"sir_collapsed","linear",800,82,0.404144203493372
"stan","linear",800,82,0.40236792841987
"montoril","quadratic",800,82,0.401356639205679
"pg_apf","quadratic",800,82,0.390604234220048
"sir_laplace","quadratic",800,82,0.392643112875569
"sir_collapsed","quadratic",800,82,0.398210930496529
"stan","quadratic",800,82,0.393513032587008
"montoril","sinusoidal",800,82,0.40334575992298
"pg_apf","sinusoidal",800,82,0.392155284186135
"sir_laplace","sinusoidal",800,82,0.391940103537308
"sir_collapsed","sinusoidal",800,82,0.39643375464696
"stan","sinusoidal",800,82,0.392408221997599
"montoril","constant",1600,82,0.455426193168629
"pg_apf","constant",1600,82,0.442150548237437
"sir_laplace","constant",1600,82,0.445482830908191
"sir_collapsed","constant",1600,82,0.446629773011873
"stan","constant",1600,82,0.448596406334547
"montoril","linear",1600,82,0.302122108929778
"pg_apf","linear",1600,82,0.300575695102311
"sir_laplace","linear",1600,82,0.305610237691467
"sir_collapsed","linear",1600,82,0.307306842122021
"stan","linear",1600,82,0.301017269725848
"montoril","quadratic",1600,82,0.310705962892245
"pg_apf","quadratic",1600,82,0.298573675058403
"sir_laplace","quadratic",1600,82,0.304299098339376
"sir_collapsed","quadratic",1600,82,0.307458101055433
"stan","quadratic",1600,82,0.30430080009924
"montoril","sinusoidal",1600,82,0.314384450754688
"pg_apf","sinusoidal",1600,82,0.308123883716549
"sir_laplace","sinusoidal",1600,82,0.315325642521986
"sir_collapsed","sinusoidal",1600,82,0.314235910247887
"stan","sinusoidal",1600,82,0.313348961421076
"montoril","constant",200,83,0.639891568080977
"pg_apf","constant",200,83,0.642008817339174
"sir_laplace","constant",200,83,0.638504590678634
"sir_collapsed","constant",200,83,0.640557590837449
"stan","constant",200,83,0.644155479783158
"montoril","linear",200,83,0.247034737908406
"pg_apf","linear",200,83,0.252036052464957
"sir_laplace","linear",200,83,0.253010265762607
"sir_collapsed","linear",200,83,0.255317865385049
"stan","linear",200,83,0.249582512069221
"montoril","quadratic",200,83,0.265140434803127
"pg_apf","quadratic",200,83,0.281032369049224
"sir_laplace","quadratic",200,83,0.283593367811032
"sir_collapsed","quadratic",200,83,0.282345176881474
"stan","quadratic",200,83,0.281734281499808
"montoril","sinusoidal",200,83,0.241760710220948
"pg_apf","sinusoidal",200,83,0.238525121991279
"sir_laplace","sinusoidal",200,83,0.23992974315925
"sir_collapsed","sinusoidal",200,83,0.240884424181534
"stan","sinusoidal",200,83,0.236187723133143
"montoril","constant",400,83,0.650444395643081
"pg_apf","constant",400,83,0.644971016255516
"sir_laplace","constant",400,83,0.646027740984939
"sir_collapsed","constant",400,83,0.647892372123392
"stan","constant",400,83,0.644904683650574
"montoril","linear",400,83,0.410396993592329
"pg_apf","linear",400,83,0.408212452903852
"sir_laplace","linear",400,83,0.407239565429428
"sir_collapsed","linear",400,83,0.413584839748761
"stan","linear",400,83,0.403976806847242
"montoril","quadratic",400,83,0.434912548621148
"pg_apf","quadratic",400,83,0.432492083377104
"sir_laplace","quadratic",400,83,0.433051901344781
"sir_collapsed","quadratic",400,83,0.438618106273175
"stan","quadratic",400,83,0.429802991520669
"montoril","sinusoidal",400,83,0.399556829970895
"pg_apf","sinusoidal",400,83,0.390341810329508
"sir_laplace","sinusoidal",400,83,0.393345803951043
"sir_collapsed","sinusoidal",400,83,0.396947202899
"stan","sinusoidal",400,83,0.39753306877075
"montoril","constant",800,83,0.51195123128157
"pg_apf","constant",800,83,0.514992657694749
"sir_laplace","constant",800,83,0.5095861736145
"sir_collapsed","constant",800,83,0.509604371996985
"stan","constant",800,83,0.512064375863935
"montoril","linear",800,83,0.262911453920218
"pg_apf","linear",800,83,0.258859215304868
"sir_laplace","linear",800,83,0.260323428893457
"sir_collapsed","linear",800,83,0.26230563112794
"stan","linear",800,83,0.260412921361038
"montoril","quadratic",800,83,0.259400214207328
"pg_apf","quadratic",800,83,0.259534308279331
"sir_laplace","quadratic",800,83,0.257592513546884
"sir_collapsed","quadratic",800,83,0.261549437987796
"stan","quadratic",800,83,0.258773811288443
"montoril","sinusoidal",800,83,0.271261263358358
"pg_apf","sinusoidal",800,83,0.257958909391321
"sir_laplace","sinusoidal",800,83,0.258612747366801
"sir_collapsed","sinusoidal",800,83,0.262991130764729
"stan","sinusoidal",800,83,0.259883296513767
"montoril","constant",1600,83,0.443318162529181
"pg_apf","constant",1600,83,0.4446920873193
"sir_laplace","constant",1600,83,0.444017626162401
"sir_collapsed","constant",1600,83,0.443727007635251
"stan","constant",1600,83,0.445939151288206
"montoril","linear",1600,83,0.304015986218323
"pg_apf","linear",1600,83,0.298340787859363
"sir_laplace","linear",1600,83,0.300108704446036
"sir_collapsed","linear",1600,83,0.298058446374934
"stan","linear",1600,83,0.297915544555916
"montoril","quadratic",1600,83,0.299127851137102
"pg_apf","quadratic",1600,83,0.294982982956401
"sir_laplace","quadratic",1600,83,0.294325883325746
"sir_collapsed","quadratic",1600,83,0.296927435728869
"stan","quadratic",1600,83,0.297234290909236
"montoril","sinusoidal",1600,83,0.310615782870705
"pg_apf","sinusoidal",1600,83,0.301720863869349
"sir_laplace","sinusoidal",1600,83,0.302388898066239
"sir_collapsed","sinusoidal",1600,83,0.306058867601623
"stan","sinusoidal",1600,83,0.30542580587601
"montoril","constant",200,84,0.771491075350222
"pg_apf","constant",200,84,0.774870115638404
"sir_laplace","constant",200,84,0.778709498746537
"sir_collapsed","constant",200,84,0.778867445559669
"stan","constant",200,84,0.774673417252735
"montoril","linear",200,84,0.384210484571394
"pg_apf","linear",200,84,0.386398015416307
"sir_laplace","linear",200,84,0.391498348581011
"sir_collapsed","linear",200,84,0.396431082357325
"stan","linear",200,84,0.390074311985149
"montoril","quadratic",200,84,0.403942384764731
"pg_apf","quadratic",200,84,0.403381121955417
"sir_laplace","quadratic",200,84,0.405920972389704
"sir_collapsed","quadratic",200,84,0.406693238138645
"stan","quadratic",200,84,0.403955814633521
"montoril","sinusoidal",200,84,0.394556538780597
"pg_apf","sinusoidal",200,84,0.400431042234849
"sir_laplace","sinusoidal",200,84,0.401465269718032
"sir_collapsed","sinusoidal",200,84,0.40959808750566
"stan","sinusoidal",200,84,0.401576316010142
"montoril","constant",400,84,0.672348846198794
"pg_apf","constant",400,84,0.668942832711606
"sir_laplace","constant",400,84,0.66768229671931
"sir_collapsed","constant",400,84,0.664807808760943
"stan","constant",400,84,0.66963334484688
"montoril","linear",400,84,0.414630334132392
"pg_apf","linear",400,84,0.41488060522174
"sir_laplace","linear",400,84,0.418062239441477
"sir_collapsed","linear",400,84,0.418563832576309
"stan","linear",400,84,0.419415087968537
"montoril","quadratic",400,84,0.392340556170537
"pg_apf","quadratic",400,84,0.386524458965891
"sir_laplace","quadratic",400,84,0.385416925353508
"sir_collapsed","quadratic",400,84,0.394855266682834
"stan","quadratic",400,84,0.385126528515136
"montoril","sinusoidal",400,84,0.417948149132421
"pg_apf","sinusoidal",400,84,0.415192021506433
"sir_laplace","sinusoidal",400,84,0.417657164755398
"sir_collapsed","sinusoidal",400,84,0.420459422433942
"stan","sinusoidal",400,84,0.415593764568323
"montoril","constant",800,84,0.617259218187033
"pg_apf","constant",800,84,0.616120717555633
"sir_laplace","constant",800,84,0.616805154111334
"sir_collapsed","constant",800,84,0.616985984262108
"stan","constant",800,84,0.618256850628781
"montoril","linear",800,84,0.390206164651025
"pg_apf","linear",800,84,0.388082154434859
"sir_laplace","linear",800,84,0.388509956193973
"sir_collapsed","linear",800,84,0.388793847585203
"stan","linear",800,84,0.39020609198087
"montoril","quadratic",800,84,0.377875236905301
"pg_apf","quadratic",800,84,0.384855451126067
"sir_laplace","quadratic",800,84,0.386601759450777
"sir_collapsed","quadratic",800,84,0.388438794531944
"stan","quadratic",800,84,0.386494559603568
"montoril","sinusoidal",800,84,0.400099836211766
"pg_apf","sinusoidal",800,84,0.392938477304754
"sir_laplace","sinusoidal",800,84,0.397755193759347
"sir_collapsed","sinusoidal",800,84,0.396959676343562
"stan","sinusoidal",800,84,0.397014956660336
"montoril","constant",1600,84,0.448309010585813
"pg_apf","constant",1600,84,0.446341526635809
"sir_laplace","constant",1600,84,0.444598612001988
"sir_collapsed","constant",1600,84,0.444773147420006
"stan","constant",1600,84,0.450077073595688
"montoril","linear",1600,84,0.278048706217198
"pg_apf","linear",1600,84,0.280860511924104
"sir_laplace","linear",1600,84,0.286843438218844
"sir_collapsed","linear",1600,84,0.285530286346032
"stan","linear",1600,84,0.285582019468219
"montoril","quadratic",1600,84,0.30100272523171
"pg_apf","quadratic",1600,84,0.293755602375892
"sir_laplace","quadratic",1600,84,0.296034694849984
"sir_collapsed","quadratic",1600,84,0.297655340711444
"stan","quadratic",1600,84,0.296547902221309
"montoril","sinusoidal",1600,84,0.319727920049418
"pg_apf","sinusoidal",1600,84,0.316220815625841
"sir_laplace","sinusoidal",1600,84,0.315066373468263
"sir_collapsed","sinusoidal",1600,84,0.316206651290379
"stan","sinusoidal",1600,84,0.317897975713748
"montoril","constant",200,85,0.840177431152556
"pg_apf","constant",200,85,0.842013732229683
"sir_laplace","constant",200,85,0.837078809681363
"sir_collapsed","constant",200,85,0.832330404691551
"stan","constant",200,85,0.842281979668489
"montoril","linear",200,85,0.452996914159109
"pg_apf","linear",200,85,0.448736552811787
"sir_laplace","linear",200,85,0.441253951712113
"sir_collapsed","linear",200,85,0.436744667802734
"stan","linear",200,85,0.443921661045474
"montoril","quadratic",200,85,0.462248285555422
"pg_apf","quadratic",200,85,0.464665310591622
"sir_laplace","quadratic",200,85,0.455026974375455
"sir_collapsed","quadratic",200,85,0.445655623935609
"stan","quadratic",200,85,0.461341053009783
"montoril","sinusoidal",200,85,0.444847038022277
"pg_apf","sinusoidal",200,85,0.447488632247788
"sir_laplace","sinusoidal",200,85,0.446128395503134
"sir_collapsed","sinusoidal",200,85,0.435070897552713
"stan","sinusoidal",200,85,0.447167220025322
"montoril","constant",400,85,0.666316778248611
"pg_apf","constant",400,85,0.664946776671849
"sir_laplace","constant",400,85,0.662022303327072
"sir_collapsed","constant",400,85,0.658323047739383
"stan","constant",400,85,0.6631166849451
"montoril","linear",400,85,0.390457616642354
"pg_apf","linear",400,85,0.383479378509062
"sir_laplace","linear",400,85,0.382582912251749
"sir_collapsed","linear",400,85,0.382598279472773
"stan","linear",400,85,0.385038086709234
"montoril","quadratic",400,85,0.364224935018239
"pg_apf","quadratic",400,85,0.363541821010854
"sir_laplace","quadratic",400,85,0.360801014842326
"sir_collapsed","quadratic",400,85,0.36366148753851
"stan","quadratic",400,85,0.365629214145184
"montoril","sinusoidal",400,85,0.412715856081847
"pg_apf","sinusoidal",400,85,0.408579362549337
"sir_laplace","sinusoidal",400,85,0.408756953861027
"sir_collapsed","sinusoidal",400,85,0.407007911835404
"stan","sinusoidal",400,85,0.408688368368157
"montoril","constant",800,85,0.528350986376802
"pg_apf","constant",800,85,0.5274713956106
"sir_laplace","constant",800,85,0.529127338925566
"sir_collapsed","constant",800,85,0.534789769775351
"stan","constant",800,85,0.526794847366206
"montoril","linear",800,85,0.282442020778015
"pg_apf","linear",800,85,0.28966195223664
"sir_laplace","linear",800,85,0.292080045895527
"sir_collapsed","linear",800,85,0.301559310662951
"stan","linear",800,85,0.289926386863619
"montoril","quadratic",800,85,0.258814617853996
"pg_apf","quadratic",800,85,0.253460003096598
"sir_laplace","quadratic",800,85,0.25981687139237
"sir_collapsed","quadratic",800,85,0.267299138402138
"stan","quadratic",800,85,0.2560559391073
"montoril","sinusoidal",800,85,0.265726064311898
"pg_apf","sinusoidal",800,85,0.271506161334604
"sir_laplace","sinusoidal",800,85,0.281566420789382
"sir_collapsed","sinusoidal",800,85,0.285854276628186
"stan","sinusoidal",800,85,0.272807342454731
"montoril","constant",1600,85,0.414028328598607
"pg_apf","constant",1600,85,0.411332981921983
"sir_laplace","constant",1600,85,0.411890024333708
"sir_collapsed","constant",1600,85,0.40983828428523
"stan","constant",1600,85,0.412838133982243
"montoril","linear",1600,85,0.288581495126991
"pg_apf","linear",1600,85,0.280489143997135
"sir_laplace","linear",1600,85,0.280638618216836
"sir_collapsed","linear",1600,85,0.280205950760858
"stan","linear",1600,85,0.282706643911739
"montoril","quadratic",1600,85,0.306785648803762
"pg_apf","quadratic",1600,85,0.298405845565784
"sir_laplace","quadratic",1600,85,0.300520076490824
"sir_collapsed","quadratic",1600,85,0.298189653599034
"stan","quadratic",1600,85,0.302200283558623
"montoril","sinusoidal",1600,85,0.310572625092136
"pg_apf","sinusoidal",1600,85,0.316063768795692
"sir_laplace","sinusoidal",1600,85,0.316113488042732
"sir_collapsed","sinusoidal",1600,85,0.315570322433663
"stan","sinusoidal",1600,85,0.318657410516329
"montoril","constant",200,86,0.839139106760503
"pg_apf","constant",200,86,0.840794292528121
"sir_laplace","constant",200,86,0.856398929331634
"sir_collapsed","constant",200,86,0.863473272276373
"stan","constant",200,86,0.841931814101101
"montoril","linear",200,86,0.528832367807157
"pg_apf","linear",200,86,0.532982684215666
"sir_laplace","linear",200,86,0.543013604304164
"sir_collapsed","linear",200,86,0.559107279528273
"stan","linear",200,86,0.538209200145182
"montoril","quadratic",200,86,0.569267818486893
"pg_apf","quadratic",200,86,0.575581337280322
"sir_laplace","quadratic",200,86,0.5802968855266
"sir_collapsed","quadratic",200,86,0.590475248346421
"stan","quadratic",200,86,0.576344195074047
"montoril","sinusoidal",200,86,0.556468844057651
"pg_apf","sinusoidal",200,86,0.555383078106932
"sir_laplace","sinusoidal",200,86,0.569152082876305
"sir_collapsed","sinusoidal",200,86,0.582817329567683
"stan","sinusoidal",200,86,0.562468681922908
"montoril","constant",400,86,0.676803316336368
"pg_apf","constant",400,86,0.682710296211867
"sir_laplace","constant",400,86,0.676269259553464
"sir_collapsed","constant",400,86,0.673271446571271
"stan","constant",400,86,0.679330181863212
"montoril","linear",400,86,0.497969999106364
"pg_apf","linear",400,86,0.498698357157865
"sir_laplace","linear",400,86,0.496827556645046
"sir_collapsed","linear",400,86,0.496033599467108
"stan","linear",400,86,0.50091086127241
"montoril","quadratic",400,86,0.445364840091133
"pg_apf","quadratic",400,86,0.445628811136965
"sir_laplace","quadratic",400,86,0.439773801056535
"sir_collapsed","quadratic",400,86,0.441559728479254
"stan","quadratic",400,86,0.447034848727071
"montoril","sinusoidal",400,86,0.492602860448585
"pg_apf","sinusoidal",400,86,0.506646512407532
"sir_laplace","sinusoidal",400,86,0.50124972355591
"sir_collapsed","sinusoidal",400,86,0.502126393341789
"stan","sinusoidal",400,86,0.507791379698815
"montoril","constant",800,86,0.484116979488326
"pg_apf","constant",800,86,0.485280403578772
"sir_laplace","constant",800,86,0.482617584531026
"sir_collapsed","constant",800,86,0.482377704707652
"stan","constant",800,86,0.482664596655561
"montoril","linear",800,86,0.274673154038629
"pg_apf","linear",800,86,0.276935090669152
"sir_laplace","linear",800,86,0.277153516719098
"sir_collapsed","linear",800,86,0.28066030303063
"stan","linear",800,86,0.278024470402728
"montoril","quadratic",800,86,0.290575442980976
"pg_apf","quadratic",800,86,0.280493855241389
"sir_laplace","quadratic",800,86,0.281742619559233
"sir_collapsed","quadratic",800,86,0.287335479751825
"stan","quadratic",800,86,0.283158762728743
"montoril","sinusoidal",800,86,0.299607022160623
"pg_apf","sinusoidal",800,86,0.274198990745501
"sir_laplace","sinusoidal",800,86,0.27482826320669
"sir_collapsed","sinusoidal",800,86,0.279399108260226
"stan","sinusoidal",800,86,0.274751268862021
"montoril","constant",1600,86,0.440242865728758
"pg_apf","constant",1600,86,0.440701369981924
"sir_laplace","constant",1600,86,0.43838577598446
"sir_collapsed","constant",1600,86,0.437199438382628
"stan","constant",1600,86,0.44095394273442
"montoril","linear",1600,86,0.336968881916463
"pg_apf","linear",1600,86,0.342180536272583
"sir_laplace","linear",1600,86,0.344585115000121
"sir_collapsed","linear",1600,86,0.344541801676404
"stan","linear",1600,86,0.349376640006827
"montoril","quadratic",1600,86,0.326748714143578
"pg_apf","quadratic",1600,86,0.31847095246296
"sir_laplace","quadratic",1600,86,0.321762254129409
"sir_collapsed","quadratic",1600,86,0.320446679438884
"stan","quadratic",1600,86,0.324418348195003
"montoril","sinusoidal",1600,86,0.336568966940003
"pg_apf","sinusoidal",1600,86,0.331235817908583
"sir_laplace","sinusoidal",1600,86,0.333268767630946
"sir_collapsed","sinusoidal",1600,86,0.328782858219526
"stan","sinusoidal",1600,86,0.335199148792505
"montoril","constant",200,87,0.666752678336247
"pg_apf","constant",200,87,0.668936593395071
"sir_laplace","constant",200,87,0.665192434493725
"sir_collapsed","constant",200,87,0.66124883008644
"stan","constant",200,87,0.668035657659202
"montoril","linear",200,87,0.358868542117846
"pg_apf","linear",200,87,0.353261579106929
"sir_laplace","linear",200,87,0.349960213181789
"sir_collapsed","linear",200,87,0.358345820952303
"stan","linear",200,87,0.355828788052709
"montoril","quadratic",200,87,0.362992930542491
"pg_apf","quadratic",200,87,0.352369046820451
"sir_laplace","quadratic",200,87,0.352283393624077
"sir_collapsed","quadratic",200,87,0.356068618021991
"stan","quadratic",200,87,0.353127486247331
"montoril","sinusoidal",200,87,0.275198040052841
"pg_apf","sinusoidal",200,87,0.274233443350968
"sir_laplace","sinusoidal",200,87,0.272207546887652
"sir_collapsed","sinusoidal",200,87,0.272720325258051
"stan","sinusoidal",200,87,0.279401087342167
"montoril","constant",400,87,0.667404675215076
"pg_apf","constant",400,87,0.663019250956458
"sir_laplace","constant",400,87,0.663216491963492
"sir_collapsed","constant",400,87,0.667730675859835
"stan","constant",400,87,0.658789634602999
"montoril","linear",400,87,0.35608155243814
"pg_apf","linear",400,87,0.36487492766462
"sir_laplace","linear",400,87,0.370171069494306
"sir_collapsed","linear",400,87,0.380621779412087
"stan","linear",400,87,0.366829279991392
"montoril","quadratic",400,87,0.364732025503699
"pg_apf","quadratic",400,87,0.361448588827418
"sir_laplace","quadratic",400,87,0.36551748170213
"sir_collapsed","quadratic",400,87,0.373519604090531
"stan","quadratic",400,87,0.358975170065453
"montoril","sinusoidal",400,87,0.416839060611216
"pg_apf","sinusoidal",400,87,0.393172844113543
"sir_laplace","sinusoidal",400,87,0.398983404414484
"sir_collapsed","sinusoidal",400,87,0.409672937158562
"stan","sinusoidal",400,87,0.39627114898757
"montoril","constant",800,87,0.540684881387381
"pg_apf","constant",800,87,0.548489053347823
"sir_laplace","constant",800,87,0.548925353105083
"sir_collapsed","constant",800,87,0.55055346262699
"stan","constant",800,87,0.547610636930168
"montoril","linear",800,87,0.321763333960081
"pg_apf","linear",800,87,0.334592475304158
"sir_laplace","linear",800,87,0.337928458389704
"sir_collapsed","linear",800,87,0.340562288788391
"stan","linear",800,87,0.334667632729498
"montoril","quadratic",800,87,0.308203714854984
"pg_apf","quadratic",800,87,0.311931015773716
"sir_laplace","quadratic",800,87,0.317514614817071
"sir_collapsed","quadratic",800,87,0.31700115428979
"stan","quadratic",800,87,0.311852350693015
"montoril","sinusoidal",800,87,0.364529944279385
"pg_apf","sinusoidal",800,87,0.362692247826314
"sir_laplace","sinusoidal",800,87,0.365622122733807
"sir_collapsed","sinusoidal",800,87,0.370939704965663
"stan","sinusoidal",800,87,0.366162855182106
"montoril","constant",1600,87,0.50574697940574
"pg_apf","constant",1600,87,0.500801496151236
"sir_laplace","constant",1600,87,0.504553936349217
"sir_collapsed","constant",1600,87,0.509250584075988
"stan","constant",1600,87,0.499938041825905
"montoril","linear",1600,87,0.331570365368586
"pg_apf","linear",1600,87,0.331423048406322
"sir_laplace","linear",1600,87,0.338466907499944
"sir_collapsed","linear",1600,87,0.342822499079574
"stan","linear",1600,87,0.33342068058522
"montoril","quadratic",1600,87,0.336509584383558
"pg_apf","quadratic",1600,87,0.330689914402091
"sir_laplace","quadratic",1600,87,0.338950193925564
"sir_collapsed","quadratic",1600,87,0.34385793409671
"stan","quadratic",1600,87,0.331843258284766
"montoril","sinusoidal",1600,87,0.375619747021455
"pg_apf","sinusoidal",1600,87,0.361790945273398
"sir_laplace","sinusoidal",1600,87,0.365171119132677
"sir_collapsed","sinusoidal",1600,87,0.373031007294612
"stan","sinusoidal",1600,87,0.362829079678681
"montoril","constant",200,88,0.701346806876666
"pg_apf","constant",200,88,0.701381220647211
"sir_laplace","constant",200,88,0.703409740415661
"sir_collapsed","constant",200,88,0.702789228423477
"stan","constant",200,88,0.702944997192987
"montoril","linear",200,88,0.294970766840839
"pg_apf","linear",200,88,0.295803818703292
"sir_laplace","linear",200,88,0.293993234717968
"sir_collapsed","linear",200,88,0.297679526206053
"stan","linear",200,88,0.294069696912321
"montoril","quadratic",200,88,0.308005262465893
"pg_apf","quadratic",200,88,0.308559916271122
"sir_laplace","quadratic",200,88,0.309870622511537
"sir_collapsed","quadratic",200,88,0.308929942235176
"stan","quadratic",200,88,0.307661483045389
"montoril","sinusoidal",200,88,0.291880155070851
"pg_apf","sinusoidal",200,88,0.278156537882072
"sir_laplace","sinusoidal",200,88,0.286827344479188
"sir_collapsed","sinusoidal",200,88,0.297541199908862
"stan","sinusoidal",200,88,0.282774100295252
"montoril","constant",400,88,0.60770018480803
"pg_apf","constant",400,88,0.606975880901666
"sir_laplace","constant",400,88,0.602966233288306
"sir_collapsed","constant",400,88,0.602421161822894
"stan","constant",400,88,0.60330552494382
"montoril","linear",400,88,0.358312249517307
"pg_apf","linear",400,88,0.361620856781088
"sir_laplace","linear",400,88,0.361943371600658
"sir_collapsed","linear",400,88,0.371992095504183
"stan","linear",400,88,0.359958471294591
"montoril","quadratic",400,88,0.388720448062142
"pg_apf","quadratic",400,88,0.377746485100746
"sir_laplace","quadratic",400,88,0.382852098010054
"sir_collapsed","quadratic",400,88,0.390164226662504
"stan","quadratic",400,88,0.378085414317146
"montoril","sinusoidal",400,88,0.354949831575297
"pg_apf","sinusoidal",400,88,0.359801918131052
"sir_laplace","sinusoidal",400,88,0.366188131105932
"sir_collapsed","sinusoidal",400,88,0.371674217466798
"stan","sinusoidal",400,88,0.358311536521857
"montoril","constant",800,88,0.568178120802608
"pg_apf","constant",800,88,0.56789471049475
"sir_laplace","constant",800,88,0.56613217561905
"sir_collapsed","constant",800,88,0.569890807579418
"stan","constant",800,88,0.567672365019986
"montoril","linear",800,88,0.38214659508312
"pg_apf","linear",800,88,0.382122496822668
"sir_laplace","linear",800,88,0.384347301875571
"sir_collapsed","linear",800,88,0.386081950379855
"stan","linear",800,88,0.384538822226166
"montoril","quadratic",800,88,0.418465905226647
"pg_apf","quadratic",800,88,0.403704729581826
"sir_laplace","quadratic",800,88,0.405163696842588
"sir_collapsed","quadratic",800,88,0.407193420447549
"stan","quadratic",800,88,0.405557682088716
"montoril","sinusoidal",800,88,0.450228890759778
"pg_apf","sinusoidal",800,88,0.440062525843506
"sir_laplace","sinusoidal",800,88,0.444278365358453
"sir_collapsed","sinusoidal",800,88,0.449745340155783
"stan","sinusoidal",800,88,0.444770252006083
"montoril","constant",1600,88,0.475149157545326
"pg_apf","constant",1600,88,0.471405208279925
"sir_laplace","constant",1600,88,0.470428030471663
"sir_collapsed","constant",1600,88,0.469511322321539
"stan","constant",1600,88,0.47118027602419
"montoril","linear",1600,88,0.307246870678786
"pg_apf","linear",1600,88,0.299744291341029
"sir_laplace","linear",1600,88,0.301759421870219
"sir_collapsed","linear",1600,88,0.302978129341325
"stan","linear",1600,88,0.302294863149364
"montoril","quadratic",1600,88,0.299168435097758
"pg_apf","quadratic",1600,88,0.293431576434108
"sir_laplace","quadratic",1600,88,0.297857333578382
"sir_collapsed","quadratic",1600,88,0.297643963018379
"stan","quadratic",1600,88,0.299254529049407
"montoril","sinusoidal",1600,88,0.315957614132217
"pg_apf","sinusoidal",1600,88,0.315725651478191
"sir_laplace","sinusoidal",1600,88,0.320610070751374
"sir_collapsed","sinusoidal",1600,88,0.321522669110532
"stan","sinusoidal",1600,88,0.321349443438703
"montoril","constant",200,89,0.854139033927011
"pg_apf","constant",200,89,0.853377445784683
"sir_laplace","constant",200,89,0.848005596884046
"sir_collapsed","constant",200,89,0.841319411091743
"stan","constant",200,89,0.851218380167564
"montoril","linear",200,89,0.43372838467164
"pg_apf","linear",200,89,0.443747066683298
"sir_laplace","linear",200,89,0.435864365726712
"sir_collapsed","linear",200,89,0.436154901558939
"stan","linear",200,89,0.438958911845851
"montoril","quadratic",200,89,0.427480893794924
"pg_apf","quadratic",200,89,0.428104415286707
"sir_laplace","quadratic",200,89,0.430040887370632
"sir_collapsed","quadratic",200,89,0.424996705781659
"stan","quadratic",200,89,0.427583793696262
"montoril","sinusoidal",200,89,0.4003520977565
"pg_apf","sinusoidal",200,89,0.394037514446264
"sir_laplace","sinusoidal",200,89,0.398333839396048
"sir_collapsed","sinusoidal",200,89,0.403700634904649
"stan","sinusoidal",200,89,0.397225725371903
"montoril","constant",400,89,0.593521420888446
"pg_apf","constant",400,89,0.585850145550607
"sir_laplace","constant",400,89,0.59181356801254
"sir_collapsed","constant",400,89,0.593796138563432
"stan","constant",400,89,0.592000247227512
"montoril","linear",400,89,0.363956603471352
"pg_apf","linear",400,89,0.36132404679284
"sir_laplace","linear",400,89,0.366357027726872
"sir_collapsed","linear",400,89,0.365457423561599
"stan","linear",400,89,0.365400812396171
"montoril","quadratic",400,89,0.3643271357613
"pg_apf","quadratic",400,89,0.363372986250859
"sir_laplace","quadratic",400,89,0.366129490105883
"sir_collapsed","quadratic",400,89,0.363895196938578
"stan","quadratic",400,89,0.36244525817777
"montoril","sinusoidal",400,89,0.336123573903284
"pg_apf","sinusoidal",400,89,0.344080469550158
"sir_laplace","sinusoidal",400,89,0.340697960962423
"sir_collapsed","sinusoidal",400,89,0.350094327303655
"stan","sinusoidal",400,89,0.343946039912399
"montoril","constant",800,89,0.585983822247302
"pg_apf","constant",800,89,0.578531835187051
"sir_laplace","constant",800,89,0.580952176125131
"sir_collapsed","constant",800,89,0.585438837174894
"stan","constant",800,89,0.577284680555613
"montoril","linear",800,89,0.433200426862061
"pg_apf","linear",800,89,0.427252491793951
"sir_laplace","linear",800,89,0.431794419498112
"sir_collapsed","linear",800,89,0.439824364990224
"stan","linear",800,89,0.427972608612244
"montoril","quadratic",800,89,0.412101669455419
"pg_apf","quadratic",800,89,0.418495725555984
"sir_laplace","quadratic",800,89,0.419422951378343
"sir_collapsed","quadratic",800,89,0.42749814614128
"stan","quadratic",800,89,0.416973411607963
"montoril","sinusoidal",800,89,0.42871537662349
"pg_apf","sinusoidal",800,89,0.423924706786916
"sir_laplace","sinusoidal",800,89,0.428821234722986
"sir_collapsed","sinusoidal",800,89,0.432436953207739
"stan","sinusoidal",800,89,0.423623667937101
"montoril","constant",1600,89,0.446766346252083
"pg_apf","constant",1600,89,0.450008193102716
"sir_laplace","constant",1600,89,0.451167802832386
"sir_collapsed","constant",1600,89,0.451446459885807
"stan","constant",1600,89,0.451030086567272
"montoril","linear",1600,89,0.32175064476181
"pg_apf","linear",1600,89,0.306203419234571
"sir_laplace","linear",1600,89,0.306610264341165
"sir_collapsed","linear",1600,89,0.310573374001318
"stan","linear",1600,89,0.305696964194354
"montoril","quadratic",1600,89,0.283326424432623
"pg_apf","quadratic",1600,89,0.285687588515201
"sir_laplace","quadratic",1600,89,0.284966848526895
"sir_collapsed","quadratic",1600,89,0.289021007806502
"stan","quadratic",1600,89,0.287634748710547
"montoril","sinusoidal",1600,89,0.300325662803642
"pg_apf","sinusoidal",1600,89,0.303728211793616
"sir_laplace","sinusoidal",1600,89,0.307381689705557
"sir_collapsed","sinusoidal",1600,89,0.309635411152486
"stan","sinusoidal",1600,89,0.305104878206299
"montoril","constant",200,90,0.673889416333972
"pg_apf","constant",200,90,0.671006506177941
"sir_laplace","constant",200,90,0.66938930030254
"sir_collapsed","constant",200,90,0.672373566870735
"stan","constant",200,90,0.666003859169502
"montoril","linear",200,90,0.480564565023295
"pg_apf","linear",200,90,0.49088281281351
"sir_laplace","linear",200,90,0.492974091822312
"sir_collapsed","linear",200,90,0.492705274577507
"stan","linear",200,90,0.493107682864715
"montoril","quadratic",200,90,0.566904243746211
"pg_apf","quadratic",200,90,0.557723204841054
"sir_laplace","quadratic",200,90,0.554539825430898
"sir_collapsed","quadratic",200,90,0.554505016740018
"stan","quadratic",200,90,0.55964080643678
"montoril","sinusoidal",200,90,0.453942061674316
"pg_apf","sinusoidal",200,90,0.432891539555043
"sir_laplace","sinusoidal",200,90,0.429755959260543
"sir_collapsed","sinusoidal",200,90,0.43523928269099
"stan","sinusoidal",200,90,0.434590906988804
"montoril","constant",400,90,0.640890758196199
"pg_apf","constant",400,90,0.635876712661946
"sir_laplace","constant",400,90,0.63550717383501
"sir_collapsed","constant",400,90,0.635240699327477
"stan","constant",400,90,0.636407354801408
"montoril","linear",400,90,0.340348067059512
"pg_apf","linear",400,90,0.325042590677799
"sir_laplace","linear",400,90,0.325386574407172
"sir_collapsed","linear",400,90,0.325607557434489
"stan","linear",400,90,0.327965660584357
"montoril","quadratic",400,90,0.365105180641742
"pg_apf","quadratic",400,90,0.370537242674105
"sir_laplace","quadratic",400,90,0.367844488480298
"sir_collapsed","quadratic",400,90,0.362369793483984
"stan","quadratic",400,90,0.375006883800385
"montoril","sinusoidal",400,90,0.331107231610862
"pg_apf","sinusoidal",400,90,0.335083369688519
"sir_laplace","sinusoidal",400,90,0.337560826639519
"sir_collapsed","sinusoidal",400,90,0.336215165544902
"stan","sinusoidal",400,90,0.340190665376205
"montoril","constant",800,90,0.533898784918274
"pg_apf","constant",800,90,0.52914572041884
"sir_laplace","constant",800,90,0.526492088779111
"sir_collapsed","constant",800,90,0.524084048207189
"stan","constant",800,90,0.527394396126169
"montoril","linear",800,90,0.297408138841499
"pg_apf","linear",800,90,0.30551276718984
"sir_laplace","linear",800,90,0.306659397471876
"sir_collapsed","linear",800,90,0.310679064833262
"stan","linear",800,90,0.309637714480532
"montoril","quadratic",800,90,0.30942809413422
"pg_apf","quadratic",800,90,0.298280181689113
"sir_laplace","quadratic",800,90,0.301623009567311
"sir_collapsed","quadratic",800,90,0.306215061440664
"stan","quadratic",800,90,0.298037360412136
"montoril","sinusoidal",800,90,0.321657422208866
"pg_apf","sinusoidal",800,90,0.31632091808124
"sir_laplace","sinusoidal",800,90,0.315301984113877
"sir_collapsed","sinusoidal",800,90,0.320312701498425
"stan","sinusoidal",800,90,0.316917413181832
"montoril","constant",1600,90,0.470270079670834
"pg_apf","constant",1600,90,0.473385007802353
"sir_laplace","constant",1600,90,0.472786879922714
"sir_collapsed","constant",1600,90,0.473328743906104
"stan","constant",1600,90,0.474181098794911
"montoril","linear",1600,90,0.323370135104332
"pg_apf","linear",1600,90,0.319619470202424
"sir_laplace","linear",1600,90,0.323783969406101
"sir_collapsed","linear",1600,90,0.326993683554913
"stan","linear",1600,90,0.319587764710417
"montoril","quadratic",1600,90,0.341899010315668
"pg_apf","quadratic",1600,90,0.340370215535634
"sir_laplace","quadratic",1600,90,0.342197223771479
"sir_collapsed","quadratic",1600,90,0.344600367397394
"stan","quadratic",1600,90,0.342478444321093
"montoril","sinusoidal",1600,90,0.366427619581443
"pg_apf","sinusoidal",1600,90,0.351853814433811
"sir_laplace","sinusoidal",1600,90,0.354232977763848
"sir_collapsed","sinusoidal",1600,90,0.356925889264625
"stan","sinusoidal",1600,90,0.356355361357018
"montoril","constant",200,91,0.760227627871835
"pg_apf","constant",200,91,0.764739214597345
"sir_laplace","constant",200,91,0.762582696339597
"sir_collapsed","constant",200,91,0.760630795146001
"stan","constant",200,91,0.763015071109705
"montoril","linear",200,91,0.441224613009791
"pg_apf","linear",200,91,0.446704936315294
"sir_laplace","linear",200,91,0.450845918151175
"sir_collapsed","linear",200,91,0.463263618397589
"stan","linear",200,91,0.448039616587512
"montoril","quadratic",200,91,0.476579954950314
"pg_apf","quadratic",200,91,0.485338210403245
"sir_laplace","quadratic",200,91,0.486752004354204
"sir_collapsed","quadratic",200,91,0.506869727975941
"stan","quadratic",200,91,0.484349752649952
"montoril","sinusoidal",200,91,0.488949248164424
"pg_apf","sinusoidal",200,91,0.47813288896797
"sir_laplace","sinusoidal",200,91,0.486052362639817
"sir_collapsed","sinusoidal",200,91,0.491988099317747
"stan","sinusoidal",200,91,0.488206524014755
"montoril","constant",400,91,0.718750673702126
"pg_apf","constant",400,91,0.721479798087831
"sir_laplace","constant",400,91,0.720765490714663
"sir_collapsed","constant",400,91,0.720854469466625
"stan","constant",400,91,0.723937738714659
"montoril","linear",400,91,0.458107731667639
"pg_apf","linear",400,91,0.435811807116667
"sir_laplace","linear",400,91,0.432267025450834
"sir_collapsed","linear",400,91,0.433961984880033
"stan","linear",400,91,0.437049060341847
"montoril","quadratic",400,91,0.49373239359312
"pg_apf","quadratic",400,91,0.483846121081192
"sir_laplace","quadratic",400,91,0.481701088606066
"sir_collapsed","quadratic",400,91,0.4804734400552
"stan","quadratic",400,91,0.484458731941878
"montoril","sinusoidal",400,91,0.455831967965947
"pg_apf","sinusoidal",400,91,0.449841375417772
"sir_laplace","sinusoidal",400,91,0.4539152464911
"sir_collapsed","sinusoidal",400,91,0.454374704872652
"stan","sinusoidal",400,91,0.452187567663185
"montoril","constant",800,91,0.559212573906423
"pg_apf","constant",800,91,0.55716026345617
"sir_laplace","constant",800,91,0.5548047775016
"sir_collapsed","constant",800,91,0.555400250819691
"stan","constant",800,91,0.55528155345879
"montoril","linear",800,91,0.348137990910878
"pg_apf","linear",800,91,0.349363456367776
"sir_laplace","linear",800,91,0.353678608525242
"sir_collapsed","linear",800,91,0.358737644930404
"stan","linear",800,91,0.350003173328222
"montoril","quadratic",800,91,0.320289759152361
"pg_apf","quadratic",800,91,0.315678157047569
"sir_laplace","quadratic",800,91,0.319240460170043
"sir_collapsed","quadratic",800,91,0.325906154772441
"stan","quadratic",800,91,0.316903510424537
"montoril","sinusoidal",800,91,0.345410988366079
"pg_apf","sinusoidal",800,91,0.347868945627001
"sir_laplace","sinusoidal",800,91,0.348451140409382
"sir_collapsed","sinusoidal",800,91,0.353725300354593
"stan","sinusoidal",800,91,0.349202248411473
"montoril","constant",1600,91,0.497015059847843
"pg_apf","constant",1600,91,0.494901799799783
"sir_laplace","constant",1600,91,0.494351704156651
"sir_collapsed","constant",1600,91,0.492927729818168
"stan","constant",1600,91,0.49547821992919
"montoril","linear",1600,91,0.351483696005618
"pg_apf","linear",1600,91,0.348050704433628
"sir_laplace","linear",1600,91,0.351190911793672
"sir_collapsed","linear",1600,91,0.35315960696867
"stan","linear",1600,91,0.349333709916515
"montoril","quadratic",1600,91,0.354216243602776
"pg_apf","quadratic",1600,91,0.349560573881636
"sir_laplace","quadratic",1600,91,0.351266681159704
"sir_collapsed","quadratic",1600,91,0.355501272051213
"stan","quadratic",1600,91,0.353402830545067
"montoril","sinusoidal",1600,91,0.380125349590396
"pg_apf","sinusoidal",1600,91,0.38287932282267
"sir_laplace","sinusoidal",1600,91,0.382053470074068
"sir_collapsed","sinusoidal",1600,91,0.381484573650303
"stan","sinusoidal",1600,91,0.38260905773643
"montoril","constant",200,92,0.822548922630841
"pg_apf","constant",200,92,0.838485484674091
"sir_laplace","constant",200,92,0.825322685915835
"sir_collapsed","constant",200,92,0.812317300384066
"stan","constant",200,92,0.832955462657739
"montoril","linear",200,92,0.363846471861835
"pg_apf","linear",200,92,0.353487539428947
"sir_laplace","linear",200,92,0.346893646725598
"sir_collapsed","linear",200,92,0.343790825996155
"stan","linear",200,92,0.356345938041054
"montoril","quadratic",200,92,0.430614030830075
"pg_apf","quadratic",200,92,0.417826788937268
"sir_laplace","quadratic",200,92,0.411475634690304
"sir_collapsed","quadratic",200,92,0.405203023848589
"stan","quadratic",200,92,0.422455499352101
"montoril","sinusoidal",200,92,0.44977208565519
"pg_apf","sinusoidal",200,92,0.442275615987932
"sir_laplace","sinusoidal",200,92,0.433410768663647
"sir_collapsed","sinusoidal",200,92,0.427762562203104
"stan","sinusoidal",200,92,0.443646881604805
"montoril","constant",400,92,0.617737024861799
"pg_apf","constant",400,92,0.610779408046442
"sir_laplace","constant",400,92,0.614711538653511
"sir_collapsed","constant",400,92,0.615791716511264
"stan","constant",400,92,0.615729028267112
"montoril","linear",400,92,0.467898287328255
"pg_apf","linear",400,92,0.463127854571266
"sir_laplace","linear",400,92,0.46321722160961
"sir_collapsed","linear",400,92,0.47007847225018
"stan","linear",400,92,0.463928121116594
"montoril","quadratic",400,92,0.469295546511044
"pg_apf","quadratic",400,92,0.477987780553166
"sir_laplace","quadratic",400,92,0.484960000989533
"sir_collapsed","quadratic",400,92,0.487798020992741
"stan","quadratic",400,92,0.480248600805855
"montoril","sinusoidal",400,92,0.468930799768287
"pg_apf","sinusoidal",400,92,0.467158591880562
"sir_laplace","sinusoidal",400,92,0.46564856150862
"sir_collapsed","sinusoidal",400,92,0.472184194170329
"stan","sinusoidal",400,92,0.468593471991971
"montoril","constant",800,92,0.55788056831033
"pg_apf","constant",800,92,0.554378637575992
"sir_laplace","constant",800,92,0.554825273324967
"sir_collapsed","constant",800,92,0.553565626874387
"stan","constant",800,92,0.553529203619568
"montoril","linear",800,92,0.299068012187119
"pg_apf","linear",800,92,0.291213606288381
"sir_laplace","linear",800,92,0.296460033374947
"sir_collapsed","linear",800,92,0.298020531966299
"stan","linear",800,92,0.293577649867222
"montoril","quadratic",800,92,0.311372113783029
"pg_apf","quadratic",800,92,0.301557215527439
"sir_laplace","quadratic",800,92,0.303996701594209
"sir_collapsed","quadratic",800,92,0.310807880094281
"stan","quadratic",800,92,0.304074819988305
"montoril","sinusoidal",800,92,0.348226357583518
"pg_apf","sinusoidal",800,92,0.340725457007067
"sir_laplace","sinusoidal",800,92,0.341756688981038
"sir_collapsed","sinusoidal",800,92,0.348838905400118
"stan","sinusoidal",800,92,0.343735775937666
"montoril","constant",1600,92,0.477169421136617
"pg_apf","constant",1600,92,0.475133984668814
"sir_laplace","constant",1600,92,0.476010930906133
"sir_collapsed","constant",1600,92,0.476015892626615
"stan","constant",1600,92,0.477891960027396
"montoril","linear",1600,92,0.350176368787063
"pg_apf","linear",1600,92,0.355177537910924
"sir_laplace","linear",1600,92,0.355419607339765
"sir_collapsed","linear",1600,92,0.354579515509277
"stan","linear",1600,92,0.355494775045718
"montoril","quadratic",1600,92,0.37779334086587
"pg_apf","quadratic",1600,92,0.362455543428173
"sir_laplace","quadratic",1600,92,0.3626135660224
"sir_collapsed","quadratic",1600,92,0.363016102682189
"stan","quadratic",1600,92,0.365751805224573
"montoril","sinusoidal",1600,92,0.353347906943984
"pg_apf","sinusoidal",1600,92,0.357800288857727
"sir_laplace","sinusoidal",1600,92,0.360031766699019
"sir_collapsed","sinusoidal",1600,92,0.359793331905981
"stan","sinusoidal",1600,92,0.362763242367269
"montoril","constant",200,93,0.874231577960986
"pg_apf","constant",200,93,0.877562747560472
"sir_laplace","constant",200,93,0.871866349566579
"sir_collapsed","constant",200,93,0.877809724319249
"stan","constant",200,93,0.874112667520476
"montoril","linear",200,93,0.558282484735253
"pg_apf","linear",200,93,0.571953552396923
"sir_laplace","linear",200,93,0.571470537841531
"sir_collapsed","linear",200,93,0.580722273646874
"stan","linear",200,93,0.568979775043928
"montoril","quadratic",200,93,0.578347330653717
"pg_apf","quadratic",200,93,0.598860228002332
"sir_laplace","quadratic",200,93,0.593190113980356
"sir_collapsed","quadratic",200,93,0.600335774079949
"stan","quadratic",200,93,0.593561409284163
"montoril","sinusoidal",200,93,0.470567168786309
"pg_apf","sinusoidal",200,93,0.45434508887135
"sir_laplace","sinusoidal",200,93,0.463766925077179
"sir_collapsed","sinusoidal",200,93,0.472060470036986
"stan","sinusoidal",200,93,0.460706439934347
"montoril","constant",400,93,0.601139180736805
"pg_apf","constant",400,93,0.603442851608516
"sir_laplace","constant",400,93,0.601272703672223
"sir_collapsed","constant",400,93,0.600700191373031
"stan","constant",400,93,0.603490002086321
"montoril","linear",400,93,0.27617961194097
"pg_apf","linear",400,93,0.270651241786442
"sir_laplace","linear",400,93,0.273964232062012
"sir_collapsed","linear",400,93,0.275739008606394
"stan","linear",400,93,0.272588100712149
"montoril","quadratic",400,93,0.273248298979088
"pg_apf","quadratic",400,93,0.272873740262236
"sir_laplace","quadratic",400,93,0.278938669449796
"sir_collapsed","quadratic",400,93,0.28566496438924
"stan","quadratic",400,93,0.282063137953367
"montoril","sinusoidal",400,93,0.318465667147677
"pg_apf","sinusoidal",400,93,0.317300106515825
"sir_laplace","sinusoidal",400,93,0.316806268547247
"sir_collapsed","sinusoidal",400,93,0.321636980575607
"stan","sinusoidal",400,93,0.318655952919743
"montoril","constant",800,93,0.58962260958906
"pg_apf","constant",800,93,0.590488829611747
"sir_laplace","constant",800,93,0.590946740280939
"sir_collapsed","constant",800,93,0.588443963456034
"stan","constant",800,93,0.59117176380705
"montoril","linear",800,93,0.386871642333148
"pg_apf","linear",800,93,0.380161451874581
"sir_laplace","linear",800,93,0.378839293817671
"sir_collapsed","linear",800,93,0.382792718204383
"stan","linear",800,93,0.381752833415989
"montoril","quadratic",800,93,0.386633814069245
"pg_apf","quadratic",800,93,0.380124178426812
"sir_laplace","quadratic",800,93,0.384798187894041
"sir_collapsed","quadratic",800,93,0.387128902257592
"stan","quadratic",800,93,0.382853414353937
"montoril","sinusoidal",800,93,0.399406893388546
"pg_apf","sinusoidal",800,93,0.39506325849987
"sir_laplace","sinusoidal",800,93,0.396164453936492
"sir_collapsed","sinusoidal",800,93,0.403089655744538
"stan","sinusoidal",800,93,0.395401837706996
"montoril","constant",1600,93,0.447308785842411
"pg_apf","constant",1600,93,0.448346009899169
"sir_laplace","constant",1600,93,0.448077028150683
"sir_collapsed","constant",1600,93,0.447653663215821
"stan","constant",1600,93,0.448902410195925
"montoril","linear",1600,93,0.314820534706053
"pg_apf","linear",1600,93,0.299857526166792
"sir_laplace","linear",1600,93,0.305660053711047
"sir_collapsed","linear",1600,93,0.303349321962243
"stan","linear",1600,93,0.304721006249535
"montoril","quadratic",1600,93,0.317544426048479
"pg_apf","quadratic",1600,93,0.310043253113
"sir_laplace","quadratic",1600,93,0.311838003096741
"sir_collapsed","quadratic",1600,93,0.313037219113324
"stan","quadratic",1600,93,0.311165751129937
"montoril","sinusoidal",1600,93,0.311182749790645
"pg_apf","sinusoidal",1600,93,0.316994525527102
"sir_laplace","sinusoidal",1600,93,0.319830535841733
"sir_collapsed","sinusoidal",1600,93,0.318728223387425
"stan","sinusoidal",1600,93,0.318971371238336
"montoril","constant",200,94,0.714082053641227
"pg_apf","constant",200,94,0.719207795283131
"sir_laplace","constant",200,94,0.714158144522868
"sir_collapsed","constant",200,94,0.712575250781358
"stan","constant",200,94,0.717728194740935
"montoril","linear",200,94,0.422431506498053
"pg_apf","linear",200,94,0.419610755248242
"sir_laplace","linear",200,94,0.418751645833125
"sir_collapsed","linear",200,94,0.425990696232536
"stan","linear",200,94,0.421795947601752
"montoril","quadratic",200,94,0.45729415991755
"pg_apf","quadratic",200,94,0.460345194778381
"sir_laplace","quadratic",200,94,0.464191698736749
"sir_collapsed","quadratic",200,94,0.461916127422275
"stan","quadratic",200,94,0.463932321620734
"montoril","sinusoidal",200,94,0.416760128841698
"pg_apf","sinusoidal",200,94,0.423052429925316
"sir_laplace","sinusoidal",200,94,0.424245745779361
"sir_collapsed","sinusoidal",200,94,0.430450209260614
"stan","sinusoidal",200,94,0.420588531998881
"montoril","constant",400,94,0.665096178134863
"pg_apf","constant",400,94,0.667967442891989
"sir_laplace","constant",400,94,0.665893762037043
"sir_collapsed","constant",400,94,0.664089559255798
"stan","constant",400,94,0.664035078585938
"montoril","linear",400,94,0.278164883852432
"pg_apf","linear",400,94,0.278760719117483
"sir_laplace","linear",400,94,0.281621847723819
"sir_collapsed","linear",400,94,0.282793788468697
"stan","linear",400,94,0.281673529398739
"montoril","quadratic",400,94,0.29074754976474
"pg_apf","quadratic",400,94,0.295659568990562
"sir_laplace","quadratic",400,94,0.293707195480662
"sir_collapsed","quadratic",400,94,0.29799221863444
"stan","quadratic",400,94,0.294168666868888
"montoril","sinusoidal",400,94,0.317880264935376
"pg_apf","sinusoidal",400,94,0.309424662276082
"sir_laplace","sinusoidal",400,94,0.312515494604506
"sir_collapsed","sinusoidal",400,94,0.314472770035034
"stan","sinusoidal",400,94,0.310955539459123
"montoril","constant",800,94,0.513637105529775
"pg_apf","constant",800,94,0.518263479376346
"sir_laplace","constant",800,94,0.518888497028199
"sir_collapsed","constant",800,94,0.523024361145448
"stan","constant",800,94,0.517276041228455
"montoril","linear",800,94,0.30311937372307
"pg_apf","linear",800,94,0.310044350178486
"sir_laplace","linear",800,94,0.316081280620252
"sir_collapsed","linear",800,94,0.314852673146908
"stan","linear",800,94,0.311335561858972
"montoril","quadratic",800,94,0.339303065086165
"pg_apf","quadratic",800,94,0.327940347545603
"sir_laplace","quadratic",800,94,0.332870253604411
"sir_collapsed","quadratic",800,94,0.339764664430476
"stan","quadratic",800,94,0.32780735134148
"montoril","sinusoidal",800,94,0.349996648795933
"pg_apf","sinusoidal",800,94,0.354843967726004
"sir_laplace","sinusoidal",800,94,0.357072135987898
"sir_collapsed","sinusoidal",800,94,0.36707148754822
"stan","sinusoidal",800,94,0.353474056909666
"montoril","constant",1600,94,0.454340295702303
"pg_apf","constant",1600,94,0.454178082952065
"sir_laplace","constant",1600,94,0.452861127151562
"sir_collapsed","constant",1600,94,0.452324357838317
"stan","constant",1600,94,0.454209543921943
"montoril","linear",1600,94,0.276879341645992
"pg_apf","linear",1600,94,0.264834666442753
"sir_laplace","linear",1600,94,0.265671094683107
"sir_collapsed","linear",1600,94,0.26591346934893
"stan","linear",1600,94,0.2669652982517
"montoril","quadratic",1600,94,0.274948812665982
"pg_apf","quadratic",1600,94,0.265743298797099
"sir_laplace","quadratic",1600,94,0.266009996311844
"sir_collapsed","quadratic",1600,94,0.268354184771903
"stan","quadratic",1600,94,0.267397018744166
"montoril","sinusoidal",1600,94,0.26965116874186
"pg_apf","sinusoidal",1600,94,0.267948172320638
"sir_laplace","sinusoidal",1600,94,0.272612257566122
"sir_collapsed","sinusoidal",1600,94,0.271224810672751
"stan","sinusoidal",1600,94,0.272089403083825
"montoril","constant",200,95,0.932455099912491
"pg_apf","constant",200,95,0.93982589603129
"sir_laplace","constant",200,95,0.931880702619839
"sir_collapsed","constant",200,95,0.931054196949602
"stan","constant",200,95,0.931093016810704
"montoril","linear",200,95,0.546156848754445
"pg_apf","linear",200,95,0.541593299888047
"sir_laplace","linear",200,95,0.543942644445091
"sir_collapsed","linear",200,95,0.547947749384587
"stan","linear",200,95,0.542751307014718
"montoril","quadratic",200,95,0.552079285206777
"pg_apf","quadratic",200,95,0.537722969310213
"sir_laplace","quadratic",200,95,0.542986980673478
"sir_collapsed","quadratic",200,95,0.544904063111523
"stan","quadratic",200,95,0.540754100865721
"montoril","sinusoidal",200,95,0.689348209624704
"pg_apf","sinusoidal",200,95,0.671540747723766
"sir_laplace","sinusoidal",200,95,0.668934910429037
"sir_collapsed","sinusoidal",200,95,0.673717529063642
"stan","sinusoidal",200,95,0.671003676280659
"montoril","constant",400,95,0.808655129519932
"pg_apf","constant",400,95,0.809656898891366
"sir_laplace","constant",400,95,0.811934221668945
"sir_collapsed","constant",400,95,0.81055478769193
"stan","constant",400,95,0.809843657393776
"montoril","linear",400,95,0.56558674564463
"pg_apf","linear",400,95,0.557463247546973
"sir_laplace","linear",400,95,0.554397691659749
"sir_collapsed","linear",400,95,0.557084405528329
"stan","linear",400,95,0.553117127133339
"montoril","quadratic",400,95,0.514293019356176
"pg_apf","quadratic",400,95,0.497233102642246
"sir_laplace","quadratic",400,95,0.498084549653186
"sir_collapsed","quadratic",400,95,0.500337198451289
"stan","quadratic",400,95,0.497384493259876
"montoril","sinusoidal",400,95,0.591294976367841
"pg_apf","sinusoidal",400,95,0.591114723546472
"sir_laplace","sinusoidal",400,95,0.594878717233452
"sir_collapsed","sinusoidal",400,95,0.600314117147408
"stan","sinusoidal",400,95,0.593919790472889
"montoril","constant",800,95,0.512264071655938
"pg_apf","constant",800,95,0.51423674190956
"sir_laplace","constant",800,95,0.51131365631853
"sir_collapsed","constant",800,95,0.509036815490755
"stan","constant",800,95,0.512639447622892
"montoril","linear",800,95,0.287025002745195
"pg_apf","linear",800,95,0.278858068133928
"sir_laplace","linear",800,95,0.279365533577658
"sir_collapsed","linear",800,95,0.279500241840929
"stan","linear",800,95,0.282250913556111
"montoril","quadratic",800,95,0.287203791632074
"pg_apf","quadratic",800,95,0.300420539408657
"sir_laplace","quadratic",800,95,0.301920854721763
"sir_collapsed","quadratic",800,95,0.300466657514042
"stan","quadratic",800,95,0.300176435145403
"montoril","sinusoidal",800,95,0.343717513202626
"pg_apf","sinusoidal",800,95,0.34708517807523
"sir_laplace","sinusoidal",800,95,0.346106542789635
"sir_collapsed","sinusoidal",800,95,0.34558990909851
"stan","sinusoidal",800,95,0.348153127469686
"montoril","constant",1600,95,0.465164786448061
"pg_apf","constant",1600,95,0.46168376905484
"sir_laplace","constant",1600,95,0.463284885739965
"sir_collapsed","constant",1600,95,0.464757271115643
"stan","constant",1600,95,0.463337959381343
"montoril","linear",1600,95,0.326301710088192
"pg_apf","linear",1600,95,0.322461166586741
"sir_laplace","linear",1600,95,0.324173209421747
"sir_collapsed","linear",1600,95,0.329102083553573
"stan","linear",1600,95,0.326587369703552
"montoril","quadratic",1600,95,0.341801182739896
"pg_apf","quadratic",1600,95,0.342523752640743
"sir_laplace","quadratic",1600,95,0.346097589914856
"sir_collapsed","quadratic",1600,95,0.349541151463231
"stan","quadratic",1600,95,0.346045571104582
"montoril","sinusoidal",1600,95,0.349443091167579
"pg_apf","sinusoidal",1600,95,0.345760487457282
"sir_laplace","sinusoidal",1600,95,0.354079384621293
"sir_collapsed","sinusoidal",1600,95,0.356354908361109
"stan","sinusoidal",1600,95,0.347874204481838
"montoril","constant",200,96,0.792102527843313
"pg_apf","constant",200,96,0.790651478060411
"sir_laplace","constant",200,96,0.795052701917133
"sir_collapsed","constant",200,96,0.795349921146092
"stan","constant",200,96,0.787716894639297
"montoril","linear",200,96,0.38128939025435
"pg_apf","linear",200,96,0.37660701909855
"sir_laplace","linear",200,96,0.38444406952378
"sir_collapsed","linear",200,96,0.39565603006052
"stan","linear",200,96,0.381314292029574
"montoril","quadratic",200,96,0.403376158962063
"pg_apf","quadratic",200,96,0.392182955473603
"sir_laplace","quadratic",200,96,0.403725532400522
"sir_collapsed","quadratic",200,96,0.408911059730214
"stan","quadratic",200,96,0.402361364101633
"montoril","sinusoidal",200,96,0.35718455001655
"pg_apf","sinusoidal",200,96,0.35695518043128
"sir_laplace","sinusoidal",200,96,0.350993582151468
"sir_collapsed","sinusoidal",200,96,0.36015640774036
"stan","sinusoidal",200,96,0.353454218184462
"montoril","constant",400,96,0.631253008638804
"pg_apf","constant",400,96,0.636701507514789
"sir_laplace","constant",400,96,0.629916355744505
"sir_collapsed","constant",400,96,0.621320297215898
"stan","constant",400,96,0.632350837593549
"montoril","linear",400,96,0.35163727528532
"pg_apf","linear",400,96,0.342196214065403
"sir_laplace","linear",400,96,0.338886196110291
"sir_collapsed","linear",400,96,0.335403712425357
"stan","linear",400,96,0.340782531864991
"montoril","quadratic",400,96,0.346051181744184
"pg_apf","quadratic",400,96,0.332157633368737
"sir_laplace","quadratic",400,96,0.327739244089546
"sir_collapsed","quadratic",400,96,0.328737452647239
"stan","quadratic",400,96,0.33309040584926
"montoril","sinusoidal",400,96,0.35742940732683
"pg_apf","sinusoidal",400,96,0.349299811164195
"sir_laplace","sinusoidal",400,96,0.348293571545415
"sir_collapsed","sinusoidal",400,96,0.344459506119459
"stan","sinusoidal",400,96,0.350413093177878
"montoril","constant",800,96,0.558275552050964
"pg_apf","constant",800,96,0.554643301235065
"sir_laplace","constant",800,96,0.556743506245399
"sir_collapsed","constant",800,96,0.555890549079925
"stan","constant",800,96,0.556866777987808
"montoril","linear",800,96,0.338894275209792
"pg_apf","linear",800,96,0.329489720924937
"sir_laplace","linear",800,96,0.328124245331121
"sir_collapsed","linear",800,96,0.327827417522641
"stan","linear",800,96,0.32965229166179
"montoril","quadratic",800,96,0.339559680922108
"pg_apf","quadratic",800,96,0.338613369010585
"sir_laplace","quadratic",800,96,0.337169692080851
"sir_collapsed","quadratic",800,96,0.339171629536618
"stan","quadratic",800,96,0.341668337114898
"montoril","sinusoidal",800,96,0.375625190547276
"pg_apf","sinusoidal",800,96,0.374230568626469
"sir_laplace","sinusoidal",800,96,0.373172664607807
"sir_collapsed","sinusoidal",800,96,0.377025295995177
"stan","sinusoidal",800,96,0.375754403545308
"montoril","constant",1600,96,0.444380578265767
"pg_apf","constant",1600,96,0.443065575402096
"sir_laplace","constant",1600,96,0.442445015583995
"sir_collapsed","constant",1600,96,0.443655725667277
"stan","constant",1600,96,0.444131206182427
"montoril","linear",1600,96,0.327887441817654
"pg_apf","linear",1600,96,0.31730062039794
"sir_laplace","linear",1600,96,0.319519927520913
"sir_collapsed","linear",1600,96,0.3247037255082
"stan","linear",1600,96,0.318893696335751
"montoril","quadratic",1600,96,0.307201305844033
"pg_apf","quadratic",1600,96,0.297507961856306
"sir_laplace","quadratic",1600,96,0.302495015391084
"sir_collapsed","quadratic",1600,96,0.30261335483643
"stan","quadratic",1600,96,0.300808467738505
"montoril","sinusoidal",1600,96,0.308831039474853
"pg_apf","sinusoidal",1600,96,0.297426934328262
"sir_laplace","sinusoidal",1600,96,0.302303296849973
"sir_collapsed","sinusoidal",1600,96,0.303019636144715
"stan","sinusoidal",1600,96,0.303753311499856
"montoril","constant",200,97,0.62367370965982
"pg_apf","constant",200,97,0.628407968289235
"sir_laplace","constant",200,97,0.633729879608999
"sir_collapsed","constant",200,97,0.626518027974918
"stan","constant",200,97,0.626073590390895
"montoril","linear",200,97,0.345744088372941
"pg_apf","linear",200,97,0.336929579936398
"sir_laplace","linear",200,97,0.3409392189156
"sir_collapsed","linear",200,97,0.347016612049703
"stan","linear",200,97,0.343652934553748
"montoril","quadratic",200,97,0.381648681063482
"pg_apf","quadratic",200,97,0.386572550235741
"sir_laplace","quadratic",200,97,0.392056802657746
"sir_collapsed","quadratic",200,97,0.402615964829974
"stan","quadratic",200,97,0.390817066579591
"montoril","sinusoidal",200,97,0.427199495168232
"pg_apf","sinusoidal",200,97,0.413880099442296
"sir_laplace","sinusoidal",200,97,0.421661332194838
"sir_collapsed","sinusoidal",200,97,0.428114592084019
"stan","sinusoidal",200,97,0.418920589584667
"montoril","constant",400,97,0.694527779490056
"pg_apf","constant",400,97,0.692128193234271
"sir_laplace","constant",400,97,0.693860958768727
"sir_collapsed","constant",400,97,0.687619953610676
"stan","constant",400,97,0.695200739852547
"montoril","linear",400,97,0.437685694570008
"pg_apf","linear",400,97,0.436622426312435
"sir_laplace","linear",400,97,0.436600409117213
"sir_collapsed","linear",400,97,0.434259012302373
"stan","linear",400,97,0.439802976983998
"montoril","quadratic",400,97,0.445083282736847
"pg_apf","quadratic",400,97,0.437312178527106
"sir_laplace","quadratic",400,97,0.431828422823039
"sir_collapsed","quadratic",400,97,0.427556794819329
"stan","quadratic",400,97,0.437787259351753
"montoril","sinusoidal",400,97,0.433015527091511
"pg_apf","sinusoidal",400,97,0.433150720823493
"sir_laplace","sinusoidal",400,97,0.43090651315247
"sir_collapsed","sinusoidal",400,97,0.431367963344044
"stan","sinusoidal",400,97,0.436994491974176
"montoril","constant",800,97,0.524786197338228
"pg_apf","constant",800,97,0.520973572961548
"sir_laplace","constant",800,97,0.522102723500084
"sir_collapsed","constant",800,97,0.523151385393476
"stan","constant",800,97,0.522088715258319
"montoril","linear",800,97,0.354753056999964
"pg_apf","linear",800,97,0.357710589603003
"sir_laplace","linear",800,97,0.359899368764617
"sir_collapsed","linear",800,97,0.362546344282442
"stan","linear",800,97,0.360724726096519
"montoril","quadratic",800,97,0.394396817154715
"pg_apf","quadratic",800,97,0.39143159558355
"sir_laplace","quadratic",800,97,0.390586662837157
"sir_collapsed","quadratic",800,97,0.393739378886139
"stan","quadratic",800,97,0.389330416896128
"montoril","sinusoidal",800,97,0.375465185603785
"pg_apf","sinusoidal",800,97,0.377762433424847
"sir_laplace","sinusoidal",800,97,0.379479107468068
"sir_collapsed","sinusoidal",800,97,0.387235138139168
"stan","sinusoidal",800,97,0.380373676455217
"montoril","constant",1600,97,0.497047947453105
"pg_apf","constant",1600,97,0.500910122673481
"sir_laplace","constant",1600,97,0.497812310553845
"sir_collapsed","constant",1600,97,0.494549920384468
"stan","constant",1600,97,0.500982913278771
"montoril","linear",1600,97,0.339172467253431
"pg_apf","linear",1600,97,0.337181399353176
"sir_laplace","linear",1600,97,0.339262380621259
"sir_collapsed","linear",1600,97,0.339832485149375
"stan","linear",1600,97,0.341605836799821
"montoril","quadratic",1600,97,0.340167514874168
"pg_apf","quadratic",1600,97,0.331700199022677
"sir_laplace","quadratic",1600,97,0.336231215003139
"sir_collapsed","quadratic",1600,97,0.335447215361265
"stan","quadratic",1600,97,0.3382851104173
"montoril","sinusoidal",1600,97,0.38925157512543
"pg_apf","sinusoidal",1600,97,0.38316896414977
"sir_laplace","sinusoidal",1600,97,0.383737921883919
"sir_collapsed","sinusoidal",1600,97,0.382640715764136
"stan","sinusoidal",1600,97,0.386807219758353
"montoril","constant",200,98,0.826516920730922
"pg_apf","constant",200,98,0.828254240517319
"sir_laplace","constant",200,98,0.825196046837979
"sir_collapsed","constant",200,98,0.821460797198817
"stan","constant",200,98,0.827202487228209
"montoril","linear",200,98,0.484778629129812
"pg_apf","linear",200,98,0.504154268252298
"sir_laplace","linear",200,98,0.501893860786218
"sir_collapsed","linear",200,98,0.498440097039719
"stan","linear",200,98,0.504484937249889
"montoril","quadratic",200,98,0.517748169476229
"pg_apf","quadratic",200,98,0.509698586964966
"sir_laplace","quadratic",200,98,0.506741155917579
"sir_collapsed","quadratic",200,98,0.498823338957827
"stan","quadratic",200,98,0.508582433077151
"montoril","sinusoidal",200,98,0.445581145547467
"pg_apf","sinusoidal",200,98,0.446353859005524
"sir_laplace","sinusoidal",200,98,0.442325185613479
"sir_collapsed","sinusoidal",200,98,0.435077063549121
"stan","sinusoidal",200,98,0.445790858226267
"montoril","constant",400,98,0.633969961986233
"pg_apf","constant",400,98,0.630449449106032
"sir_laplace","constant",400,98,0.627299646301565
"sir_collapsed","constant",400,98,0.624310453172253
"stan","constant",400,98,0.629796002448565
"montoril","linear",400,98,0.266809536541434
"pg_apf","linear",400,98,0.252186173409025
"sir_laplace","linear",400,98,0.257561562706579
"sir_collapsed","linear",400,98,0.254822504774331
"stan","linear",400,98,0.255665373900037
"montoril","quadratic",400,98,0.282955953297877
"pg_apf","quadratic",400,98,0.277163971009908
"sir_laplace","quadratic",400,98,0.273222511899789
"sir_collapsed","quadratic",400,98,0.273703173720845
"stan","quadratic",400,98,0.274757845137369
"montoril","sinusoidal",400,98,0.309416461377259
"pg_apf","sinusoidal",400,98,0.296229376273981
"sir_laplace","sinusoidal",400,98,0.296964009043934
"sir_collapsed","sinusoidal",400,98,0.295937546895067
"stan","sinusoidal",400,98,0.293152999301972
"montoril","constant",800,98,0.610695140427938
"pg_apf","constant",800,98,0.604130899474738
"sir_laplace","constant",800,98,0.603665339158127
"sir_collapsed","constant",800,98,0.603961999214666
"stan","constant",800,98,0.604287227186488
"montoril","linear",800,98,0.390002567363346
"pg_apf","linear",800,98,0.381956167257328
"sir_laplace","linear",800,98,0.384333888735491
"sir_collapsed","linear",800,98,0.389714300531195
"stan","linear",800,98,0.381657975618999
"montoril","quadratic",800,98,0.356020605601659
"pg_apf","quadratic",800,98,0.361692155940174
"sir_laplace","quadratic",800,98,0.362660198071907
"sir_collapsed","quadratic",800,98,0.368565578016453
"stan","quadratic",800,98,0.366871822875988
"montoril","sinusoidal",800,98,0.431329684490905
"pg_apf","sinusoidal",800,98,0.411175918626925
"sir_laplace","sinusoidal",800,98,0.415398176732712
"sir_collapsed","sinusoidal",800,98,0.414668372678126
"stan","sinusoidal",800,98,0.41556688304078
"montoril","constant",1600,98,0.48613296585258
"pg_apf","constant",1600,98,0.480117220777737
"sir_laplace","constant",1600,98,0.482529258391877
"sir_collapsed","constant",1600,98,0.481997104729873
"stan","constant",1600,98,0.482707450457633
"montoril","linear",1600,98,0.320881247675956
"pg_apf","linear",1600,98,0.319239099649438
"sir_laplace","linear",1600,98,0.324828075658117
"sir_collapsed","linear",1600,98,0.32437382468725
"stan","linear",1600,98,0.321965285359263
"montoril","quadratic",1600,98,0.324518319854344
"pg_apf","quadratic",1600,98,0.320516828301091
"sir_laplace","quadratic",1600,98,0.327002857764787
"sir_collapsed","quadratic",1600,98,0.326340234174332
"stan","quadratic",1600,98,0.32644105042182
"montoril","sinusoidal",1600,98,0.351578364743303
"pg_apf","sinusoidal",1600,98,0.337364211718737
"sir_laplace","sinusoidal",1600,98,0.340073365365404
"sir_collapsed","sinusoidal",1600,98,0.341031825245381
"stan","sinusoidal",1600,98,0.344278423188472
"montoril","constant",200,99,0.835523907389348
"pg_apf","constant",200,99,0.825827701256399
"sir_laplace","constant",200,99,0.830417551910386
"sir_collapsed","constant",200,99,0.835096134857202
"stan","constant",200,99,0.827502657293106
"montoril","linear",200,99,0.453831672335053
"pg_apf","linear",200,99,0.457283833831097
"sir_laplace","linear",200,99,0.460375312009992
"sir_collapsed","linear",200,99,0.468980066010735
"stan","linear",200,99,0.453491813077535
"montoril","quadratic",200,99,0.393077804452759
"pg_apf","quadratic",200,99,0.398847099619865
"sir_laplace","quadratic",200,99,0.403593522888951
"sir_collapsed","quadratic",200,99,0.412379930081701
"stan","quadratic",200,99,0.398650261112946
"montoril","sinusoidal",200,99,0.40782147451899
"pg_apf","sinusoidal",200,99,0.397024342018346
"sir_laplace","sinusoidal",200,99,0.401063015209422
"sir_collapsed","sinusoidal",200,99,0.410027749654081
"stan","sinusoidal",200,99,0.393199174995011
"montoril","constant",400,99,0.630484524438848
"pg_apf","constant",400,99,0.6308133498427
"sir_laplace","constant",400,99,0.629102204665386
"sir_collapsed","constant",400,99,0.627277806996835
"stan","constant",400,99,0.628692575310339
"montoril","linear",400,99,0.331934248962304
"pg_apf","linear",400,99,0.324444238280586
"sir_laplace","linear",400,99,0.322110358746268
"sir_collapsed","linear",400,99,0.329943399310142
"stan","linear",400,99,0.321431511436081
"montoril","quadratic",400,99,0.3158248682847
"pg_apf","quadratic",400,99,0.323597408752594
"sir_laplace","quadratic",400,99,0.32904760670862
"sir_collapsed","quadratic",400,99,0.330294486140147
"stan","quadratic",400,99,0.321940988287238
"montoril","sinusoidal",400,99,0.331535469582894
"pg_apf","sinusoidal",400,99,0.333554394317225
"sir_laplace","sinusoidal",400,99,0.340375856777254
"sir_collapsed","sinusoidal",400,99,0.347087679847665
"stan","sinusoidal",400,99,0.33688213321862
"montoril","constant",800,99,0.59422567055221
"pg_apf","constant",800,99,0.595638917585636
"sir_laplace","constant",800,99,0.596447704775308
"sir_collapsed","constant",800,99,0.593096097246777
"stan","constant",800,99,0.598405475488064
"montoril","linear",800,99,0.410225011625756
"pg_apf","linear",800,99,0.406046240813542
"sir_laplace","linear",800,99,0.40810869850137
"sir_collapsed","linear",800,99,0.405672127947434
"stan","linear",800,99,0.405311771553274
"montoril","quadratic",800,99,0.409986386643856
"pg_apf","quadratic",800,99,0.402315805126683
"sir_laplace","quadratic",800,99,0.404586253567305
"sir_collapsed","quadratic",800,99,0.408335931608164
"stan","quadratic",800,99,0.40788468488676
"montoril","sinusoidal",800,99,0.442157719059859
"pg_apf","sinusoidal",800,99,0.427774330923201
"sir_laplace","sinusoidal",800,99,0.426314245935598
"sir_collapsed","sinusoidal",800,99,0.428303810724745
"stan","sinusoidal",800,99,0.435157451148264
"montoril","constant",1600,99,0.43508141051089
"pg_apf","constant",1600,99,0.429514708650026
"sir_laplace","constant",1600,99,0.42955562407834
"sir_collapsed","constant",1600,99,0.430649999957919
"stan","constant",1600,99,0.429728224493172
"montoril","linear",1600,99,0.305926327981861
"pg_apf","linear",1600,99,0.297130816595192
"sir_laplace","linear",1600,99,0.298116209683072
"sir_collapsed","linear",1600,99,0.299898778421338
"stan","linear",1600,99,0.297056648977098
"montoril","quadratic",1600,99,0.293694017065223
"pg_apf","quadratic",1600,99,0.294412617360711
"sir_laplace","quadratic",1600,99,0.296147137546874
"sir_collapsed","quadratic",1600,99,0.295814337774971
"stan","quadratic",1600,99,0.296102472599718
"montoril","sinusoidal",1600,99,0.308370925089202
"pg_apf","sinusoidal",1600,99,0.30638685223583
"sir_laplace","sinusoidal",1600,99,0.30898547155167
"sir_collapsed","sinusoidal",1600,99,0.309852154680652
"stan","sinusoidal",1600,99,0.309005897043041
"montoril","constant",200,100,0.881110551027917
"pg_apf","constant",200,100,0.880528363189047
"sir_laplace","constant",200,100,0.862589397160383
"sir_collapsed","constant",200,100,0.856572240127248
"stan","constant",200,100,0.876982404439651
"montoril","linear",200,100,0.453986142032879
"pg_apf","linear",200,100,0.45614941752137
"sir_laplace","linear",200,100,0.448807624912665
"sir_collapsed","linear",200,100,0.448774275082152
"stan","linear",200,100,0.458642027534559
"montoril","quadratic",200,100,0.43819519541424
"pg_apf","quadratic",200,100,0.443350612737394
"sir_laplace","quadratic",200,100,0.43573394218189
"sir_collapsed","quadratic",200,100,0.43428191750865
"stan","quadratic",200,100,0.444508514088134
"montoril","sinusoidal",200,100,0.49188500644638
"pg_apf","sinusoidal",200,100,0.485475042129451
"sir_laplace","sinusoidal",200,100,0.475781306585155
"sir_collapsed","sinusoidal",200,100,0.474367316544723
"stan","sinusoidal",200,100,0.482326853456358
"montoril","constant",400,100,0.574457769337381
"pg_apf","constant",400,100,0.573409760866164
"sir_laplace","constant",400,100,0.576796129490959
"sir_collapsed","constant",400,100,0.585358178154448
"stan","constant",400,100,0.573424880812726
"montoril","linear",400,100,0.350488751588117
"pg_apf","linear",400,100,0.344700821036606
"sir_laplace","linear",400,100,0.353101041071803
"sir_collapsed","linear",400,100,0.358904650247749
"stan","linear",400,100,0.34512348136866
"montoril","quadratic",400,100,0.344437312280526
"pg_apf","quadratic",400,100,0.328568322686166
"sir_laplace","quadratic",400,100,0.331822796033847
"sir_collapsed","quadratic",400,100,0.340262496194503
"stan","quadratic",400,100,0.328097548916096
"montoril","sinusoidal",400,100,0.306121101037462
"pg_apf","sinusoidal",400,100,0.307466695419972
"sir_laplace","sinusoidal",400,100,0.311289882370747
"sir_collapsed","sinusoidal",400,100,0.318442516970123
"stan","sinusoidal",400,100,0.306295163555823
"montoril","constant",800,100,0.586365492897446
"pg_apf","constant",800,100,0.581586366075891
"sir_laplace","constant",800,100,0.57938923889672
"sir_collapsed","constant",800,100,0.580273394906923
"stan","constant",800,100,0.580906116669324
"montoril","linear",800,100,0.36481397897334
"pg_apf","linear",800,100,0.354173332879412
"sir_laplace","linear",800,100,0.355652786467414
"sir_collapsed","linear",800,100,0.35961168914215
"stan","linear",800,100,0.354762317792606
"montoril","quadratic",800,100,0.341761981466089
"pg_apf","quadratic",800,100,0.344063961316028
"sir_laplace","quadratic",800,100,0.346235823656757
"sir_collapsed","quadratic",800,100,0.35151515076291
"stan","quadratic",800,100,0.347101656490877
"montoril","sinusoidal",800,100,0.374941919232499
"pg_apf","sinusoidal",800,100,0.383534262495044
"sir_laplace","sinusoidal",800,100,0.382937941510562
"sir_collapsed","sinusoidal",800,100,0.388014126850392
"stan","sinusoidal",800,100,0.383139156663922
"montoril","constant",1600,100,0.481965691997759
"pg_apf","constant",1600,100,0.479071238024664
"sir_laplace","constant",1600,100,0.480263982680692
"sir_collapsed","constant",1600,100,0.483658024631898
"stan","constant",1600,100,0.478159773697903
"montoril","linear",1600,100,0.353395069532717
"pg_apf","linear",1600,100,0.351547129207512
"sir_laplace","linear",1600,100,0.356922729335199
"sir_collapsed","linear",1600,100,0.359601291310097
"stan","linear",1600,100,0.352436856025615
"montoril","quadratic",1600,100,0.354590542556344
"pg_apf","quadratic",1600,100,0.350825326032563
"sir_laplace","quadratic",1600,100,0.354216066587679
"sir_collapsed","quadratic",1600,100,0.360347546891731
"stan","quadratic",1600,100,0.35411838697622
"montoril","sinusoidal",1600,100,0.375693626197904
"pg_apf","sinusoidal",1600,100,0.363687834387151
"sir_laplace","sinusoidal",1600,100,0.368521475423844
"sir_collapsed","sinusoidal",1600,100,0.37664337124244
"stan","sinusoidal",1600,100,0.369577611754295
"montoril","constant",200,101,0.840718082843908
"pg_apf","constant",200,101,0.84370899231321
"sir_laplace","constant",200,101,0.833428817085731
"sir_collapsed","constant",200,101,0.825971889607111
"stan","constant",200,101,0.840630848556252
"montoril","linear",200,101,0.51150065246024
"pg_apf","linear",200,101,0.512620761542093
"sir_laplace","linear",200,101,0.511692677444048
"sir_collapsed","linear",200,101,0.51536435221605
"stan","linear",200,101,0.511663479084872
"montoril","quadratic",200,101,0.546830800571934
"pg_apf","quadratic",200,101,0.543004044491719
"sir_laplace","quadratic",200,101,0.544001682152913
"sir_collapsed","quadratic",200,101,0.541395431784905
"stan","quadratic",200,101,0.543077720027907
"montoril","sinusoidal",200,101,0.558483875849894
"pg_apf","sinusoidal",200,101,0.551386687077157
"sir_laplace","sinusoidal",200,101,0.560117051565464
"sir_collapsed","sinusoidal",200,101,0.550721918359487
"stan","sinusoidal",200,101,0.559912219836409
"montoril","constant",400,101,0.74526046930881
"pg_apf","constant",400,101,0.745935826861309
"sir_laplace","constant",400,101,0.742484013645349
"sir_collapsed","constant",400,101,0.738077708312684
"stan","constant",400,101,0.744808887696064
"montoril","linear",400,101,0.517635043617708
"pg_apf","linear",400,101,0.525627091471722
"sir_laplace","linear",400,101,0.521788570809032
"sir_collapsed","linear",400,101,0.525073446790112
"stan","linear",400,101,0.525735950801971
"montoril","quadratic",400,101,0.541597625890199
"pg_apf","quadratic",400,101,0.543930172181933
"sir_laplace","quadratic",400,101,0.54237514229055
"sir_collapsed","quadratic",400,101,0.547019775030142
"stan","quadratic",400,101,0.541598442425163
"montoril","sinusoidal",400,101,0.571021152320598
"pg_apf","sinusoidal",400,101,0.565183649963775
"sir_laplace","sinusoidal",400,101,0.567872594176165
"sir_collapsed","sinusoidal",400,101,0.568098323723855
"stan","sinusoidal",400,101,0.568453557426183
"montoril","constant",800,101,0.509232240432275
"pg_apf","constant",800,101,0.511366543470326
"sir_laplace","constant",800,101,0.510028348747076
"sir_collapsed","constant",800,101,0.511405194392207
"stan","constant",800,101,0.509445295322237
"montoril","linear",800,101,0.3339697746606
"pg_apf","linear",800,101,0.331698832937399
"sir_laplace","linear",800,101,0.336157352998739
"sir_collapsed","linear",800,101,0.342083191440013
"stan","linear",800,101,0.335772572497812
"montoril","quadratic",800,101,0.349786810206684
"pg_apf","quadratic",800,101,0.344670363780003
"sir_laplace","quadratic",800,101,0.349187019102383
"sir_collapsed","quadratic",800,101,0.351708016793533
"stan","quadratic",800,101,0.345727657322294
"montoril","sinusoidal",800,101,0.319679544132346
"pg_apf","sinusoidal",800,101,0.32148983935782
"sir_laplace","sinusoidal",800,101,0.317629586433906
"sir_collapsed","sinusoidal",800,101,0.324765796573896
"stan","sinusoidal",800,101,0.321020939354087
"montoril","constant",1600,101,0.438544411869409
"pg_apf","constant",1600,101,0.439239401690136
"sir_laplace","constant",1600,101,0.441291253530637
"sir_collapsed","constant",1600,101,0.443140777156595
"stan","constant",1600,101,0.441929011878562
"montoril","linear",1600,101,0.283650391853788
"pg_apf","linear",1600,101,0.2842812792012
"sir_laplace","linear",1600,101,0.285174684911864
"sir_collapsed","linear",1600,101,0.28971870987198
"stan","linear",1600,101,0.285260787307771
"montoril","quadratic",1600,101,0.299424022031318
"pg_apf","quadratic",1600,101,0.296129160063145
"sir_laplace","quadratic",1600,101,0.299048629811908
"sir_collapsed","quadratic",1600,101,0.300442009945487
"stan","quadratic",1600,101,0.298097463296776
"montoril","sinusoidal",1600,101,0.293167578254603
"pg_apf","sinusoidal",1600,101,0.286918828561852
"sir_laplace","sinusoidal",1600,101,0.29120192996266
"sir_collapsed","sinusoidal",1600,101,0.292910215492693
"stan","sinusoidal",1600,101,0.287283282986648
"montoril","constant",200,102,0.826076634532932
"pg_apf","constant",200,102,0.824028892026944
"sir_laplace","constant",200,102,0.819167324141869
"sir_collapsed","constant",200,102,0.8154044866816
"stan","constant",200,102,0.823796405126044
"montoril","linear",200,102,0.500809869622834
"pg_apf","linear",200,102,0.490465925818095
"sir_laplace","linear",200,102,0.490244686574165
"sir_collapsed","linear",200,102,0.493705318339396
"stan","linear",200,102,0.492554991897306
"montoril","quadratic",200,102,0.521801095767182
"pg_apf","quadratic",200,102,0.510580767843025
"sir_laplace","quadratic",200,102,0.505472282232647
"sir_collapsed","quadratic",200,102,0.506533279951417
"stan","quadratic",200,102,0.514078566884215
"montoril","sinusoidal",200,102,0.466526186303292
"pg_apf","sinusoidal",200,102,0.456168668061913
"sir_laplace","sinusoidal",200,102,0.454043570333826
"sir_collapsed","sinusoidal",200,102,0.455145423899033
"stan","sinusoidal",200,102,0.462010331639198
"montoril","constant",400,102,0.659637556208725
"pg_apf","constant",400,102,0.659297904508647
"sir_laplace","constant",400,102,0.657074405824267
"sir_collapsed","constant",400,102,0.654955502822828
"stan","constant",400,102,0.660380946337129
"montoril","linear",400,102,0.36354922310089
"pg_apf","linear",400,102,0.363715199038526
"sir_laplace","linear",400,102,0.371918139509821
"sir_collapsed","linear",400,102,0.369670844951086
"stan","linear",400,102,0.367060676817366
"montoril","quadratic",400,102,0.349948088669121
"pg_apf","quadratic",400,102,0.352286576251959
"sir_laplace","quadratic",400,102,0.354137628621721
"sir_collapsed","quadratic",400,102,0.356770084430883
"stan","quadratic",400,102,0.355721270532305
"montoril","sinusoidal",400,102,0.386950286011997
"pg_apf","sinusoidal",400,102,0.393969348049882
"sir_laplace","sinusoidal",400,102,0.399101968882987
"sir_collapsed","sinusoidal",400,102,0.397193309593777
"stan","sinusoidal",400,102,0.402471495034565
"montoril","constant",800,102,0.554299253635228
"pg_apf","constant",800,102,0.559490936986822
"sir_laplace","constant",800,102,0.557648492093753
"sir_collapsed","constant",800,102,0.559026244306449
"stan","constant",800,102,0.55549149507764
"montoril","linear",800,102,0.272621548288846
"pg_apf","linear",800,102,0.273422847654245
"sir_laplace","linear",800,102,0.283181856950809
"sir_collapsed","linear",800,102,0.278985781968617
"stan","linear",800,102,0.278494291906961
"montoril","quadratic",800,102,0.292875226352329
"pg_apf","quadratic",800,102,0.282314061456606
"sir_laplace","quadratic",800,102,0.286506402137838
"sir_collapsed","quadratic",800,102,0.285416232708355
"stan","quadratic",800,102,0.286897587239418
"montoril","sinusoidal",800,102,0.346220481386706
"pg_apf","sinusoidal",800,102,0.335332908558054
"sir_laplace","sinusoidal",800,102,0.336201440290389
"sir_collapsed","sinusoidal",800,102,0.341541765734739
"stan","sinusoidal",800,102,0.335012578077071
"montoril","constant",1600,102,0.453112755714029
"pg_apf","constant",1600,102,0.455273675753832
"sir_laplace","constant",1600,102,0.456210939183739
"sir_collapsed","constant",1600,102,0.458161290453074
"stan","constant",1600,102,0.454232466464938
"montoril","linear",1600,102,0.300871342185294
"pg_apf","linear",1600,102,0.290637202478123
"sir_laplace","linear",1600,102,0.294425259080467
"sir_collapsed","linear",1600,102,0.295546665358944
"stan","linear",1600,102,0.294542221481252
"montoril","quadratic",1600,102,0.278491786891518
"pg_apf","quadratic",1600,102,0.280640671514837
"sir_laplace","quadratic",1600,102,0.282539901771357
"sir_collapsed","quadratic",1600,102,0.284887417862822
"stan","quadratic",1600,102,0.283960518281934
"montoril","sinusoidal",1600,102,0.318973695167836
"pg_apf","sinusoidal",1600,102,0.304676363991826
"sir_laplace","sinusoidal",1600,102,0.305561632164702
"sir_collapsed","sinusoidal",1600,102,0.311087167933838
"stan","sinusoidal",1600,102,0.306706437626519
"montoril","constant",200,103,0.752757135585836
"pg_apf","constant",200,103,0.752426493041309
"sir_laplace","constant",200,103,0.7524414456294
"sir_collapsed","constant",200,103,0.758142893014356
"stan","constant",200,103,0.756586741186533
"montoril","linear",200,103,0.431031912159417
"pg_apf","linear",200,103,0.417678290193684
"sir_laplace","linear",200,103,0.42648129397189
"sir_collapsed","linear",200,103,0.431941918204128
"stan","linear",200,103,0.424405763458759
"montoril","quadratic",200,103,0.456163262856114
"pg_apf","quadratic",200,103,0.44900066775425
"sir_laplace","quadratic",200,103,0.456526002899111
"sir_collapsed","quadratic",200,103,0.464090333666711
"stan","quadratic",200,103,0.451848484876056
"montoril","sinusoidal",200,103,0.473970253603528
"pg_apf","sinusoidal",200,103,0.475741535773782
"sir_laplace","sinusoidal",200,103,0.486466803309155
"sir_collapsed","sinusoidal",200,103,0.492438191860628
"stan","sinusoidal",200,103,0.471668206658402
"montoril","constant",400,103,0.721630278758648
"pg_apf","constant",400,103,0.72161385260395
"sir_laplace","constant",400,103,0.721523133879982
"sir_collapsed","constant",400,103,0.717283495080147
"stan","constant",400,103,0.721370217188661
"montoril","linear",400,103,0.426914512819096
"pg_apf","linear",400,103,0.419158936003807
"sir_laplace","linear",400,103,0.421376536593102
"sir_collapsed","linear",400,103,0.424069757426492
"stan","linear",400,103,0.419597615624329
"montoril","quadratic",400,103,0.422452783485434
"pg_apf","quadratic",400,103,0.431265162060818
"sir_laplace","quadratic",400,103,0.434028374420701
"sir_collapsed","quadratic",400,103,0.439458230671315
"stan","quadratic",400,103,0.433204811477938
"montoril","sinusoidal",400,103,0.458754296876107
"pg_apf","sinusoidal",400,103,0.476082139838726
"sir_laplace","sinusoidal",400,103,0.471606198072732
"sir_collapsed","sinusoidal",400,103,0.482650550176846
"stan","sinusoidal",400,103,0.471734038626589
"montoril","constant",800,103,0.566031304567648
"pg_apf","constant",800,103,0.568860980288257
"sir_laplace","constant",800,103,0.568895015976408
"sir_collapsed","constant",800,103,0.569579558417783
"stan","constant",800,103,0.568423455774556
"montoril","linear",800,103,0.330456198721064
"pg_apf","linear",800,103,0.335842094032524
"sir_laplace","linear",800,103,0.339069926132738
"sir_collapsed","linear",800,103,0.343609959734223
"stan","linear",800,103,0.337725099095264
"montoril","quadratic",800,103,0.333635406349834
"pg_apf","quadratic",800,103,0.331481532635655
"sir_laplace","quadratic",800,103,0.334243542208485
"sir_collapsed","quadratic",800,103,0.338818069078788
"stan","quadratic",800,103,0.330226715758406
"montoril","sinusoidal",800,103,0.377018402681684
"pg_apf","sinusoidal",800,103,0.366681380836937
"sir_laplace","sinusoidal",800,103,0.370400656929729
"sir_collapsed","sinusoidal",800,103,0.377483159169416
"stan","sinusoidal",800,103,0.3703846597042
"montoril","constant",1600,103,0.519208081463089
"pg_apf","constant",1600,103,0.514062625087806
"sir_laplace","constant",1600,103,0.515625221079964
"sir_collapsed","constant",1600,103,0.516957084792865
"stan","constant",1600,103,0.516933897133992
"montoril","linear",1600,103,0.326308431207342
"pg_apf","linear",1600,103,0.319763763178239
"sir_laplace","linear",1600,103,0.321727415642349
"sir_collapsed","linear",1600,103,0.324049252080473
"stan","linear",1600,103,0.323192047027153
"montoril","quadratic",1600,103,0.31309382618299
"pg_apf","quadratic",1600,103,0.302788497186968
"sir_laplace","quadratic",1600,103,0.306145905442638
"sir_collapsed","quadratic",1600,103,0.306015141220838
"stan","quadratic",1600,103,0.304074678598804
"montoril","sinusoidal",1600,103,0.340028486668957
"pg_apf","sinusoidal",1600,103,0.334396706441008
"sir_laplace","sinusoidal",1600,103,0.335031566632001
"sir_collapsed","sinusoidal",1600,103,0.338217412713619
"stan","sinusoidal",1600,103,0.337920068421712
"montoril","constant",200,104,0.812492064528875
"pg_apf","constant",200,104,0.80945591322338
"sir_laplace","constant",200,104,0.807809499286799
"sir_collapsed","constant",200,104,0.805572245666803
"stan","constant",200,104,0.80832389206907
"montoril","linear",200,104,0.402616677797539
"pg_apf","linear",200,104,0.401709751544226
"sir_laplace","linear",200,104,0.40409481994215
"sir_collapsed","linear",200,104,0.402170063445789
"stan","linear",200,104,0.405620601472639
"montoril","quadratic",200,104,0.403861087707153
"pg_apf","quadratic",200,104,0.398992833507905
"sir_laplace","quadratic",200,104,0.395928949636508
"sir_collapsed","quadratic",200,104,0.393217855651237
"stan","quadratic",200,104,0.398157961439278
"montoril","sinusoidal",200,104,0.396183983842785
"pg_apf","sinusoidal",200,104,0.394573621975127
"sir_laplace","sinusoidal",200,104,0.386641287270618
"sir_collapsed","sinusoidal",200,104,0.391099472570952
"stan","sinusoidal",200,104,0.391371022500292
"montoril","constant",400,104,0.640798201177475
"pg_apf","constant",400,104,0.649965200169755
"sir_laplace","constant",400,104,0.637864768653676
"sir_collapsed","constant",400,104,0.638095581717261
"stan","constant",400,104,0.640965761522892
"montoril","linear",400,104,0.363534387907317
"pg_apf","linear",400,104,0.346286991315166
"sir_laplace","linear",400,104,0.343005834218781
"sir_collapsed","linear",400,104,0.339476930005656
"stan","linear",400,104,0.350349186510433
"montoril","quadratic",400,104,0.329546053988728
"pg_apf","quadratic",400,104,0.338629389709622
"sir_laplace","quadratic",400,104,0.337206454196531
"sir_collapsed","quadratic",400,104,0.33246391014503
"stan","quadratic",400,104,0.343679751147871
"montoril","sinusoidal",400,104,0.385144689526001
"pg_apf","sinusoidal",400,104,0.381186346237193
"sir_laplace","sinusoidal",400,104,0.382096876476419
"sir_collapsed","sinusoidal",400,104,0.38120046447631
"stan","sinusoidal",400,104,0.385502232485845
"montoril","constant",800,104,0.547289934983664
"pg_apf","constant",800,104,0.540874864080517
"sir_laplace","constant",800,104,0.543070270293848
"sir_collapsed","constant",800,104,0.544861562874611
"stan","constant",800,104,0.54011919651703
"montoril","linear",800,104,0.349889884814902
"pg_apf","linear",800,104,0.346831579005721
"sir_laplace","linear",800,104,0.351139761067665
"sir_collapsed","linear",800,104,0.355489564284611
"stan","linear",800,104,0.351293368666149
"montoril","quadratic",800,104,0.363123681603376
"pg_apf","quadratic",800,104,0.355730357788156
"sir_laplace","quadratic",800,104,0.356664224736036
"sir_collapsed","quadratic",800,104,0.363543757231265
"stan","quadratic",800,104,0.355908624072108
"montoril","sinusoidal",800,104,0.35730762428329
"pg_apf","sinusoidal",800,104,0.352938387890113
"sir_laplace","sinusoidal",800,104,0.357380225464247
"sir_collapsed","sinusoidal",800,104,0.360100515252898
"stan","sinusoidal",800,104,0.357110719364226
"montoril","constant",1600,104,0.47737929936203
"pg_apf","constant",1600,104,0.477669132881981
"sir_laplace","constant",1600,104,0.478585697216203
"sir_collapsed","constant",1600,104,0.478673121863911
"stan","constant",1600,104,0.479077172821539
"montoril","linear",1600,104,0.363678762057409
"pg_apf","linear",1600,104,0.357640752470371
"sir_laplace","linear",1600,104,0.357148219146083
"sir_collapsed","linear",1600,104,0.358100015968102
"stan","linear",1600,104,0.358665652593208
"montoril","quadratic",1600,104,0.365494585779478
"pg_apf","quadratic",1600,104,0.364011308295228
"sir_laplace","quadratic",1600,104,0.365364468399614
"sir_collapsed","quadratic",1600,104,0.362820567430834
"stan","quadratic",1600,104,0.366431855111361
"montoril","sinusoidal",1600,104,0.404474854037046
"pg_apf","sinusoidal",1600,104,0.389063704942358
"sir_laplace","sinusoidal",1600,104,0.393844923709022
"sir_collapsed","sinusoidal",1600,104,0.394707810578432
"stan","sinusoidal",1600,104,0.396401567504804
"montoril","constant",200,105,0.744592335518641
"pg_apf","constant",200,105,0.745596714743929
"sir_laplace","constant",200,105,0.746074399599523
"sir_collapsed","constant",200,105,0.744332027905008
"stan","constant",200,105,0.745708962526137
"montoril","linear",200,105,0.282778705231325
"pg_apf","linear",200,105,0.284677011690885
"sir_laplace","linear",200,105,0.286696978531929
"sir_collapsed","linear",200,105,0.294627805224177
"stan","linear",200,105,0.278781897415286
"montoril","quadratic",200,105,0.28238138196807
"pg_apf","quadratic",200,105,0.286265822521823
"sir_laplace","quadratic",200,105,0.292174783955688
"sir_collapsed","quadratic",200,105,0.298058778327242
"stan","quadratic",200,105,0.286767463497092
"montoril","sinusoidal",200,105,0.276096482430968
"pg_apf","sinusoidal",200,105,0.265929628907681
"sir_laplace","sinusoidal",200,105,0.272093475325596
"sir_collapsed","sinusoidal",200,105,0.285740459334869
"stan","sinusoidal",200,105,0.267203684972561
"montoril","constant",400,105,0.685098977376331
"pg_apf","constant",400,105,0.679047208307474
"sir_laplace","constant",400,105,0.674328170694898
"sir_collapsed","constant",400,105,0.667764005032011
"stan","constant",400,105,0.679394269879212
"montoril","linear",400,105,0.377819494434356
"pg_apf","linear",400,105,0.369061192904653
"sir_laplace","linear",400,105,0.363718463948705
"sir_collapsed","linear",400,105,0.367100203084768
"stan","linear",400,105,0.368678532324693
"montoril","quadratic",400,105,0.373560214028716
"pg_apf","quadratic",400,105,0.36818999995463
"sir_laplace","quadratic",400,105,0.364511786496214
"sir_collapsed","quadratic",400,105,0.37023284495973
"stan","quadratic",400,105,0.365818375863685
"montoril","sinusoidal",400,105,0.448173916889583
"pg_apf","sinusoidal",400,105,0.443051303243033
"sir_laplace","sinusoidal",400,105,0.443159833869932
"sir_collapsed","sinusoidal",400,105,0.447371259916233
"stan","sinusoidal",400,105,0.450716068990423
"montoril","constant",800,105,0.556138121149148
"pg_apf","constant",800,105,0.550355776023702
"sir_laplace","constant",800,105,0.550259763944783
"sir_collapsed","constant",800,105,0.551298439655811
"stan","constant",800,105,0.55045462517661
"montoril","linear",800,105,0.341172588395431
"pg_apf","linear",800,105,0.345202609372876
"sir_laplace","linear",800,105,0.348404927599932
"sir_collapsed","linear",800,105,0.347770587644809
"stan","linear",800,105,0.346677011323002
"montoril","quadratic",800,105,0.360452533232004
"pg_apf","quadratic",800,105,0.352818938458623
"sir_laplace","quadratic",800,105,0.35489582648181
"sir_collapsed","quadratic",800,105,0.359296000270915
"stan","quadratic",800,105,0.355044392312477
"montoril","sinusoidal",800,105,0.371796289855215
"pg_apf","sinusoidal",800,105,0.362998187215565
"sir_laplace","sinusoidal",800,105,0.36691485803198
"sir_collapsed","sinusoidal",800,105,0.370201145703152
"stan","sinusoidal",800,105,0.36051744040258
"montoril","constant",1600,105,0.48357836045223
"pg_apf","constant",1600,105,0.483155187049365
"sir_laplace","constant",1600,105,0.484712783377254
"sir_collapsed","constant",1600,105,0.485615295034165
"stan","constant",1600,105,0.483594861877333
"montoril","linear",1600,105,0.34960071423782
"pg_apf","linear",1600,105,0.350799630358747
"sir_laplace","linear",1600,105,0.352156421984319
"sir_collapsed","linear",1600,105,0.355035798493424
"stan","linear",1600,105,0.350975935781427
"montoril","quadratic",1600,105,0.377060741631048
"pg_apf","quadratic",1600,105,0.365282863946565
"sir_laplace","quadratic",1600,105,0.368788518873534
"sir_collapsed","quadratic",1600,105,0.367932692940408
"stan","quadratic",1600,105,0.368739271913586
"montoril","sinusoidal",1600,105,0.398887163447361
"pg_apf","sinusoidal",1600,105,0.385315143898743
"sir_laplace","sinusoidal",1600,105,0.38751569383844
"sir_collapsed","sinusoidal",1600,105,0.390042059604492
"stan","sinusoidal",1600,105,0.385172584650424
"montoril","constant",200,106,0.701118704833968
"pg_apf","constant",200,106,0.698996164595822
"sir_laplace","constant",200,106,0.703584482828377
"sir_collapsed","constant",200,106,0.703462582630639
"stan","constant",200,106,0.700175772924353
"montoril","linear",200,106,0.379426603941002
"pg_apf","linear",200,106,0.377234848941795
"sir_laplace","linear",200,106,0.382827733015942
"sir_collapsed","linear",200,106,0.392298058154761
"stan","linear",200,106,0.379921066122092
"montoril","quadratic",200,106,0.38704286526485
"pg_apf","quadratic",200,106,0.388457808551184
"sir_laplace","quadratic",200,106,0.389698884208293
"sir_collapsed","quadratic",200,106,0.396545674043354
"stan","quadratic",200,106,0.390475342255063
"montoril","sinusoidal",200,106,0.389989383492223
"pg_apf","sinusoidal",200,106,0.385050673743886
"sir_laplace","sinusoidal",200,106,0.387980210718503
"sir_collapsed","sinusoidal",200,106,0.398637924913544
"stan","sinusoidal",200,106,0.383811527930917
"montoril","constant",400,106,0.622574803020445
"pg_apf","constant",400,106,0.625286598246405
"sir_laplace","constant",400,106,0.624784306832791
"sir_collapsed","constant",400,106,0.626555992619672
"stan","constant",400,106,0.623592106322495
"montoril","linear",400,106,0.268027658172372
"pg_apf","linear",400,106,0.280108289828657
"sir_laplace","linear",400,106,0.284377937694938
"sir_collapsed","linear",400,106,0.286329884484017
"stan","linear",400,106,0.27887153934531
"montoril","quadratic",400,106,0.321500265569689
"pg_apf","quadratic",400,106,0.301916550417578
"sir_laplace","quadratic",400,106,0.303108311651695
"sir_collapsed","quadratic",400,106,0.308129182055395
"stan","quadratic",400,106,0.302786921905186
"montoril","sinusoidal",400,106,0.315745078822402
"pg_apf","sinusoidal",400,106,0.322659983757813
"sir_laplace","sinusoidal",400,106,0.321900611973172
"sir_collapsed","sinusoidal",400,106,0.332704373325482
"stan","sinusoidal",400,106,0.319771605847112
"montoril","constant",800,106,0.521003323652423
"pg_apf","constant",800,106,0.519111284140701
"sir_laplace","constant",800,106,0.520714396760842
"sir_collapsed","constant",800,106,0.523677515734617
"stan","constant",800,106,0.522326979924157
"montoril","linear",800,106,0.314978078102338
"pg_apf","linear",800,106,0.316497585176052
"sir_laplace","linear",800,106,0.318867297197563
"sir_collapsed","linear",800,106,0.322954017035187
"stan","linear",800,106,0.316789138929901
"montoril","quadratic",800,106,0.301998994337391
"pg_apf","quadratic",800,106,0.299515278804878
"sir_laplace","quadratic",800,106,0.305826978484961
"sir_collapsed","quadratic",800,106,0.308935112689359
"stan","quadratic",800,106,0.30437076021166
"montoril","sinusoidal",800,106,0.346403287794186
"pg_apf","sinusoidal",800,106,0.341120404088884
"sir_laplace","sinusoidal",800,106,0.348048828618702
"sir_collapsed","sinusoidal",800,106,0.353158635165577
"stan","sinusoidal",800,106,0.34660950481656
"montoril","constant",1600,106,0.451539120736072
"pg_apf","constant",1600,106,0.449876580027373
"sir_laplace","constant",1600,106,0.451318606994279
"sir_collapsed","constant",1600,106,0.453395632709186
"stan","constant",1600,106,0.452603384949707
"montoril","linear",1600,106,0.30464359949824
"pg_apf","linear",1600,106,0.294969815348114
"sir_laplace","linear",1600,106,0.302773977496094
"sir_collapsed","linear",1600,106,0.303814469206701
"stan","linear",1600,106,0.299559065560291
"montoril","quadratic",1600,106,0.295901279624515
"pg_apf","quadratic",1600,106,0.294053996230702
"sir_laplace","quadratic",1600,106,0.2971488873225
"sir_collapsed","quadratic",1600,106,0.300102281984074
"stan","quadratic",1600,106,0.293736168218958
"montoril","sinusoidal",1600,106,0.320164341791465
"pg_apf","sinusoidal",1600,106,0.319169431558634
"sir_laplace","sinusoidal",1600,106,0.322882649432128
"sir_collapsed","sinusoidal",1600,106,0.326706174910399
"stan","sinusoidal",1600,106,0.324767903880675
"montoril","constant",200,107,0.714113325670734
"pg_apf","constant",200,107,0.726232485341278
"sir_laplace","constant",200,107,0.715595315574369
"sir_collapsed","constant",200,107,0.710139614635592
"stan","constant",200,107,0.719075901701706
"montoril","linear",200,107,0.4329378761614
"pg_apf","linear",200,107,0.435896679472933
"sir_laplace","linear",200,107,0.427841752756863
"sir_collapsed","linear",200,107,0.428072213325428
"stan","linear",200,107,0.434056100416211
"montoril","quadratic",200,107,0.40664193153989
"pg_apf","quadratic",200,107,0.403161283355676
"sir_laplace","quadratic",200,107,0.394891165308068
"sir_collapsed","quadratic",200,107,0.406686341831593
"stan","quadratic",200,107,0.404357902791327
"montoril","sinusoidal",200,107,0.41065043097337
"pg_apf","sinusoidal",200,107,0.402784876422241
"sir_laplace","sinusoidal",200,107,0.399574860954808
"sir_collapsed","sinusoidal",200,107,0.400567261558964
"stan","sinusoidal",200,107,0.404511583740072
"montoril","constant",400,107,0.64377891628668
"pg_apf","constant",400,107,0.631817768811431
"sir_laplace","constant",400,107,0.631109708200375
"sir_collapsed","constant",400,107,0.626113804233515
"stan","constant",400,107,0.634453503304296
"montoril","linear",400,107,0.357179857979695
"pg_apf","linear",400,107,0.345780770984575
"sir_laplace","linear",400,107,0.345473136888415
"sir_collapsed","linear",400,107,0.345479680411339
"stan","linear",400,107,0.347065103694176
"montoril","quadratic",400,107,0.373118303842997
"pg_apf","quadratic",400,107,0.372996314069466
"sir_laplace","quadratic",400,107,0.365253964908873
"sir_collapsed","quadratic",400,107,0.36455858274493
"stan","quadratic",400,107,0.374139760136054
"montoril","sinusoidal",400,107,0.348286350113174
"pg_apf","sinusoidal",400,107,0.345021119755036
"sir_laplace","sinusoidal",400,107,0.340662308919912
"sir_collapsed","sinusoidal",400,107,0.345224609410318
"stan","sinusoidal",400,107,0.346087189376345
"montoril","constant",800,107,0.627674228782618
"pg_apf","constant",800,107,0.629047047413098
"sir_laplace","constant",800,107,0.622619517889211
"sir_collapsed","constant",800,107,0.624660788353705
"stan","constant",800,107,0.624049741804575
"montoril","linear",800,107,0.371932075806951
"pg_apf","linear",800,107,0.365254528101639
"sir_laplace","linear",800,107,0.367801370092552
"sir_collapsed","linear",800,107,0.368842687574803
"stan","linear",800,107,0.367169456394592
"montoril","quadratic",800,107,0.338925158143044
"pg_apf","quadratic",800,107,0.333671045511183
"sir_laplace","quadratic",800,107,0.335730673290618
"sir_collapsed","quadratic",800,107,0.335370599938882
"stan","quadratic",800,107,0.335477249214607
"montoril","sinusoidal",800,107,0.432282237499293
"pg_apf","sinusoidal",800,107,0.422885093512996
"sir_laplace","sinusoidal",800,107,0.428079291490238
"sir_collapsed","sinusoidal",800,107,0.427204840483084
"stan","sinusoidal",800,107,0.422699450325467
"montoril","constant",1600,107,0.486530601213213
"pg_apf","constant",1600,107,0.488033103046554
"sir_laplace","constant",1600,107,0.486708910443642
"sir_collapsed","constant",1600,107,0.487580187411856
"stan","constant",1600,107,0.485125957164175
"montoril","linear",1600,107,0.320629204406765
"pg_apf","linear",1600,107,0.31260518643125
"sir_laplace","linear",1600,107,0.312949562253938
"sir_collapsed","linear",1600,107,0.315271002238981
"stan","linear",1600,107,0.315633327904092
"montoril","quadratic",1600,107,0.312243837384467
"pg_apf","quadratic",1600,107,0.307754502989978
"sir_laplace","quadratic",1600,107,0.310306808079394
"sir_collapsed","quadratic",1600,107,0.311435300118462
"stan","quadratic",1600,107,0.308934673189631
"montoril","sinusoidal",1600,107,0.329747289029275
"pg_apf","sinusoidal",1600,107,0.328629668879065
"sir_laplace","sinusoidal",1600,107,0.32865308756104
"sir_collapsed","sinusoidal",1600,107,0.330928178778604
"stan","sinusoidal",1600,107,0.329719781421645
"montoril","constant",200,108,0.82683771837215
"pg_apf","constant",200,108,0.832017528283622
"sir_laplace","constant",200,108,0.829541081980023
"sir_collapsed","constant",200,108,0.829290470083728
"stan","constant",200,108,0.831012757412918
"montoril","linear",200,108,0.480254047318189
"pg_apf","linear",200,108,0.476755351971431
"sir_laplace","linear",200,108,0.475540721049566
"sir_collapsed","linear",200,108,0.471948184520507
"stan","linear",200,108,0.475040327746371
"montoril","quadratic",200,108,0.458266078949727
"pg_apf","quadratic",200,108,0.478204405380986
"sir_laplace","quadratic",200,108,0.473457156227518
"sir_collapsed","quadratic",200,108,0.471418115913162
"stan","quadratic",200,108,0.476461202985209
"montoril","sinusoidal",200,108,0.341827569907991
"pg_apf","sinusoidal",200,108,0.340747732025979
"sir_laplace","sinusoidal",200,108,0.337134298811951
"sir_collapsed","sinusoidal",200,108,0.344415504656655
"stan","sinusoidal",200,108,0.343915219093972
"montoril","constant",400,108,0.661132020584939
"pg_apf","constant",400,108,0.658125753569578
"sir_laplace","constant",400,108,0.653810435739236
"sir_collapsed","constant",400,108,0.653919042644761
"stan","constant",400,108,0.653298125054875
"montoril","linear",400,108,0.36507733117662
"pg_apf","linear",400,108,0.367890757572014
"sir_laplace","linear",400,108,0.374272792864124
"sir_collapsed","linear",400,108,0.379016272844027
"stan","linear",400,108,0.371443099641929
"montoril","quadratic",400,108,0.337895234298207
"pg_apf","quadratic",400,108,0.338085386274227
"sir_laplace","quadratic",400,108,0.339002608020035
"sir_collapsed","quadratic",400,108,0.345094518825232
"stan","quadratic",400,108,0.335869322154863
"montoril","sinusoidal",400,108,0.343346813238907
"pg_apf","sinusoidal",400,108,0.345676676110758
"sir_laplace","sinusoidal",400,108,0.347199242022634
"sir_collapsed","sinusoidal",400,108,0.353154756965345
"stan","sinusoidal",400,108,0.344814098087284
"montoril","constant",800,108,0.565277941761882
"pg_apf","constant",800,108,0.56594074716982
"sir_laplace","constant",800,108,0.566207423265608
"sir_collapsed","constant",800,108,0.570334400786104
"stan","constant",800,108,0.563389295867822
"montoril","linear",800,108,0.32825691340024
"pg_apf","linear",800,108,0.324068752436876
"sir_laplace","linear",800,108,0.326957777726773
"sir_collapsed","linear",800,108,0.332086794698702
"stan","linear",800,108,0.327468593251719
"montoril","quadratic",800,108,0.322075936004209
"pg_apf","quadratic",800,108,0.315861113149095
"sir_laplace","quadratic",800,108,0.319452647112112
"sir_collapsed","quadratic",800,108,0.3281691683009
"stan","quadratic",800,108,0.319201903796154
"montoril","sinusoidal",800,108,0.367908145507673
"pg_apf","sinusoidal",800,108,0.356743623521036
"sir_laplace","sinusoidal",800,108,0.363445989957406
"sir_collapsed","sinusoidal",800,108,0.36742120375121
"stan","sinusoidal",800,108,0.364024418026774
"montoril","constant",1600,108,0.432822027368086
"pg_apf","constant",1600,108,0.434403495229327
"sir_laplace","constant",1600,108,0.432671318234014
"sir_collapsed","constant",1600,108,0.43274511847117
"stan","constant",1600,108,0.43385497207508
"montoril","linear",1600,108,0.277697166062534
"pg_apf","linear",1600,108,0.277752101117137
"sir_laplace","linear",1600,108,0.283987270637777
"sir_collapsed","linear",1600,108,0.284893097678929
"stan","linear",1600,108,0.280962497909333
"montoril","quadratic",1600,108,0.290611166397137
"pg_apf","quadratic",1600,108,0.280676536830954
"sir_laplace","quadratic",1600,108,0.283174624288861
"sir_collapsed","quadratic",1600,108,0.288323558054147
"stan","quadratic",1600,108,0.285877062074765
"montoril","sinusoidal",1600,108,0.292783961452367
"pg_apf","sinusoidal",1600,108,0.276569719997603
"sir_laplace","sinusoidal",1600,108,0.278584908169985
"sir_collapsed","sinusoidal",1600,108,0.28038462468028
"stan","sinusoidal",1600,108,0.277263053223747
"montoril","constant",200,109,0.75806614913456
"pg_apf","constant",200,109,0.762083345055641
"sir_laplace","constant",200,109,0.759439880511449
"sir_collapsed","constant",200,109,0.768944894400491
"stan","constant",200,109,0.759123018556657
"montoril","linear",200,109,0.498856524863544
"pg_apf","linear",200,109,0.48261712377954
"sir_laplace","linear",200,109,0.490428687171558
"sir_collapsed","linear",200,109,0.4982510456118
"stan","linear",200,109,0.485552752013689
"montoril","quadratic",200,109,0.446836749876937
"pg_apf","quadratic",200,109,0.426680129344556
"sir_laplace","quadratic",200,109,0.433068498512954
"sir_collapsed","quadratic",200,109,0.438720061995132
"stan","quadratic",200,109,0.434256218453487
"montoril","sinusoidal",200,109,0.457077582197124
"pg_apf","sinusoidal",200,109,0.459993516670604
"sir_laplace","sinusoidal",200,109,0.462498626040797
"sir_collapsed","sinusoidal",200,109,0.470678088917967
"stan","sinusoidal",200,109,0.460343385462505
"montoril","constant",400,109,0.651271758489266
"pg_apf","constant",400,109,0.652039831735496
"sir_laplace","constant",400,109,0.652237288101083
"sir_collapsed","constant",400,109,0.657948386591322
"stan","constant",400,109,0.64736582347112
"montoril","linear",400,109,0.377709052045923
"pg_apf","linear",400,109,0.367629452480065
"sir_laplace","linear",400,109,0.372557633540464
"sir_collapsed","linear",400,109,0.375594444665449
"stan","linear",400,109,0.370074495202296
"montoril","quadratic",400,109,0.393874295178222
"pg_apf","quadratic",400,109,0.36459679647502
"sir_laplace","quadratic",400,109,0.36683659026925
"sir_collapsed","quadratic",400,109,0.370570709731323
"stan","quadratic",400,109,0.370120121530291
"montoril","sinusoidal",400,109,0.388056053369897
"pg_apf","sinusoidal",400,109,0.390108185753972
"sir_laplace","sinusoidal",400,109,0.393971145301165
"sir_collapsed","sinusoidal",400,109,0.399932007809951
"stan","sinusoidal",400,109,0.389030093319959
"montoril","constant",800,109,0.519833007521813
"pg_apf","constant",800,109,0.525937039846832
"sir_laplace","constant",800,109,0.527486064620391
"sir_collapsed","constant",800,109,0.528133203421804
"stan","constant",800,109,0.526108958023983
"montoril","linear",800,109,0.321664994030009
"pg_apf","linear",800,109,0.323875236823394
"sir_laplace","linear",800,109,0.325340150781719
"sir_collapsed","linear",800,109,0.331670258008974
"stan","linear",800,109,0.328150615774136
"montoril","quadratic",800,109,0.331797585838045
"pg_apf","quadratic",800,109,0.324659529630739
"sir_laplace","quadratic",800,109,0.325875189380855
"sir_collapsed","quadratic",800,109,0.330019593240781
"stan","quadratic",800,109,0.330316724855071
"montoril","sinusoidal",800,109,0.355423926248647
"pg_apf","sinusoidal",800,109,0.35140321917264
"sir_laplace","sinusoidal",800,109,0.356228002951824
"sir_collapsed","sinusoidal",800,109,0.358540571402837
"stan","sinusoidal",800,109,0.355104542003378
"montoril","constant",1600,109,0.469798924541053
"pg_apf","constant",1600,109,0.468969846262486
"sir_laplace","constant",1600,109,0.466158477539423
"sir_collapsed","constant",1600,109,0.466303309666222
"stan","constant",1600,109,0.46638679223202
"montoril","linear",1600,109,0.301280728788278
"pg_apf","linear",1600,109,0.293974280122736
"sir_laplace","linear",1600,109,0.294789263444393
"sir_collapsed","linear",1600,109,0.300883719234996
"stan","linear",1600,109,0.296340604225731
"montoril","quadratic",1600,109,0.312859358312514
"pg_apf","quadratic",1600,109,0.299737184715026
"sir_laplace","quadratic",1600,109,0.30493304320767
"sir_collapsed","quadratic",1600,109,0.305639098426901
"stan","quadratic",1600,109,0.300654599984997
"montoril","sinusoidal",1600,109,0.334760610501307
"pg_apf","sinusoidal",1600,109,0.325831273088079
"sir_laplace","sinusoidal",1600,109,0.330842839313047
"sir_collapsed","sinusoidal",1600,109,0.332641031893697
"stan","sinusoidal",1600,109,0.327110451173561
"montoril","constant",200,110,0.835202813948101
"pg_apf","constant",200,110,0.833278237829556
"sir_laplace","constant",200,110,0.838676940779507
"sir_collapsed","constant",200,110,0.832421012887446
"stan","constant",200,110,0.835714405904686
"montoril","linear",200,110,0.483850505468133
"pg_apf","linear",200,110,0.468559667603059
"sir_laplace","linear",200,110,0.470069507070336
"sir_collapsed","linear",200,110,0.470439131944421
"stan","linear",200,110,0.474567128012671
"montoril","quadratic",200,110,0.533846730725473
"pg_apf","quadratic",200,110,0.536882113805935
"sir_laplace","quadratic",200,110,0.53718997348725
"sir_collapsed","quadratic",200,110,0.531796815163242
"stan","quadratic",200,110,0.542661097278751
"montoril","sinusoidal",200,110,0.536900686367026
"pg_apf","sinusoidal",200,110,0.532148964438118
"sir_laplace","sinusoidal",200,110,0.535876232356976
"sir_collapsed","sinusoidal",200,110,0.53485967755478
"stan","sinusoidal",200,110,0.537833438931192
"montoril","constant",400,110,0.722140119892874
"pg_apf","constant",400,110,0.722447764512065
"sir_laplace","constant",400,110,0.71726287637512
"sir_collapsed","constant",400,110,0.714646318567293
"stan","constant",400,110,0.718966499653499
"montoril","linear",400,110,0.445209672229885
"pg_apf","linear",400,110,0.447134385511281
"sir_laplace","linear",400,110,0.449535137172049
"sir_collapsed","linear",400,110,0.452863765953933
"stan","linear",400,110,0.444090034124223
"montoril","quadratic",400,110,0.494383857904028
"pg_apf","quadratic",400,110,0.495752147868012
"sir_laplace","quadratic",400,110,0.498558011031842
"sir_collapsed","quadratic",400,110,0.504995622770944
"stan","quadratic",400,110,0.497993387041003
"montoril","sinusoidal",400,110,0.497239061813018
"pg_apf","sinusoidal",400,110,0.489696723375387
"sir_laplace","sinusoidal",400,110,0.491121865047441
"sir_collapsed","sinusoidal",400,110,0.495710597212248
"stan","sinusoidal",400,110,0.490958520817232
"montoril","constant",800,110,0.513315806206429
"pg_apf","constant",800,110,0.515022320718916
"sir_laplace","constant",800,110,0.512954294326085
"sir_collapsed","constant",800,110,0.509814960197946
"stan","constant",800,110,0.514178198801037
"montoril","linear",800,110,0.362126855501558
"pg_apf","linear",800,110,0.34634560849383
"sir_laplace","linear",800,110,0.345753078551973
"sir_collapsed","linear",800,110,0.346988513937864
"stan","linear",800,110,0.351363934594706
"montoril","quadratic",800,110,0.375392472836092
"pg_apf","quadratic",800,110,0.371235469725393
"sir_laplace","quadratic",800,110,0.3695845139852
"sir_collapsed","quadratic",800,110,0.37112133609329
"stan","quadratic",800,110,0.369156557144006
"montoril","sinusoidal",800,110,0.369443252306839
"pg_apf","sinusoidal",800,110,0.36729251094341
"sir_laplace","sinusoidal",800,110,0.3720471953442
"sir_collapsed","sinusoidal",800,110,0.370945393587048
"stan","sinusoidal",800,110,0.370785305628772
"montoril","constant",1600,110,0.447714618365285
"pg_apf","constant",1600,110,0.450712432046642
"sir_laplace","constant",1600,110,0.450582258574097
"sir_collapsed","constant",1600,110,0.452031011032561
"stan","constant",1600,110,0.449723488100593
"montoril","linear",1600,110,0.313414150627857
"pg_apf","linear",1600,110,0.308864064735091
"sir_laplace","linear",1600,110,0.310863876302272
"sir_collapsed","linear",1600,110,0.313082671130157
"stan","linear",1600,110,0.31012539754674
"montoril","quadratic",1600,110,0.325493008188871
"pg_apf","quadratic",1600,110,0.319780271240629
"sir_laplace","quadratic",1600,110,0.321444073739269
"sir_collapsed","quadratic",1600,110,0.323008658650251
"stan","quadratic",1600,110,0.322685337163019
"montoril","sinusoidal",1600,110,0.349177805300637
"pg_apf","sinusoidal",1600,110,0.334111237073442
"sir_laplace","sinusoidal",1600,110,0.338843375857465
"sir_collapsed","sinusoidal",1600,110,0.338179008154187
"stan","sinusoidal",1600,110,0.338637524455207
"montoril","constant",200,111,0.706687165837082
"pg_apf","constant",200,111,0.70894692959744
"sir_laplace","constant",200,111,0.71253069743058
"sir_collapsed","constant",200,111,0.718812050003503
"stan","constant",200,111,0.705571864045787
"montoril","linear",200,111,0.504110995534494
"pg_apf","linear",200,111,0.520329103661413
"sir_laplace","linear",200,111,0.530771963644573
"sir_collapsed","linear",200,111,0.543705473975354
"stan","linear",200,111,0.520640286152664
"montoril","quadratic",200,111,0.549222084092849
"pg_apf","quadratic",200,111,0.543491022796887
"sir_laplace","quadratic",200,111,0.558551683640592
"sir_collapsed","quadratic",200,111,0.578262369950195
"stan","quadratic",200,111,0.541057037316026
"montoril","sinusoidal",200,111,0.44078607738017
"pg_apf","sinusoidal",200,111,0.458501968112419
"sir_laplace","sinusoidal",200,111,0.466481673743773
"sir_collapsed","sinusoidal",200,111,0.479740414934234
"stan","sinusoidal",200,111,0.463126791690526
"montoril","constant",400,111,0.588999495776936
"pg_apf","constant",400,111,0.58623428228238
"sir_laplace","constant",400,111,0.580488611841713
"sir_collapsed","constant",400,111,0.578648397268244
"stan","constant",400,111,0.583924972383413
"montoril","linear",400,111,0.301524045457126
"pg_apf","linear",400,111,0.312387489715817
"sir_laplace","linear",400,111,0.310255794173968
"sir_collapsed","linear",400,111,0.309010468577789
"stan","linear",400,111,0.315643412874893
"montoril","quadratic",400,111,0.34801854025567
"pg_apf","quadratic",400,111,0.354810708093179
"sir_laplace","quadratic",400,111,0.352791855950511
"sir_collapsed","quadratic",400,111,0.352398577557263
"stan","quadratic",400,111,0.356271664261133
"montoril","sinusoidal",400,111,0.300288048197554
"pg_apf","sinusoidal",400,111,0.292018445231778
"sir_laplace","sinusoidal",400,111,0.291993333465291
"sir_collapsed","sinusoidal",400,111,0.287046722927675
"stan","sinusoidal",400,111,0.29651703505767
"montoril","constant",800,111,0.565316079872212
"pg_apf","constant",800,111,0.564907979627873
"sir_laplace","constant",800,111,0.56404047197573
"sir_collapsed","constant",800,111,0.562901033588947
"stan","constant",800,111,0.565070821599701
"montoril","linear",800,111,0.288420055385383
"pg_apf","linear",800,111,0.282429527127811
"sir_laplace","linear",800,111,0.284992988433018
"sir_collapsed","linear",800,111,0.2913671293207
"stan","linear",800,111,0.284743763948915
"montoril","quadratic",800,111,0.288607174271895
"pg_apf","quadratic",800,111,0.283410059265704
"sir_laplace","quadratic",800,111,0.289338699824493
"sir_collapsed","quadratic",800,111,0.291260181339713
"stan","quadratic",800,111,0.28683085275912
"montoril","sinusoidal",800,111,0.321617536568745
"pg_apf","sinusoidal",800,111,0.319720728024786
"sir_laplace","sinusoidal",800,111,0.325287598800004
"sir_collapsed","sinusoidal",800,111,0.329570536528879
"stan","sinusoidal",800,111,0.321683982694131
"montoril","constant",1600,111,0.488376482887681
"pg_apf","constant",1600,111,0.491394281303941
"sir_laplace","constant",1600,111,0.490980129787588
"sir_collapsed","constant",1600,111,0.494710175336252
"stan","constant",1600,111,0.491835657809454
"montoril","linear",1600,111,0.334234751165654
"pg_apf","linear",1600,111,0.333579730510537
"sir_laplace","linear",1600,111,0.33361479838481
"sir_collapsed","linear",1600,111,0.337703704534174
"stan","linear",1600,111,0.336275180123133
"montoril","quadratic",1600,111,0.334020839453935
"pg_apf","quadratic",1600,111,0.31787278313288
"sir_laplace","quadratic",1600,111,0.323477793022942
"sir_collapsed","quadratic",1600,111,0.324637389943697
"stan","quadratic",1600,111,0.325023981619946
"montoril","sinusoidal",1600,111,0.348651211996151
"pg_apf","sinusoidal",1600,111,0.338206016355575
"sir_laplace","sinusoidal",1600,111,0.343093007444731
"sir_collapsed","sinusoidal",1600,111,0.343501957744867
"stan","sinusoidal",1600,111,0.339814440490952
"montoril","constant",200,112,0.918609659358707
"pg_apf","constant",200,112,0.91977789444239
"sir_laplace","constant",200,112,0.908291515278958
"sir_collapsed","constant",200,112,0.905525804058301
"stan","constant",200,112,0.918920957519477
"montoril","linear",200,112,0.586630763846704
"pg_apf","linear",200,112,0.583901594873322
"sir_laplace","linear",200,112,0.577602533162717
"sir_collapsed","linear",200,112,0.579274302813277
"stan","linear",200,112,0.570776856397229
"montoril","quadratic",200,112,0.57602921207113
"pg_apf","quadratic",200,112,0.581980079786461
"sir_laplace","quadratic",200,112,0.569135148499051
"sir_collapsed","quadratic",200,112,0.578802780909212
"stan","quadratic",200,112,0.571481919408733
"montoril","sinusoidal",200,112,0.498146502532675
"pg_apf","sinusoidal",200,112,0.490354970342671
"sir_laplace","sinusoidal",200,112,0.491239436307203
"sir_collapsed","sinusoidal",200,112,0.49007742909523
"stan","sinusoidal",200,112,0.48913007246227
"montoril","constant",400,112,0.775489412355167
"pg_apf","constant",400,112,0.774467585777431
"sir_laplace","constant",400,112,0.775954743494085
"sir_collapsed","constant",400,112,0.77845478480078
"stan","constant",400,112,0.777373571803458
"montoril","linear",400,112,0.496050086692469
"pg_apf","linear",400,112,0.480736879912858
"sir_laplace","linear",400,112,0.483842003634565
"sir_collapsed","linear",400,112,0.492327842435163
"stan","linear",400,112,0.483934496993054
"montoril","quadratic",400,112,0.51603577128252
"pg_apf","quadratic",400,112,0.516343183291747
"sir_laplace","quadratic",400,112,0.51831837293379
"sir_collapsed","quadratic",400,112,0.526350728898603
"stan","quadratic",400,112,0.518845838039022
"montoril","sinusoidal",400,112,0.563516692947183
"pg_apf","sinusoidal",400,112,0.538355267855444
"sir_laplace","sinusoidal",400,112,0.545500178244104
"sir_collapsed","sinusoidal",400,112,0.551989924708721
"stan","sinusoidal",400,112,0.542797354995804
"montoril","constant",800,112,0.54969980128942
"pg_apf","constant",800,112,0.545567181366018
"sir_laplace","constant",800,112,0.547839092709095
"sir_collapsed","constant",800,112,0.549381390807763
"stan","constant",800,112,0.546448400973809
"montoril","linear",800,112,0.35324636589479
"pg_apf","linear",800,112,0.356250129902316
"sir_laplace","linear",800,112,0.362046882711851
"sir_collapsed","linear",800,112,0.369885864093653
"stan","linear",800,112,0.361290401390255
"montoril","quadratic",800,112,0.370862894749288
"pg_apf","quadratic",800,112,0.368113968322502
"sir_laplace","quadratic",800,112,0.370547584221468
"sir_collapsed","quadratic",800,112,0.375819630254901
"stan","quadratic",800,112,0.372235136801778
"montoril","sinusoidal",800,112,0.398169384693536
"pg_apf","sinusoidal",800,112,0.392248864938174
"sir_laplace","sinusoidal",800,112,0.393853992621227
"sir_collapsed","sinusoidal",800,112,0.400435950510763
"stan","sinusoidal",800,112,0.39300641042435
"montoril","constant",1600,112,0.433814695919783
"pg_apf","constant",1600,112,0.43291424628867
"sir_laplace","constant",1600,112,0.429647782484511
"sir_collapsed","constant",1600,112,0.428876551064859
"stan","constant",1600,112,0.432429747333893
"montoril","linear",1600,112,0.30796228134472
"pg_apf","linear",1600,112,0.298984406651434
"sir_laplace","linear",1600,112,0.30059278597226
"sir_collapsed","linear",1600,112,0.30358374179854
"stan","linear",1600,112,0.302313371116879
"montoril","quadratic",1600,112,0.311687673051684
"pg_apf","quadratic",1600,112,0.312719551928885
"sir_laplace","quadratic",1600,112,0.313472319162291
"sir_collapsed","quadratic",1600,112,0.316864677345999
"stan","quadratic",1600,112,0.313457142091287
"montoril","sinusoidal",1600,112,0.293224367195491
"pg_apf","sinusoidal",1600,112,0.283086893124024
"sir_laplace","sinusoidal",1600,112,0.283945400900903
"sir_collapsed","sinusoidal",1600,112,0.287108856289014
"stan","sinusoidal",1600,112,0.283232234015319
"montoril","constant",200,113,0.832555745783796
"pg_apf","constant",200,113,0.834446881663922
"sir_laplace","constant",200,113,0.831233317849756
"sir_collapsed","constant",200,113,0.822140368642659
"stan","constant",200,113,0.841109337057437
"montoril","linear",200,113,0.429085824736049
"pg_apf","linear",200,113,0.42418276922981
"sir_laplace","linear",200,113,0.417928823518291
"sir_collapsed","linear",200,113,0.414028731791975
"stan","linear",200,113,0.425954452275576
"montoril","quadratic",200,113,0.42647425253421
"pg_apf","quadratic",200,113,0.412599747692441
"sir_laplace","quadratic",200,113,0.405140196363874
"sir_collapsed","quadratic",200,113,0.403624139376635
"stan","quadratic",200,113,0.409271035752639
"montoril","sinusoidal",200,113,0.464630590584698
"pg_apf","sinusoidal",200,113,0.461584962172237
"sir_laplace","sinusoidal",200,113,0.456052317454889
"sir_collapsed","sinusoidal",200,113,0.455172148582953
"stan","sinusoidal",200,113,0.463002251202109
"montoril","constant",400,113,0.713584241643254
"pg_apf","constant",400,113,0.714311346482084
"sir_laplace","constant",400,113,0.708735441861729
"sir_collapsed","constant",400,113,0.699962970867706
"stan","constant",400,113,0.712588177211374
"montoril","linear",400,113,0.488030384021877
"pg_apf","linear",400,113,0.487693435337374
"sir_laplace","linear",400,113,0.48139203213103
"sir_collapsed","linear",400,113,0.478863764423201
"stan","linear",400,113,0.488109393614191
"montoril","quadratic",400,113,0.509369330250582
"pg_apf","quadratic",400,113,0.506617702363959
"sir_laplace","quadratic",400,113,0.502532692152
"sir_collapsed","quadratic",400,113,0.499503589693234
"stan","quadratic",400,113,0.506988346958211
"montoril","sinusoidal",400,113,0.506253741821784
"pg_apf","sinusoidal",400,113,0.490558513929249
"sir_laplace","sinusoidal",400,113,0.489454407582431
"sir_collapsed","sinusoidal",400,113,0.482424118602536
"stan","sinusoidal",400,113,0.496149227795156
"montoril","constant",800,113,0.520918554267329
"pg_apf","constant",800,113,0.522704477983625
"sir_laplace","constant",800,113,0.522544212671518
"sir_collapsed","constant",800,113,0.525185740389286
"stan","constant",800,113,0.523400998822884
"montoril","linear",800,113,0.356731839104394
"pg_apf","linear",800,113,0.345779968574188
"sir_laplace","linear",800,113,0.351610120663458
"sir_collapsed","linear",800,113,0.357101958373229
"stan","linear",800,113,0.351632727699697
"montoril","quadratic",800,113,0.336821914200522
"pg_apf","quadratic",800,113,0.331074322647423
"sir_laplace","quadratic",800,113,0.331026284619909
"sir_collapsed","quadratic",800,113,0.337024518647452
"stan","quadratic",800,113,0.330133840476566
"montoril","sinusoidal",800,113,0.371872044591499
"pg_apf","sinusoidal",800,113,0.360695079694232
"sir_laplace","sinusoidal",800,113,0.361126832857322
"sir_collapsed","sinusoidal",800,113,0.37036466386543
"stan","sinusoidal",800,113,0.362053752873763
"montoril","constant",1600,113,0.498240001804983
"pg_apf","constant",1600,113,0.495201364807564
"sir_laplace","constant",1600,113,0.495227406364971
"sir_collapsed","constant",1600,113,0.494831830928942
"stan","constant",1600,113,0.497914028473661
"montoril","linear",1600,113,0.346599189973359
"pg_apf","linear",1600,113,0.341660722656733
"sir_laplace","linear",1600,113,0.343205471431487
"sir_collapsed","linear",1600,113,0.342836240330199
"stan","linear",1600,113,0.344514083228088
"montoril","quadratic",1600,113,0.350655639118995
"pg_apf","quadratic",1600,113,0.344959938611294
"sir_laplace","quadratic",1600,113,0.34834352311082
"sir_collapsed","quadratic",1600,113,0.347943259600505
"stan","quadratic",1600,113,0.349253838485064
"montoril","sinusoidal",1600,113,0.363866006625061
"pg_apf","sinusoidal",1600,113,0.367655132693516
"sir_laplace","sinusoidal",1600,113,0.36938925527767
"sir_collapsed","sinusoidal",1600,113,0.370503361092645
"stan","sinusoidal",1600,113,0.371688349457956
"montoril","constant",200,114,0.781843639828112
"pg_apf","constant",200,114,0.78653254894076
"sir_laplace","constant",200,114,0.77578319136122
"sir_collapsed","constant",200,114,0.776176817955079
"stan","constant",200,114,0.78375053605262
"montoril","linear",200,114,0.451307187119086
"pg_apf","linear",200,114,0.441961144753589
"sir_laplace","linear",200,114,0.447211851870912
"sir_collapsed","linear",200,114,0.445679487191272
"stan","linear",200,114,0.444491827137264
"montoril","quadratic",200,114,0.421439984678815
"pg_apf","quadratic",200,114,0.433083317496965
"sir_laplace","quadratic",200,114,0.432451197098204
"sir_collapsed","quadratic",200,114,0.430959272758271
"stan","quadratic",200,114,0.437743350095281
"montoril","sinusoidal",200,114,0.434189968624895
"pg_apf","sinusoidal",200,114,0.41808399919967
"sir_laplace","sinusoidal",200,114,0.423748644681332
"sir_collapsed","sinusoidal",200,114,0.425598402325173
"stan","sinusoidal",200,114,0.424806656990847
"montoril","constant",400,114,0.664342442726845
"pg_apf","constant",400,114,0.660842872381459
"sir_laplace","constant",400,114,0.65463652179743
"sir_collapsed","constant",400,114,0.65312517202998
"stan","constant",400,114,0.658558196639771
"montoril","linear",400,114,0.432432083435233
"pg_apf","linear",400,114,0.429832946435891
"sir_laplace","linear",400,114,0.432778477564707
"sir_collapsed","linear",400,114,0.43236628993631
"stan","linear",400,114,0.430240927269833
"montoril","quadratic",400,114,0.411809562349058
"pg_apf","quadratic",400,114,0.397612695253719
"sir_laplace","quadratic",400,114,0.398115033416722
"sir_collapsed","quadratic",400,114,0.400100424494943
"stan","quadratic",400,114,0.4017899991596
"montoril","sinusoidal",400,114,0.408147863599284
"pg_apf","sinusoidal",400,114,0.40355391927457
"sir_laplace","sinusoidal",400,114,0.40293890492778
"sir_collapsed","sinusoidal",400,114,0.398799578942281
"stan","sinusoidal",400,114,0.404085817875169
"montoril","constant",800,114,0.561545763131433
"pg_apf","constant",800,114,0.565842917813997
"sir_laplace","constant",800,114,0.565551399550134
"sir_collapsed","constant",800,114,0.568819338050021
"stan","constant",800,114,0.565100596804125
"montoril","linear",800,114,0.330649329040636
"pg_apf","linear",800,114,0.332326501451344
"sir_laplace","linear",800,114,0.335957702451964
"sir_collapsed","linear",800,114,0.342652548912096
"stan","linear",800,114,0.3389383176122
"montoril","quadratic",800,114,0.334902779424533
"pg_apf","quadratic",800,114,0.329925095234089
"sir_laplace","quadratic",800,114,0.331433674696822
"sir_collapsed","quadratic",800,114,0.339676452419039
"stan","quadratic",800,114,0.329994848705836
"montoril","sinusoidal",800,114,0.381465819532573
"pg_apf","sinusoidal",800,114,0.37519451740119
"sir_laplace","sinusoidal",800,114,0.380360728628986
"sir_collapsed","sinusoidal",800,114,0.38552731946761
"stan","sinusoidal",800,114,0.379143878724978
"montoril","constant",1600,114,0.436512023293503
"pg_apf","constant",1600,114,0.433197714288187
"sir_laplace","constant",1600,114,0.434484008422095
"sir_collapsed","constant",1600,114,0.438358349180038
"stan","constant",1600,114,0.433877033419865
"montoril","linear",1600,114,0.321862428836928
"pg_apf","linear",1600,114,0.315191636751237
"sir_laplace","linear",1600,114,0.315611496434726
"sir_collapsed","linear",1600,114,0.320830734922418
"stan","linear",1600,114,0.31666448655452
"montoril","quadratic",1600,114,0.310127758400487
"pg_apf","quadratic",1600,114,0.311430850847853
"sir_laplace","quadratic",1600,114,0.316950734106965
"sir_collapsed","quadratic",1600,114,0.321980723662846
"stan","quadratic",1600,114,0.314322164138713
"montoril","sinusoidal",1600,114,0.321720851992443
"pg_apf","sinusoidal",1600,114,0.312618756676295
"sir_laplace","sinusoidal",1600,114,0.317639000594602
"sir_collapsed","sinusoidal",1600,114,0.322298156677739
"stan","sinusoidal",1600,114,0.314249338371143
"montoril","constant",200,115,0.916801251352623
"pg_apf","constant",200,115,0.923895946731925
"sir_laplace","constant",200,115,0.916593130068526
"sir_collapsed","constant",200,115,0.916610500936968
"stan","constant",200,115,0.918828506817399
"montoril","linear",200,115,0.552745802239815
"pg_apf","linear",200,115,0.550516916804725
"sir_laplace","linear",200,115,0.556384523455718
"sir_collapsed","linear",200,115,0.568137655938099
"stan","linear",200,115,0.558270185713385
"montoril","quadratic",200,115,0.548600726046328
"pg_apf","quadratic",200,115,0.544710387712119
"sir_laplace","quadratic",200,115,0.550687687301678
"sir_collapsed","quadratic",200,115,0.56488201704043
"stan","quadratic",200,115,0.551959418823947
"montoril","sinusoidal",200,115,0.580119414424243
"pg_apf","sinusoidal",200,115,0.572260289351653
"sir_laplace","sinusoidal",200,115,0.573159479330995
"sir_collapsed","sinusoidal",200,115,0.585543144061006
"stan","sinusoidal",200,115,0.578360779205754
"montoril","constant",400,115,0.762509176482398
"pg_apf","constant",400,115,0.754975702326786
"sir_laplace","constant",400,115,0.75760303395139
"sir_collapsed","constant",400,115,0.759156514746766
"stan","constant",400,115,0.753808004606704
"montoril","linear",400,115,0.430978922725765
"pg_apf","linear",400,115,0.42707654073353
"sir_laplace","linear",400,115,0.43335601509006
"sir_collapsed","linear",400,115,0.439725377692589
"stan","linear",400,115,0.428743043995131
"montoril","quadratic",400,115,0.410903151688591
"pg_apf","quadratic",400,115,0.403545400878224
"sir_laplace","quadratic",400,115,0.407281666933335
"sir_collapsed","quadratic",400,115,0.414605538683353
"stan","quadratic",400,115,0.407144775004074
"montoril","sinusoidal",400,115,0.463388807561602
"pg_apf","sinusoidal",400,115,0.473103220093329
"sir_laplace","sinusoidal",400,115,0.476671377921765
"sir_collapsed","sinusoidal",400,115,0.482195845080875
"stan","sinusoidal",400,115,0.473497680256084
"montoril","constant",800,115,0.496880397092379
"pg_apf","constant",800,115,0.502461618406759
"sir_laplace","constant",800,115,0.497751726922591
"sir_collapsed","constant",800,115,0.497812081698191
"stan","constant",800,115,0.499859774719904
"montoril","linear",800,115,0.319365402549517
"pg_apf","linear",800,115,0.315215492887367
"sir_laplace","linear",800,115,0.318601436474152
"sir_collapsed","linear",800,115,0.321775725385372
"stan","linear",800,115,0.318796463122162
"montoril","quadratic",800,115,0.322859402697438
"pg_apf","quadratic",800,115,0.328340177299076
"sir_laplace","quadratic",800,115,0.327929088122018
"sir_collapsed","quadratic",800,115,0.331671996770237
"stan","quadratic",800,115,0.328352696513046
"montoril","sinusoidal",800,115,0.315576522538835
"pg_apf","sinusoidal",800,115,0.319076969030719
"sir_laplace","sinusoidal",800,115,0.323230136285304
"sir_collapsed","sinusoidal",800,115,0.323361435272343
"stan","sinusoidal",800,115,0.322187139374705
"montoril","constant",1600,115,0.50663240225484
"pg_apf","constant",1600,115,0.505671438048354
"sir_laplace","constant",1600,115,0.505087103220595
"sir_collapsed","constant",1600,115,0.505377118632172
"stan","constant",1600,115,0.505881532502983
"montoril","linear",1600,115,0.321584830020673
"pg_apf","linear",1600,115,0.31553671689918
"sir_laplace","linear",1600,115,0.314940367205284
"sir_collapsed","linear",1600,115,0.318918479381921
"stan","linear",1600,115,0.31685967941245
"montoril","quadratic",1600,115,0.301832310152422
"pg_apf","quadratic",1600,115,0.304728354145307
"sir_laplace","quadratic",1600,115,0.305975094930391
"sir_collapsed","quadratic",1600,115,0.307849118359581
"stan","quadratic",1600,115,0.306077526068503
"montoril","sinusoidal",1600,115,0.340028027764516
"pg_apf","sinusoidal",1600,115,0.338887701035322
"sir_laplace","sinusoidal",1600,115,0.342093761272319
"sir_collapsed","sinusoidal",1600,115,0.340854676406343
"stan","sinusoidal",1600,115,0.339393599679445
"montoril","constant",200,116,0.727835371500964
"pg_apf","constant",200,116,0.731407039226325
"sir_laplace","constant",200,116,0.733410058090518
"sir_collapsed","constant",200,116,0.739335308397968
"stan","constant",200,116,0.728811974994659
"montoril","linear",200,116,0.425105323650624
"pg_apf","linear",200,116,0.420428322301155
"sir_laplace","linear",200,116,0.426398894983771
"sir_collapsed","linear",200,116,0.443140445134137
"stan","linear",200,116,0.421576015166836
"montoril","quadratic",200,116,0.413825657943328
"pg_apf","quadratic",200,116,0.403176642839111
"sir_laplace","quadratic",200,116,0.411024685944486
"sir_collapsed","quadratic",200,116,0.423580613886518
"stan","quadratic",200,116,0.411936938266989
"montoril","sinusoidal",200,116,0.478347997308529
"pg_apf","sinusoidal",200,116,0.477728061271011
"sir_laplace","sinusoidal",200,116,0.487486318393375
"sir_collapsed","sinusoidal",200,116,0.498318011058874
"stan","sinusoidal",200,116,0.479812125815484
"montoril","constant",400,116,0.700215534257675
"pg_apf","constant",400,116,0.704567255871849
"sir_laplace","constant",400,116,0.697206819502751
"sir_collapsed","constant",400,116,0.695790545517172
"stan","constant",400,116,0.702620766132064
"montoril","linear",400,116,0.391063343696389
"pg_apf","linear",400,116,0.390327670203028
"sir_laplace","linear",400,116,0.390696922818654
"sir_collapsed","linear",400,116,0.38881784486979
"stan","linear",400,116,0.395395665178691
"montoril","quadratic",400,116,0.346677482446161
"pg_apf","quadratic",400,116,0.354717503095943
"sir_laplace","quadratic",400,116,0.35713069117166
"sir_collapsed","quadratic",400,116,0.36265409853163
"stan","quadratic",400,116,0.355766543748718
"montoril","sinusoidal",400,116,0.388340872963281
"pg_apf","sinusoidal",400,116,0.395425971188847
"sir_laplace","sinusoidal",400,116,0.389388852509137
"sir_collapsed","sinusoidal",400,116,0.394648106680037
"stan","sinusoidal",400,116,0.389643506494592
"montoril","constant",800,116,0.523852169842795
"pg_apf","constant",800,116,0.521315225312351
"sir_laplace","constant",800,116,0.521510238499321
"sir_collapsed","constant",800,116,0.522212480731687
"stan","constant",800,116,0.520208053237318
"montoril","linear",800,116,0.282038002311608
"pg_apf","linear",800,116,0.271983593372351
"sir_laplace","linear",800,116,0.273517452019818
"sir_collapsed","linear",800,116,0.27761174184586
"stan","linear",800,116,0.273494022309309
"montoril","quadratic",800,116,0.306412438531324
"pg_apf","quadratic",800,116,0.286260098294015
"sir_laplace","quadratic",800,116,0.287028321888205
"sir_collapsed","quadratic",800,116,0.295758477838081
"stan","quadratic",800,116,0.292139549038123
"montoril","sinusoidal",800,116,0.339063027314452
"pg_apf","sinusoidal",800,116,0.326226256338507
"sir_laplace","sinusoidal",800,116,0.332588829673661
"sir_collapsed","sinusoidal",800,116,0.335585043749872
"stan","sinusoidal",800,116,0.328417249420035
"montoril","constant",1600,116,0.468400507725541
"pg_apf","constant",1600,116,0.46920734249183
"sir_laplace","constant",1600,116,0.469653516562543
"sir_collapsed","constant",1600,116,0.470342775112471
"stan","constant",1600,116,0.469123838060803
"montoril","linear",1600,116,0.330182345749926
"pg_apf","linear",1600,116,0.315444107529671
"sir_laplace","linear",1600,116,0.319226719242473
"sir_collapsed","linear",1600,116,0.321347741994554
"stan","linear",1600,116,0.319278255260905
"montoril","quadratic",1600,116,0.310731222848375
"pg_apf","quadratic",1600,116,0.304597379658423
"sir_laplace","quadratic",1600,116,0.306032919151688
"sir_collapsed","quadratic",1600,116,0.307342699143238
"stan","quadratic",1600,116,0.307799104475402
"montoril","sinusoidal",1600,116,0.329713712793534
"pg_apf","sinusoidal",1600,116,0.316765227929441
"sir_laplace","sinusoidal",1600,116,0.318544877596905
"sir_collapsed","sinusoidal",1600,116,0.3225947915646
"stan","sinusoidal",1600,116,0.317707720910794
"montoril","constant",200,117,0.83010205721603
"pg_apf","constant",200,117,0.823605366837228
"sir_laplace","constant",200,117,0.826913528126121
"sir_collapsed","constant",200,117,0.823130506906389
"stan","constant",200,117,0.82242810161577
"montoril","linear",200,117,0.583204680872559
"pg_apf","linear",200,117,0.596153715466029
"sir_laplace","linear",200,117,0.597823089142067
"sir_collapsed","linear",200,117,0.60725971077136
"stan","linear",200,117,0.594475578335202
"montoril","quadratic",200,117,0.535777541163626
"pg_apf","quadratic",200,117,0.534168130031731
"sir_laplace","quadratic",200,117,0.540267916155023
"sir_collapsed","quadratic",200,117,0.547225901444268
"stan","quadratic",200,117,0.532659594369695
"montoril","sinusoidal",200,117,0.532396802205505
"pg_apf","sinusoidal",200,117,0.515645398554534
"sir_laplace","sinusoidal",200,117,0.521457546736829
"sir_collapsed","sinusoidal",200,117,0.531551379465817
"stan","sinusoidal",200,117,0.518513506162401
"montoril","constant",400,117,0.612295421609102
"pg_apf","constant",400,117,0.617211305340192
"sir_laplace","constant",400,117,0.617309108797783
"sir_collapsed","constant",400,117,0.616376840695796
"stan","constant",400,117,0.615009399774369
"montoril","linear",400,117,0.373659406225871
"pg_apf","linear",400,117,0.350035502008373
"sir_laplace","linear",400,117,0.350047948082441
"sir_collapsed","linear",400,117,0.350824518782239
"stan","linear",400,117,0.351812129796576
"montoril","quadratic",400,117,0.379864345558602
"pg_apf","quadratic",400,117,0.377315049697232
"sir_laplace","quadratic",400,117,0.380469826603409
"sir_collapsed","quadratic",400,117,0.379739188957513
"stan","quadratic",400,117,0.376210745619871
"montoril","sinusoidal",400,117,0.387924533364749
"pg_apf","sinusoidal",400,117,0.396712423714293
"sir_laplace","sinusoidal",400,117,0.398022727160472
"sir_collapsed","sinusoidal",400,117,0.399676841737954
"stan","sinusoidal",400,117,0.398804063395038
"montoril","constant",800,117,0.553111477788999
"pg_apf","constant",800,117,0.546338382319525
"sir_laplace","constant",800,117,0.545574838617698
"sir_collapsed","constant",800,117,0.542466581168992
"stan","constant",800,117,0.545820758074743
"montoril","linear",800,117,0.297060046560682
"pg_apf","linear",800,117,0.284220047951357
"sir_laplace","linear",800,117,0.287247064093901
"sir_collapsed","linear",800,117,0.289528896260063
"stan","linear",800,117,0.285784243689293
"montoril","quadratic",800,117,0.271274555667418
"pg_apf","quadratic",800,117,0.270589125143495
"sir_laplace","quadratic",800,117,0.27500484975013
"sir_collapsed","quadratic",800,117,0.275460240671668
"stan","quadratic",800,117,0.273649048418492
"montoril","sinusoidal",800,117,0.326244010105314
"pg_apf","sinusoidal",800,117,0.330443138212885
"sir_laplace","sinusoidal",800,117,0.330322685127711
"sir_collapsed","sinusoidal",800,117,0.33741187057854
"stan","sinusoidal",800,117,0.33591217826062
"montoril","constant",1600,117,0.479805307802235
"pg_apf","constant",1600,117,0.480111894206391
"sir_laplace","constant",1600,117,0.48094353157325
"sir_collapsed","constant",1600,117,0.480249325442898
"stan","constant",1600,117,0.481692025923694
"montoril","linear",1600,117,0.295948920856388
"pg_apf","linear",1600,117,0.291626292954425
"sir_laplace","linear",1600,117,0.292248265154137
"sir_collapsed","linear",1600,117,0.293373336503451
"stan","linear",1600,117,0.29289106028646
"montoril","quadratic",1600,117,0.322067448736235
"pg_apf","quadratic",1600,117,0.30972933977601
"sir_laplace","quadratic",1600,117,0.312013384897089
"sir_collapsed","quadratic",1600,117,0.312086071805808
"stan","quadratic",1600,117,0.312625422729032
"montoril","sinusoidal",1600,117,0.344527246780724
"pg_apf","sinusoidal",1600,117,0.334638840765982
"sir_laplace","sinusoidal",1600,117,0.336806668364227
"sir_collapsed","sinusoidal",1600,117,0.335297846353078
"stan","sinusoidal",1600,117,0.339304537031982
"montoril","constant",200,118,0.800993283674716
"pg_apf","constant",200,118,0.795943088749747
"sir_laplace","constant",200,118,0.790086479482447
"sir_collapsed","constant",200,118,0.793458286989925
"stan","constant",200,118,0.792463000450315
"montoril","linear",200,118,0.358133458044472
"pg_apf","linear",200,118,0.359179293775345
"sir_laplace","linear",200,118,0.364262814922287
"sir_collapsed","linear",200,118,0.358943790893083
"stan","linear",200,118,0.363499212087551
"montoril","quadratic",200,118,0.379791484326587
"pg_apf","quadratic",200,118,0.386189443642158
"sir_laplace","quadratic",200,118,0.388249893002765
"sir_collapsed","quadratic",200,118,0.386020128001273
"stan","quadratic",200,118,0.393638976896071
"montoril","sinusoidal",200,118,0.355442614590987
"pg_apf","sinusoidal",200,118,0.359989262057309
"sir_laplace","sinusoidal",200,118,0.362670084156109
"sir_collapsed","sinusoidal",200,118,0.366995086334743
"stan","sinusoidal",200,118,0.366832375649263
"montoril","constant",400,118,0.644163707525621
"pg_apf","constant",400,118,0.6450968236721
"sir_laplace","constant",400,118,0.646351661586027
"sir_collapsed","constant",400,118,0.659289590855932
"stan","constant",400,118,0.643644181032521
"montoril","linear",400,118,0.429169154375241
"pg_apf","linear",400,118,0.429258087278396
"sir_laplace","linear",400,118,0.431234267334885
"sir_collapsed","linear",400,118,0.447772099206225
"stan","linear",400,118,0.425774248312724
"montoril","quadratic",400,118,0.416604589705311
"pg_apf","quadratic",400,118,0.41086962866385
"sir_laplace","quadratic",400,118,0.417176949740994
"sir_collapsed","quadratic",400,118,0.429060755341684
"stan","quadratic",400,118,0.411567582228273
"montoril","sinusoidal",400,118,0.410198001769666
"pg_apf","sinusoidal",400,118,0.422859116675375
"sir_laplace","sinusoidal",400,118,0.427526448409582
"sir_collapsed","sinusoidal",400,118,0.445308515167387
"stan","sinusoidal",400,118,0.425678322211952
"montoril","constant",800,118,0.587942424200735
"pg_apf","constant",800,118,0.578585357835002
"sir_laplace","constant",800,118,0.583776724593402
"sir_collapsed","constant",800,118,0.586342009761635
"stan","constant",800,118,0.580219455602547
"montoril","linear",800,118,0.357809976540232
"pg_apf","linear",800,118,0.342811009336917
"sir_laplace","linear",800,118,0.342244264508193
"sir_collapsed","linear",800,118,0.347954013142788
"stan","linear",800,118,0.339974821780791
"montoril","quadratic",800,118,0.347251580592162
"pg_apf","quadratic",800,118,0.339646177996653
"sir_laplace","quadratic",800,118,0.338326989691355
"sir_collapsed","quadratic",800,118,0.346920190571683
"stan","quadratic",800,118,0.339917138621036
"montoril","sinusoidal",800,118,0.36827550222221
"pg_apf","sinusoidal",800,118,0.374393787061388
"sir_laplace","sinusoidal",800,118,0.380382201756834
"sir_collapsed","sinusoidal",800,118,0.38545271169161
"stan","sinusoidal",800,118,0.377000670701327
"montoril","constant",1600,118,0.478081173576226
"pg_apf","constant",1600,118,0.473838014784565
"sir_laplace","constant",1600,118,0.477827134170558
"sir_collapsed","constant",1600,118,0.478240252481152
"stan","constant",1600,118,0.476674845028182
"montoril","linear",1600,118,0.284006565562806
"pg_apf","linear",1600,118,0.274371281316661
"sir_laplace","linear",1600,118,0.279865091683146
"sir_collapsed","linear",1600,118,0.283889663243719
"stan","linear",1600,118,0.278407841667404
"montoril","quadratic",1600,118,0.261172340881837
"pg_apf","quadratic",1600,118,0.26003561303587
"sir_laplace","quadratic",1600,118,0.260682008886777
"sir_collapsed","quadratic",1600,118,0.266731422344165
"stan","quadratic",1600,118,0.264153854887064
"montoril","sinusoidal",1600,118,0.301631406210949
"pg_apf","sinusoidal",1600,118,0.295251190340376
"sir_laplace","sinusoidal",1600,118,0.296340870895583
"sir_collapsed","sinusoidal",1600,118,0.300393836690991
"stan","sinusoidal",1600,118,0.299204718525044
"montoril","constant",200,119,0.843220721732305
"pg_apf","constant",200,119,0.834957780281468
"sir_laplace","constant",200,119,0.836705747711215
"sir_collapsed","constant",200,119,0.838100467418682
"stan","constant",200,119,0.837315779602635
"montoril","linear",200,119,0.377582032345745
"pg_apf","linear",200,119,0.378839279812645
"sir_laplace","linear",200,119,0.382604523291841
"sir_collapsed","linear",200,119,0.385811350514138
"stan","linear",200,119,0.384348413060889
"montoril","quadratic",200,119,0.385416566755144
"pg_apf","quadratic",200,119,0.382514016670751
"sir_laplace","quadratic",200,119,0.381160128958445
"sir_collapsed","quadratic",200,119,0.381190441621943
"stan","quadratic",200,119,0.380924966948493
"montoril","sinusoidal",200,119,0.399040339054649
"pg_apf","sinusoidal",200,119,0.404141111286602
"sir_laplace","sinusoidal",200,119,0.404888884154601
"sir_collapsed","sinusoidal",200,119,0.411999125202008
"stan","sinusoidal",200,119,0.405253903645529
"montoril","constant",400,119,0.64177282001516
"pg_apf","constant",400,119,0.640358926813951
"sir_laplace","constant",400,119,0.645423515380984
"sir_collapsed","constant",400,119,0.655807582705981
"stan","constant",400,119,0.641255389544153
"montoril","linear",400,119,0.458059773015142
"pg_apf","linear",400,119,0.456148599131736
"sir_laplace","linear",400,119,0.457932021071679
"sir_collapsed","linear",400,119,0.469715150468955
"stan","linear",400,119,0.458299237142823
"montoril","quadratic",400,119,0.452570571823566
"pg_apf","quadratic",400,119,0.445390747346304
"sir_laplace","quadratic",400,119,0.448632276969318
"sir_collapsed","quadratic",400,119,0.455042151353239
"stan","quadratic",400,119,0.445350422906878
"montoril","sinusoidal",400,119,0.397442851080011
"pg_apf","sinusoidal",400,119,0.412602925156651
"sir_laplace","sinusoidal",400,119,0.414865457157203
"sir_collapsed","sinusoidal",400,119,0.420668080258661
"stan","sinusoidal",400,119,0.415538196997617
"montoril","constant",800,119,0.478208666330817
"pg_apf","constant",800,119,0.474135955837381
"sir_laplace","constant",800,119,0.474269942231603
"sir_collapsed","constant",800,119,0.471631274038692
"stan","constant",800,119,0.472406744305604
"montoril","linear",800,119,0.338539301813195
"pg_apf","linear",800,119,0.327048138422113
"sir_laplace","linear",800,119,0.328060760086014
"sir_collapsed","linear",800,119,0.330680579636111
"stan","linear",800,119,0.328415346567342
"montoril","quadratic",800,119,0.339354545273316
"pg_apf","quadratic",800,119,0.326306285692646
"sir_laplace","quadratic",800,119,0.325878725879321
"sir_collapsed","quadratic",800,119,0.327871552959035
"stan","quadratic",800,119,0.327737934973588
"montoril","sinusoidal",800,119,0.316607147408254
"pg_apf","sinusoidal",800,119,0.317996651039115
"sir_laplace","sinusoidal",800,119,0.317750443727895
"sir_collapsed","sinusoidal",800,119,0.32086269262542
"stan","sinusoidal",800,119,0.320997054119668
"montoril","constant",1600,119,0.473823581721698
"pg_apf","constant",1600,119,0.472439113147747
"sir_laplace","constant",1600,119,0.470588016113945
"sir_collapsed","constant",1600,119,0.472682658651785
"stan","constant",1600,119,0.472593583046702
"montoril","linear",1600,119,0.337259617602889
"pg_apf","linear",1600,119,0.329211525046775
"sir_laplace","linear",1600,119,0.330951981228652
"sir_collapsed","linear",1600,119,0.335492387208252
"stan","linear",1600,119,0.332388239114923
"montoril","quadratic",1600,119,0.329651621046061
"pg_apf","quadratic",1600,119,0.324025971912034
"sir_laplace","quadratic",1600,119,0.327763366334285
"sir_collapsed","quadratic",1600,119,0.328699007709916
"stan","quadratic",1600,119,0.327354221383629
"montoril","sinusoidal",1600,119,0.346931807757953
"pg_apf","sinusoidal",1600,119,0.346977326547703
"sir_laplace","sinusoidal",1600,119,0.350971559758257
"sir_collapsed","sinusoidal",1600,119,0.354797893815739
"stan","sinusoidal",1600,119,0.351750821605527
"montoril","constant",200,120,0.743241823971519
"pg_apf","constant",200,120,0.746916608255122
"sir_laplace","constant",200,120,0.739211496748919
"sir_collapsed","constant",200,120,0.735749694080016
"stan","constant",200,120,0.746603151816557
"montoril","linear",200,120,0.390853166102089
"pg_apf","linear",200,120,0.399499273419054
"sir_laplace","linear",200,120,0.393383208661112
"sir_collapsed","linear",200,120,0.387330761166742
"stan","linear",200,120,0.398511407846313
"montoril","quadratic",200,120,0.401309285142168
"pg_apf","quadratic",200,120,0.406495724179556
"sir_laplace","quadratic",200,120,0.40265542722607
"sir_collapsed","quadratic",200,120,0.396567251796274
"stan","quadratic",200,120,0.406599911144521
"montoril","sinusoidal",200,120,0.347807624471226
"pg_apf","sinusoidal",200,120,0.347481289593451
"sir_laplace","sinusoidal",200,120,0.354260418166213
"sir_collapsed","sinusoidal",200,120,0.349459774880427
"stan","sinusoidal",200,120,0.354317733140355
"montoril","constant",400,120,0.615761961947424
"pg_apf","constant",400,120,0.611202053087485
"sir_laplace","constant",400,120,0.61139107414581
"sir_collapsed","constant",400,120,0.607877690911281
"stan","constant",400,120,0.61302656818209
"montoril","linear",400,120,0.311737158808691
"pg_apf","linear",400,120,0.314085205965515
"sir_laplace","linear",400,120,0.312072022596129
"sir_collapsed","linear",400,120,0.312066932890259
"stan","linear",400,120,0.31496970578742
"montoril","quadratic",400,120,0.286529216559597
"pg_apf","quadratic",400,120,0.280489734951663
"sir_laplace","quadratic",400,120,0.277976234791242
"sir_collapsed","quadratic",400,120,0.280791430473908
"stan","quadratic",400,120,0.283731441894546
"montoril","sinusoidal",400,120,0.344101311210802
"pg_apf","sinusoidal",400,120,0.331801822038563
"sir_laplace","sinusoidal",400,120,0.326773438290505
"sir_collapsed","sinusoidal",400,120,0.330051439362699
"stan","sinusoidal",400,120,0.333682942775288
"montoril","constant",800,120,0.602106831863172
"pg_apf","constant",800,120,0.606062950591566
"sir_laplace","constant",800,120,0.600186309336938
"sir_collapsed","constant",800,120,0.596743380552196
"stan","constant",800,120,0.60478629244552
"montoril","linear",800,120,0.42287812984018
"pg_apf","linear",800,120,0.405416888781559
"sir_laplace","linear",800,120,0.405913866968414
"sir_collapsed","linear",800,120,0.404489024469255
"stan","linear",800,120,0.410255489005646
"montoril","quadratic",800,120,0.400484731409406
"pg_apf","quadratic",800,120,0.401589113795778
"sir_laplace","quadratic",800,120,0.403295738846323
"sir_collapsed","quadratic",800,120,0.402058091314455
"stan","quadratic",800,120,0.401998796927855
"montoril","sinusoidal",800,120,0.453194279541787
"pg_apf","sinusoidal",800,120,0.440757206919029
"sir_laplace","sinusoidal",800,120,0.442995457900299
"sir_collapsed","sinusoidal",800,120,0.43795996196819
"stan","sinusoidal",800,120,0.444378066529833
"montoril","constant",1600,120,0.476203655829098
"pg_apf","constant",1600,120,0.474897456739486
"sir_laplace","constant",1600,120,0.476027938420125
"sir_collapsed","constant",1600,120,0.479070863632762
"stan","constant",1600,120,0.474935941278076
"montoril","linear",1600,120,0.32384331229904
"pg_apf","linear",1600,120,0.324727595394662
"sir_laplace","linear",1600,120,0.325455027896984
"sir_collapsed","linear",1600,120,0.328832631628053
"stan","linear",1600,120,0.326377610466455
"montoril","quadratic",1600,120,0.333850964622722
"pg_apf","quadratic",1600,120,0.332901763046249
"sir_laplace","quadratic",1600,120,0.333880806633278
"sir_collapsed","quadratic",1600,120,0.338279248656043
"stan","quadratic",1600,120,0.339350378785482
"montoril","sinusoidal",1600,120,0.3757845469612
"pg_apf","sinusoidal",1600,120,0.361900222853113
"sir_laplace","sinusoidal",1600,120,0.363380819963303
"sir_collapsed","sinusoidal",1600,120,0.368435868436294
"stan","sinusoidal",1600,120,0.363762020244778
"montoril","constant",200,121,0.712347028851861
"pg_apf","constant",200,121,0.713409545788366
"sir_laplace","constant",200,121,0.710572213293115
"sir_collapsed","constant",200,121,0.709198161335804
"stan","constant",200,121,0.712221155607393
"montoril","linear",200,121,0.36150163326143
"pg_apf","linear",200,121,0.344201231661063
"sir_laplace","linear",200,121,0.353123334481523
"sir_collapsed","linear",200,121,0.354821804589135
"stan","linear",200,121,0.352760509554465
"montoril","quadratic",200,121,0.346757575165905
"pg_apf","quadratic",200,121,0.355114357991117
"sir_laplace","quadratic",200,121,0.357630490059373
"sir_collapsed","quadratic",200,121,0.35793119854933
"stan","quadratic",200,121,0.353974107845528
"montoril","sinusoidal",200,121,0.364546066445723
"pg_apf","sinusoidal",200,121,0.373427222642617
"sir_laplace","sinusoidal",200,121,0.372167931897963
"sir_collapsed","sinusoidal",200,121,0.38089689944927
"stan","sinusoidal",200,121,0.37378028623375
"montoril","constant",400,121,0.558383341515307
"pg_apf","constant",400,121,0.562218272953198
"sir_laplace","constant",400,121,0.560978748338222
"sir_collapsed","constant",400,121,0.563540024938877
"stan","constant",400,121,0.55872122321713
"montoril","linear",400,121,0.302201302172893
"pg_apf","linear",400,121,0.303801906972836
"sir_laplace","linear",400,121,0.310729611939917
"sir_collapsed","linear",400,121,0.320077990315613
"stan","linear",400,121,0.312428530383321
"montoril","quadratic",400,121,0.298786007940686
"pg_apf","quadratic",400,121,0.30483359821833
"sir_laplace","quadratic",400,121,0.306036088892066
"sir_collapsed","quadratic",400,121,0.317203118143818
"stan","quadratic",400,121,0.304063640474518
"montoril","sinusoidal",400,121,0.271873800371661
"pg_apf","sinusoidal",400,121,0.266567811103333
"sir_laplace","sinusoidal",400,121,0.266169105786459
"sir_collapsed","sinusoidal",400,121,0.275838108449959
"stan","sinusoidal",400,121,0.26227398626127
"montoril","constant",800,121,0.546174782079832
"pg_apf","constant",800,121,0.546276282557275
"sir_laplace","constant",800,121,0.547903545813242
"sir_collapsed","constant",800,121,0.55349745983839
"stan","constant",800,121,0.547262041283932
"montoril","linear",800,121,0.361722935952994
"pg_apf","linear",800,121,0.357091764919141
"sir_laplace","linear",800,121,0.360209840317112
"sir_collapsed","linear",800,121,0.368092121000236
"stan","linear",800,121,0.360229027000165
"montoril","quadratic",800,121,0.351118069176716
"pg_apf","quadratic",800,121,0.347123421713744
"sir_laplace","quadratic",800,121,0.351558580091354
"sir_collapsed","quadratic",800,121,0.354311905985375
"stan","quadratic",800,121,0.351898335633041
"montoril","sinusoidal",800,121,0.36981530818734
"pg_apf","sinusoidal",800,121,0.367237655749482
"sir_laplace","sinusoidal",800,121,0.37511757782209
"sir_collapsed","sinusoidal",800,121,0.379245556606518
"stan","sinusoidal",800,121,0.367857092882484
"montoril","constant",1600,121,0.462660688151042
"pg_apf","constant",1600,121,0.462879615528802
"sir_laplace","constant",1600,121,0.462162461052644
"sir_collapsed","constant",1600,121,0.464734911096329
"stan","constant",1600,121,0.462194015419841
"montoril","linear",1600,121,0.294326612264562
"pg_apf","linear",1600,121,0.300367389540913
"sir_laplace","linear",1600,121,0.30056350535384
"sir_collapsed","linear",1600,121,0.304930473466835
"stan","linear",1600,121,0.30225486569245
"montoril","quadratic",1600,121,0.296972250902958
"pg_apf","quadratic",1600,121,0.297058283423142
"sir_laplace","quadratic",1600,121,0.296495282815881
"sir_collapsed","quadratic",1600,121,0.303984924136115
"stan","quadratic",1600,121,0.298644890359351
"montoril","sinusoidal",1600,121,0.333672824606548
"pg_apf","sinusoidal",1600,121,0.323265813320995
"sir_laplace","sinusoidal",1600,121,0.327292633026641
"sir_collapsed","sinusoidal",1600,121,0.3285582416696
"stan","sinusoidal",1600,121,0.328144524060728
"montoril","constant",200,122,0.689441099525449
"pg_apf","constant",200,122,0.691509252075946
"sir_laplace","constant",200,122,0.687927691305681
"sir_collapsed","constant",200,122,0.691104268994901
"stan","constant",200,122,0.691159199197467
"montoril","linear",200,122,0.327849574778101
"pg_apf","linear",200,122,0.316202343092557
"sir_laplace","linear",200,122,0.318382999542178
"sir_collapsed","linear",200,122,0.319567416355412
"stan","linear",200,122,0.316632285123664
"montoril","quadratic",200,122,0.31449832099875
"pg_apf","quadratic",200,122,0.314157323015035
"sir_laplace","quadratic",200,122,0.319020906129335
"sir_collapsed","quadratic",200,122,0.320184174042964
"stan","quadratic",200,122,0.319618755567929
"montoril","sinusoidal",200,122,0.267239191999666
"pg_apf","sinusoidal",200,122,0.279761269807584
"sir_laplace","sinusoidal",200,122,0.274794857815493
"sir_collapsed","sinusoidal",200,122,0.277613215409737
"stan","sinusoidal",200,122,0.279075993602124
"montoril","constant",400,122,0.565017683065003
"pg_apf","constant",400,122,0.570037575739247
"sir_laplace","constant",400,122,0.566742786245529
"sir_collapsed","constant",400,122,0.566342260333607
"stan","constant",400,122,0.56805872123185
"montoril","linear",400,122,0.291266909273251
"pg_apf","linear",400,122,0.287622602035411
"sir_laplace","linear",400,122,0.287516347684973
"sir_collapsed","linear",400,122,0.291396238675418
"stan","linear",400,122,0.289574735379688
"montoril","quadratic",400,122,0.311510793314016
"pg_apf","quadratic",400,122,0.299398417663532
"sir_laplace","quadratic",400,122,0.299227823849837
"sir_collapsed","quadratic",400,122,0.301989853970941
"stan","quadratic",400,122,0.29811345489819
"montoril","sinusoidal",400,122,0.349669561446689
"pg_apf","sinusoidal",400,122,0.353168352097433
"sir_laplace","sinusoidal",400,122,0.355574775643451
"sir_collapsed","sinusoidal",400,122,0.358481693324796
"stan","sinusoidal",400,122,0.353366032843196
"montoril","constant",800,122,0.52033914841781
"pg_apf","constant",800,122,0.525129645159719
"sir_laplace","constant",800,122,0.523186064503821
"sir_collapsed","constant",800,122,0.523676219974209
"stan","constant",800,122,0.52253813708449
"montoril","linear",800,122,0.347198027659085
"pg_apf","linear",800,122,0.340215368498146
"sir_laplace","linear",800,122,0.344272630269901
"sir_collapsed","linear",800,122,0.351757793764562
"stan","linear",800,122,0.34617653902746
"montoril","quadratic",800,122,0.337947132263858
"pg_apf","quadratic",800,122,0.335684428097349
"sir_laplace","quadratic",800,122,0.340349453551235
"sir_collapsed","quadratic",800,122,0.345927566584979
"stan","quadratic",800,122,0.337949592244813
"montoril","sinusoidal",800,122,0.342361361146666
"pg_apf","sinusoidal",800,122,0.335454038179133
"sir_laplace","sinusoidal",800,122,0.332924465192462
"sir_collapsed","sinusoidal",800,122,0.344344625339236
"stan","sinusoidal",800,122,0.333617570495605
"montoril","constant",1600,122,0.482000017188013
"pg_apf","constant",1600,122,0.474963861791362
"sir_laplace","constant",1600,122,0.474099524082692
"sir_collapsed","constant",1600,122,0.472993552479368
"stan","constant",1600,122,0.47479689808419
"montoril","linear",1600,122,0.339657362162231
"pg_apf","linear",1600,122,0.339862363712064
"sir_laplace","linear",1600,122,0.342031367868392
"sir_collapsed","linear",1600,122,0.34238591161961
"stan","linear",1600,122,0.342260441981574
"montoril","quadratic",1600,122,0.332983074054732
"pg_apf","quadratic",1600,122,0.334097410884154
"sir_laplace","quadratic",1600,122,0.337057786023181
"sir_collapsed","quadratic",1600,122,0.338129233045815
"stan","quadratic",1600,122,0.337165872663346
"montoril","sinusoidal",1600,122,0.349314637114268
"pg_apf","sinusoidal",1600,122,0.346200320089101
"sir_laplace","sinusoidal",1600,122,0.346428119788219
"sir_collapsed","sinusoidal",1600,122,0.347387845381107
"stan","sinusoidal",1600,122,0.348505068363187
"montoril","constant",200,123,0.756484134059102
"pg_apf","constant",200,123,0.747327657577336
"sir_laplace","constant",200,123,0.752303941827636
"sir_collapsed","constant",200,123,0.746170072418976
"stan","constant",200,123,0.748893788674297
"montoril","linear",200,123,0.347158948309397
"pg_apf","linear",200,123,0.357201237796238
"sir_laplace","linear",200,123,0.349793854623435
"sir_collapsed","linear",200,123,0.35132009558545
"stan","linear",200,123,0.349380301154063
"montoril","quadratic",200,123,0.365277349610698
"pg_apf","quadratic",200,123,0.373953660431965
"sir_laplace","quadratic",200,123,0.3641064482597
"sir_collapsed","quadratic",200,123,0.36518450254253
"stan","quadratic",200,123,0.369114859336373
"montoril","sinusoidal",200,123,0.397862894808698
"pg_apf","sinusoidal",200,123,0.383225928611725
"sir_laplace","sinusoidal",200,123,0.387035724649065
"sir_collapsed","sinusoidal",200,123,0.388001210340657
"stan","sinusoidal",200,123,0.386957513655592
"montoril","constant",400,123,0.615607794325337
"pg_apf","constant",400,123,0.6165498669343
"sir_laplace","constant",400,123,0.619245636708126
"sir_collapsed","constant",400,123,0.613836935324496
"stan","constant",400,123,0.622830099128923
"montoril","linear",400,123,0.446867639011459
"pg_apf","linear",400,123,0.433435462766635
"sir_laplace","linear",400,123,0.428495823744085
"sir_collapsed","linear",400,123,0.431024487337472
"stan","linear",400,123,0.431090802111908
"montoril","quadratic",400,123,0.37948229204802
"pg_apf","quadratic",400,123,0.373363131073
"sir_laplace","quadratic",400,123,0.368497508398434
"sir_collapsed","quadratic",400,123,0.375106749391618
"stan","quadratic",400,123,0.374300509096402
"montoril","sinusoidal",400,123,0.406695848895756
"pg_apf","sinusoidal",400,123,0.404814505807149
"sir_laplace","sinusoidal",400,123,0.401289592213218
"sir_collapsed","sinusoidal",400,123,0.403161113484913
"stan","sinusoidal",400,123,0.407276396608835
"montoril","constant",800,123,0.61944456778611
"pg_apf","constant",800,123,0.628916315065066
"sir_laplace","constant",800,123,0.624355874694089
"sir_collapsed","constant",800,123,0.618598301563523
"stan","constant",800,123,0.628765707197129
"montoril","linear",800,123,0.384876510321839
"pg_apf","linear",800,123,0.375634012281781
"sir_laplace","linear",800,123,0.376579760520496
"sir_collapsed","linear",800,123,0.371701875530128
"stan","linear",800,123,0.38133580613616
"montoril","quadratic",800,123,0.374560451055636
"pg_apf","quadratic",800,123,0.380015195394407
"sir_laplace","quadratic",800,123,0.377374946277283
"sir_collapsed","quadratic",800,123,0.373602182438018
"stan","quadratic",800,123,0.380709261652766
"montoril","sinusoidal",800,123,0.42516375220657
"pg_apf","sinusoidal",800,123,0.419853158246246
"sir_laplace","sinusoidal",800,123,0.419157600812825
"sir_collapsed","sinusoidal",800,123,0.418748904276404
"stan","sinusoidal",800,123,0.419793785401957
"montoril","constant",1600,123,0.453801831956411
"pg_apf","constant",1600,123,0.454560497548079
"sir_laplace","constant",1600,123,0.452511260057431
"sir_collapsed","constant",1600,123,0.451742493751554
"stan","constant",1600,123,0.452526884559371
"montoril","linear",1600,123,0.310671651616099
"pg_apf","linear",1600,123,0.310731265475188
"sir_laplace","linear",1600,123,0.313739259829996
"sir_collapsed","linear",1600,123,0.313343572636832
"stan","linear",1600,123,0.313517271523138
"montoril","quadratic",1600,123,0.330147424303029
"pg_apf","quadratic",1600,123,0.326884979087497
"sir_laplace","quadratic",1600,123,0.326951743366714
"sir_collapsed","quadratic",1600,123,0.328857470765852
"stan","quadratic",1600,123,0.328581990982606
"montoril","sinusoidal",1600,123,0.33818987950223
"pg_apf","sinusoidal",1600,123,0.33085417830193
"sir_laplace","sinusoidal",1600,123,0.332652253330125
"sir_collapsed","sinusoidal",1600,123,0.332962398011592
"stan","sinusoidal",1600,123,0.332223606591952
"montoril","constant",200,124,0.776948733852154
"pg_apf","constant",200,124,0.778442018264345
"sir_laplace","constant",200,124,0.786502786974607
"sir_collapsed","constant",200,124,0.783994144096685
"stan","constant",200,124,0.779246938066023
"montoril","linear",200,124,0.441099197044578
"pg_apf","linear",200,124,0.431649701573825
"sir_laplace","linear",200,124,0.440328240654643
"sir_collapsed","linear",200,124,0.452039424456998
"stan","linear",200,124,0.442092246710313
"montoril","quadratic",200,124,0.485389230856003
"pg_apf","quadratic",200,124,0.476714185839988
"sir_laplace","quadratic",200,124,0.493421677417578
"sir_collapsed","quadratic",200,124,0.492730813228309
"stan","quadratic",200,124,0.484668329831921
"montoril","sinusoidal",200,124,0.476190364835182
"pg_apf","sinusoidal",200,124,0.461623057247165
"sir_laplace","sinusoidal",200,124,0.471477238875213
"sir_collapsed","sinusoidal",200,124,0.475132817844623
"stan","sinusoidal",200,124,0.465853921339878
"montoril","constant",400,124,0.584387563261039
"pg_apf","constant",400,124,0.584842441535796
"sir_laplace","constant",400,124,0.581314861121992
"sir_collapsed","constant",400,124,0.582167317482202
"stan","constant",400,124,0.58267376655322
"montoril","linear",400,124,0.328710277684218
"pg_apf","linear",400,124,0.321073920703834
"sir_laplace","linear",400,124,0.3242614893142
"sir_collapsed","linear",400,124,0.331903340137184
"stan","linear",400,124,0.323433928913603
"montoril","quadratic",400,124,0.314658888821872
"pg_apf","quadratic",400,124,0.316669565911429
"sir_laplace","quadratic",400,124,0.317245387355171
"sir_collapsed","quadratic",400,124,0.323076367627419
"stan","quadratic",400,124,0.32171153829392
"montoril","sinusoidal",400,124,0.314260430575741
"pg_apf","sinusoidal",400,124,0.31220496791473
"sir_laplace","sinusoidal",400,124,0.313164915783583
"sir_collapsed","sinusoidal",400,124,0.319891454836052
"stan","sinusoidal",400,124,0.320041483086993
"montoril","constant",800,124,0.571974294512796
"pg_apf","constant",800,124,0.565061658172343
"sir_laplace","constant",800,124,0.57094713732194
"sir_collapsed","constant",800,124,0.572707578726133
"stan","constant",800,124,0.568440952442938
"montoril","linear",800,124,0.365035593083329
"pg_apf","linear",800,124,0.356746031338131
"sir_laplace","linear",800,124,0.359121476138367
"sir_collapsed","linear",800,124,0.358693109871431
"stan","linear",800,124,0.360933670730518
"montoril","quadratic",800,124,0.374011373632195
"pg_apf","quadratic",800,124,0.357979045266823
"sir_laplace","quadratic",800,124,0.362888618680107
"sir_collapsed","quadratic",800,124,0.363796273491197
"stan","quadratic",800,124,0.365908726080644
"montoril","sinusoidal",800,124,0.369107851305397
"pg_apf","sinusoidal",800,124,0.363888962768264
"sir_laplace","sinusoidal",800,124,0.365289235664273
"sir_collapsed","sinusoidal",800,124,0.370718426944434
"stan","sinusoidal",800,124,0.364802695758604
"montoril","constant",1600,124,0.524515622449292
"pg_apf","constant",1600,124,0.522696977462011
"sir_laplace","constant",1600,124,0.521159640566257
"sir_collapsed","constant",1600,124,0.519799909011053
"stan","constant",1600,124,0.522367121548898
"montoril","linear",1600,124,0.322299686278793
"pg_apf","linear",1600,124,0.31418930822366
"sir_laplace","linear",1600,124,0.318481773850218
"sir_collapsed","linear",1600,124,0.317670779126634
"stan","linear",1600,124,0.317983955777322
"montoril","quadratic",1600,124,0.341930372842234
"pg_apf","quadratic",1600,124,0.323991759845131
"sir_laplace","quadratic",1600,124,0.327185869796741
"sir_collapsed","quadratic",1600,124,0.327800951407918
"stan","quadratic",1600,124,0.324318317367538
"montoril","sinusoidal",1600,124,0.36498910600615
"pg_apf","sinusoidal",1600,124,0.357196664399296
"sir_laplace","sinusoidal",1600,124,0.361976454519065
"sir_collapsed","sinusoidal",1600,124,0.361745602130485
"stan","sinusoidal",1600,124,0.358615421156149
"montoril","constant",200,125,0.689548784136688
"pg_apf","constant",200,125,0.687494199844699
"sir_laplace","constant",200,125,0.694693769452065
"sir_collapsed","constant",200,125,0.698431344788989
"stan","constant",200,125,0.688338863571323
"montoril","linear",200,125,0.413997516565387
"pg_apf","linear",200,125,0.397071257041151
"sir_laplace","linear",200,125,0.399554355090446
"sir_collapsed","linear",200,125,0.400902392072312
"stan","linear",200,125,0.398882605818904
"montoril","quadratic",200,125,0.388215950285167
"pg_apf","quadratic",200,125,0.395913407347723
"sir_laplace","quadratic",200,125,0.394129507105096
"sir_collapsed","quadratic",200,125,0.398352275145626
"stan","quadratic",200,125,0.39600774569933
"montoril","sinusoidal",200,125,0.357047176558304
"pg_apf","sinusoidal",200,125,0.373454628690074
"sir_laplace","sinusoidal",200,125,0.378945068136746
"sir_collapsed","sinusoidal",200,125,0.386389415233514
"stan","sinusoidal",200,125,0.376364727224091
"montoril","constant",400,125,0.729131256644255
"pg_apf","constant",400,125,0.731103754610108
"sir_laplace","constant",400,125,0.733863529781436
"sir_collapsed","constant",400,125,0.738176627454929
"stan","constant",400,125,0.727850059021485
"montoril","linear",400,125,0.448785453332529
"pg_apf","linear",400,125,0.447090173102837
"sir_laplace","linear",400,125,0.455495100730039
"sir_collapsed","linear",400,125,0.465067710865566
"stan","linear",400,125,0.45194082438302
"montoril","quadratic",400,125,0.420783907242871
"pg_apf","quadratic",400,125,0.424191410871752
"sir_laplace","quadratic",400,125,0.430175851148765
"sir_collapsed","quadratic",400,125,0.442202516890345
"stan","quadratic",400,125,0.424153790029756
"montoril","sinusoidal",400,125,0.468876718759337
"pg_apf","sinusoidal",400,125,0.473995352424172
"sir_laplace","sinusoidal",400,125,0.479408920776556
"sir_collapsed","sinusoidal",400,125,0.490047441964861
"stan","sinusoidal",400,125,0.476998884699118
"montoril","constant",800,125,0.583433782401574
"pg_apf","constant",800,125,0.589883551790523
"sir_laplace","constant",800,125,0.587547837647117
"sir_collapsed","constant",800,125,0.588508193626469
"stan","constant",800,125,0.591202231141843
"montoril","linear",800,125,0.414739796435038
"pg_apf","linear",800,125,0.40919389675714
"sir_laplace","linear",800,125,0.412404778819026
"sir_collapsed","linear",800,125,0.413627821204335
"stan","linear",800,125,0.412180033810168
"montoril","quadratic",800,125,0.41953222831109
"pg_apf","quadratic",800,125,0.428111453942896
"sir_laplace","quadratic",800,125,0.427866783586916
"sir_collapsed","quadratic",800,125,0.427376113505928
"stan","quadratic",800,125,0.429282852436647
"montoril","sinusoidal",800,125,0.455646452357919
"pg_apf","sinusoidal",800,125,0.444926144043306
"sir_laplace","sinusoidal",800,125,0.448014466409659
"sir_collapsed","sinusoidal",800,125,0.446950336644062
"stan","sinusoidal",800,125,0.449773870439842
"montoril","constant",1600,125,0.506553445870997
"pg_apf","constant",1600,125,0.513344317974793
"sir_laplace","constant",1600,125,0.513180308612305
"sir_collapsed","constant",1600,125,0.515257337321989
"stan","constant",1600,125,0.51325141709067
"montoril","linear",1600,125,0.308356564801056
"pg_apf","linear",1600,125,0.302327430793027
"sir_laplace","linear",1600,125,0.304991001179485
"sir_collapsed","linear",1600,125,0.309772616282241
"stan","linear",1600,125,0.304754567799949
"montoril","quadratic",1600,125,0.285312540330588
"pg_apf","quadratic",1600,125,0.2950929862965
"sir_laplace","quadratic",1600,125,0.296699539110772
"sir_collapsed","quadratic",1600,125,0.299800745641437
"stan","quadratic",1600,125,0.29890311405299
"montoril","sinusoidal",1600,125,0.371633285943464
"pg_apf","sinusoidal",1600,125,0.365109127761543
"sir_laplace","sinusoidal",1600,125,0.369338346975684
"sir_collapsed","sinusoidal",1600,125,0.371550441434365
"stan","sinusoidal",1600,125,0.369068066793161
"montoril","constant",200,126,0.692034052028391
"pg_apf","constant",200,126,0.688393846234059
"sir_laplace","constant",200,126,0.688291359752536
"sir_collapsed","constant",200,126,0.687404835115252
"stan","constant",200,126,0.692731574446963
"montoril","linear",200,126,0.393078193629583
"pg_apf","linear",200,126,0.387537188710156
"sir_laplace","linear",200,126,0.38091460886273
"sir_collapsed","linear",200,126,0.375459078773101
"stan","linear",200,126,0.383987724277744
"montoril","quadratic",200,126,0.410579703353589
"pg_apf","quadratic",200,126,0.404261134123916
"sir_laplace","quadratic",200,126,0.396721375041748
"sir_collapsed","quadratic",200,126,0.395955906715411
"stan","quadratic",200,126,0.40539691338206
"montoril","sinusoidal",200,126,0.283451852838984
"pg_apf","sinusoidal",200,126,0.288906272647636
"sir_laplace","sinusoidal",200,126,0.286515399202328
"sir_collapsed","sinusoidal",200,126,0.286623261656429
"stan","sinusoidal",200,126,0.289086713982857
"montoril","constant",400,126,0.671677337059015
"pg_apf","constant",400,126,0.670261830493588
"sir_laplace","constant",400,126,0.663950763715682
"sir_collapsed","constant",400,126,0.661367920723481
"stan","constant",400,126,0.671658439652765
"montoril","linear",400,126,0.497485133644075
"pg_apf","linear",400,126,0.482481214625766
"sir_laplace","linear",400,126,0.477705986101643
"sir_collapsed","linear",400,126,0.474195901718725
"stan","linear",400,126,0.484470753100341
"montoril","quadratic",400,126,0.475377270007071
"pg_apf","quadratic",400,126,0.468378002793028
"sir_laplace","quadratic",400,126,0.463571501922451
"sir_collapsed","quadratic",400,126,0.45998021308228
"stan","quadratic",400,126,0.470991709881478
"montoril","sinusoidal",400,126,0.473778076487409
"pg_apf","sinusoidal",400,126,0.479640692814756
"sir_laplace","sinusoidal",400,126,0.476553443400796
"sir_collapsed","sinusoidal",400,126,0.471505253240373
"stan","sinusoidal",400,126,0.482869770219783
"montoril","constant",800,126,0.533909185726026
"pg_apf","constant",800,126,0.536399435464629
"sir_laplace","constant",800,126,0.534363247438652
"sir_collapsed","constant",800,126,0.534459640977318
"stan","constant",800,126,0.53516999452834
"montoril","linear",800,126,0.345567297054589
"pg_apf","linear",800,126,0.346539897199534
"sir_laplace","linear",800,126,0.349239144816394
"sir_collapsed","linear",800,126,0.353926847493214
"stan","linear",800,126,0.350879218735145
"montoril","quadratic",800,126,0.347251899478536
"pg_apf","quadratic",800,126,0.340573980979085
"sir_laplace","quadratic",800,126,0.342312050038606
"sir_collapsed","quadratic",800,126,0.348211332203575
"stan","quadratic",800,126,0.346541814106386
"montoril","sinusoidal",800,126,0.364112242013406
"pg_apf","sinusoidal",800,126,0.367181956359292
"sir_laplace","sinusoidal",800,126,0.367752278890548
"sir_collapsed","sinusoidal",800,126,0.370464725471544
"stan","sinusoidal",800,126,0.371133339531724
"montoril","constant",1600,126,0.464839434625931
"pg_apf","constant",1600,126,0.464007521347696
"sir_laplace","constant",1600,126,0.46477194921857
"sir_collapsed","constant",1600,126,0.466023772132467
"stan","constant",1600,126,0.463595072098497
"montoril","linear",1600,126,0.307900626207729
"pg_apf","linear",1600,126,0.305696866883763
"sir_laplace","linear",1600,126,0.308359237035379
"sir_collapsed","linear",1600,126,0.311713345912444
"stan","linear",1600,126,0.308667160436768
"montoril","quadratic",1600,126,0.313014057714274
"pg_apf","quadratic",1600,126,0.300333264583362
"sir_laplace","quadratic",1600,126,0.304545275420646
"sir_collapsed","quadratic",1600,126,0.305936635769228
"stan","quadratic",1600,126,0.303764090654299
"montoril","sinusoidal",1600,126,0.323672885572221
"pg_apf","sinusoidal",1600,126,0.317784165535243
"sir_laplace","sinusoidal",1600,126,0.325078347512306
"sir_collapsed","sinusoidal",1600,126,0.327705391153431
"stan","sinusoidal",1600,126,0.321148227901434
"montoril","constant",200,127,0.838204650991364
"pg_apf","constant",200,127,0.843094693769922
"sir_laplace","constant",200,127,0.848424119256343
"sir_collapsed","constant",200,127,0.851286694474415
"stan","constant",200,127,0.841415688604214
"montoril","linear",200,127,0.457938027633317
"pg_apf","linear",200,127,0.439443769982095
"sir_laplace","linear",200,127,0.447246291555559
"sir_collapsed","linear",200,127,0.4531157899096
"stan","linear",200,127,0.448433446874119
"montoril","quadratic",200,127,0.512108436729676
"pg_apf","quadratic",200,127,0.505421578901203
"sir_laplace","quadratic",200,127,0.515090632101771
"sir_collapsed","quadratic",200,127,0.516477931630109
"stan","quadratic",200,127,0.512546672107376
"montoril","sinusoidal",200,127,0.554053034238247
"pg_apf","sinusoidal",200,127,0.551159888495841
"sir_laplace","sinusoidal",200,127,0.549136081958969
"sir_collapsed","sinusoidal",200,127,0.566418172809828
"stan","sinusoidal",200,127,0.553777240498031
"montoril","constant",400,127,0.70061859783128
"pg_apf","constant",400,127,0.698379938108368
"sir_laplace","constant",400,127,0.693717613844804
"sir_collapsed","constant",400,127,0.689386305260188
"stan","constant",400,127,0.698351969387678
"montoril","linear",400,127,0.374966797574223
"pg_apf","linear",400,127,0.379803999941093
"sir_laplace","linear",400,127,0.38042021951191
"sir_collapsed","linear",400,127,0.377344427488441
"stan","linear",400,127,0.380075011295805
"montoril","quadratic",400,127,0.393836062481832
"pg_apf","quadratic",400,127,0.388442990698296
"sir_laplace","quadratic",400,127,0.386921121491571
"sir_collapsed","quadratic",400,127,0.387044720000718
"stan","quadratic",400,127,0.390202394400597
"montoril","sinusoidal",400,127,0.457004555212023
"pg_apf","sinusoidal",400,127,0.455553598559093
"sir_laplace","sinusoidal",400,127,0.452543343867091
"sir_collapsed","sinusoidal",400,127,0.451856190914867
"stan","sinusoidal",400,127,0.455589290097713
"montoril","constant",800,127,0.552242657361036
"pg_apf","constant",800,127,0.55286598046807
"sir_laplace","constant",800,127,0.548933326382981
"sir_collapsed","constant",800,127,0.54426020773028
"stan","constant",800,127,0.549710294978221
"montoril","linear",800,127,0.350717585721213
"pg_apf","linear",800,127,0.338100814806215
"sir_laplace","linear",800,127,0.338493927898799
"sir_collapsed","linear",800,127,0.340800868174727
"stan","linear",800,127,0.339370894274481
"montoril","quadratic",800,127,0.334969199869137
"pg_apf","quadratic",800,127,0.339793709636257
"sir_laplace","quadratic",800,127,0.344273098668525
"sir_collapsed","quadratic",800,127,0.346658221771646
"stan","quadratic",800,127,0.341041348454063
"montoril","sinusoidal",800,127,0.357518759686511
"pg_apf","sinusoidal",800,127,0.364512819683671
"sir_laplace","sinusoidal",800,127,0.36515559174674
"sir_collapsed","sinusoidal",800,127,0.364163441951185
"stan","sinusoidal",800,127,0.363651215957673
"montoril","constant",1600,127,0.457681719307711
"pg_apf","constant",1600,127,0.457740876367839
"sir_laplace","constant",1600,127,0.456114630538558
"sir_collapsed","constant",1600,127,0.458003664656041
"stan","constant",1600,127,0.455451908216173
"montoril","linear",1600,127,0.324293095796255
"pg_apf","linear",1600,127,0.318932412203439
"sir_laplace","linear",1600,127,0.320692752216731
"sir_collapsed","linear",1600,127,0.325132359007675
"stan","linear",1600,127,0.31920744481737
"montoril","quadratic",1600,127,0.310586060063051
"pg_apf","quadratic",1600,127,0.304577302606591
"sir_laplace","quadratic",1600,127,0.30866951731835
"sir_collapsed","quadratic",1600,127,0.311244824514347
"stan","quadratic",1600,127,0.307513490750831
"montoril","sinusoidal",1600,127,0.33368122000264
"pg_apf","sinusoidal",1600,127,0.317894063949699
"sir_laplace","sinusoidal",1600,127,0.320725436247192
"sir_collapsed","sinusoidal",1600,127,0.324681810641257
"stan","sinusoidal",1600,127,0.322059729658144
"montoril","constant",200,128,0.776445958539542
"pg_apf","constant",200,128,0.774744828032722
"sir_laplace","constant",200,128,0.772091216603253
"sir_collapsed","constant",200,128,0.77039109027242
"stan","constant",200,128,0.774763449053999
"montoril","linear",200,128,0.309286663513861
"pg_apf","linear",200,128,0.302778152910571
"sir_laplace","linear",200,128,0.308349689810228
"sir_collapsed","linear",200,128,0.311802106982397
"stan","linear",200,128,0.306257577679905
"montoril","quadratic",200,128,0.355220160611631
"pg_apf","quadratic",200,128,0.353966933364853
"sir_laplace","quadratic",200,128,0.349667765099085
"sir_collapsed","quadratic",200,128,0.352938805745025
"stan","quadratic",200,128,0.351091312991123
"montoril","sinusoidal",200,128,0.292829456902093
"pg_apf","sinusoidal",200,128,0.298219097229978
"sir_laplace","sinusoidal",200,128,0.304627883930251
"sir_collapsed","sinusoidal",200,128,0.304747584296494
"stan","sinusoidal",200,128,0.297619293208122
"montoril","constant",400,128,0.661662754307064
"pg_apf","constant",400,128,0.657489534123896
"sir_laplace","constant",400,128,0.659579985792804
"sir_collapsed","constant",400,128,0.655625686668166
"stan","constant",400,128,0.658714350260529
"montoril","linear",400,128,0.37733024114265
"pg_apf","linear",400,128,0.378717521483653
"sir_laplace","linear",400,128,0.375247143106365
"sir_collapsed","linear",400,128,0.376868922181062
"stan","linear",400,128,0.37518409217394
"montoril","quadratic",400,128,0.409073635446957
"pg_apf","quadratic",400,128,0.403165043039256
"sir_laplace","quadratic",400,128,0.402598056297187
"sir_collapsed","quadratic",400,128,0.405577113559589
"stan","quadratic",400,128,0.403244640421174
"montoril","sinusoidal",400,128,0.386078205349788
"pg_apf","sinusoidal",400,128,0.398686941132363
"sir_laplace","sinusoidal",400,128,0.39938999278737
"sir_collapsed","sinusoidal",400,128,0.405914030255493
"stan","sinusoidal",400,128,0.402512579574322
"montoril","constant",800,128,0.543766196742358
"pg_apf","constant",800,128,0.546051515358929
"sir_laplace","constant",800,128,0.543098431514624
"sir_collapsed","constant",800,128,0.544630107153441
"stan","constant",800,128,0.544332187339652
"montoril","linear",800,128,0.333622916354663
"pg_apf","linear",800,128,0.329607031586396
"sir_laplace","linear",800,128,0.331137815375628
"sir_collapsed","linear",800,128,0.338283561155524
"stan","linear",800,128,0.32994590904469
"montoril","quadratic",800,128,0.339119403264154
"pg_apf","quadratic",800,128,0.326122623079407
"sir_laplace","quadratic",800,128,0.327703726055378
"sir_collapsed","quadratic",800,128,0.334317473444144
"stan","quadratic",800,128,0.326626177808511
"montoril","sinusoidal",800,128,0.352934742259951
"pg_apf","sinusoidal",800,128,0.344668580291426
"sir_laplace","sinusoidal",800,128,0.347823345184947
"sir_collapsed","sinusoidal",800,128,0.354129415110527
"stan","sinusoidal",800,128,0.347480263580389
"montoril","constant",1600,128,0.458182645724629
"pg_apf","constant",1600,128,0.451209597015005
"sir_laplace","constant",1600,128,0.452508939147054
"sir_collapsed","constant",1600,128,0.453138869694825
"stan","constant",1600,128,0.454345290935171
"montoril","linear",1600,128,0.340071372375502
"pg_apf","linear",1600,128,0.324584070182848
"sir_laplace","linear",1600,128,0.326719862510311
"sir_collapsed","linear",1600,128,0.326563865733709
"stan","linear",1600,128,0.326502495169651
"montoril","quadratic",1600,128,0.33191473310926
"pg_apf","quadratic",1600,128,0.325278946218731
"sir_laplace","quadratic",1600,128,0.326241154987047
"sir_collapsed","quadratic",1600,128,0.326622900329019
"stan","quadratic",1600,128,0.328211370212511
"montoril","sinusoidal",1600,128,0.355767138811878
"pg_apf","sinusoidal",1600,128,0.349499572359714
"sir_laplace","sinusoidal",1600,128,0.351167411685195
"sir_collapsed","sinusoidal",1600,128,0.350500305160233
"stan","sinusoidal",1600,128,0.351207433787814
"montoril","constant",200,129,0.803887458912645
"pg_apf","constant",200,129,0.797525840304454
"sir_laplace","constant",200,129,0.794295248816523
"sir_collapsed","constant",200,129,0.794519990034882
"stan","constant",200,129,0.793235016076142
"montoril","linear",200,129,0.372678519598318
"pg_apf","linear",200,129,0.373338945785568
"sir_laplace","linear",200,129,0.376134463631375
"sir_collapsed","linear",200,129,0.374458108210222
"stan","linear",200,129,0.379169275301399
"montoril","quadratic",200,129,0.410363255059228
"pg_apf","quadratic",200,129,0.400203849941895
"sir_laplace","quadratic",200,129,0.399840167174214
"sir_collapsed","quadratic",200,129,0.387760596341347
"stan","quadratic",200,129,0.398899678196781
"montoril","sinusoidal",200,129,0.362926476692614
"pg_apf","sinusoidal",200,129,0.375585379646533
"sir_laplace","sinusoidal",200,129,0.37242636312417
"sir_collapsed","sinusoidal",200,129,0.376348396817218
"stan","sinusoidal",200,129,0.379999782473653
"montoril","constant",400,129,0.579560076193105
"pg_apf","constant",400,129,0.579682649497521
"sir_laplace","constant",400,129,0.576714420958141
"sir_collapsed","constant",400,129,0.578036668174558
"stan","constant",400,129,0.576505252102951
"montoril","linear",400,129,0.357581572014963
"pg_apf","linear",400,129,0.359266067255896
"sir_laplace","linear",400,129,0.359880958914698
"sir_collapsed","linear",400,129,0.361108940986795
"stan","linear",400,129,0.363767892789671
"montoril","quadratic",400,129,0.356464505589742
"pg_apf","quadratic",400,129,0.356498222892187
"sir_laplace","quadratic",400,129,0.356753684931571
"sir_collapsed","quadratic",400,129,0.358421974719473
"stan","quadratic",400,129,0.361646078565132
"montoril","sinusoidal",400,129,0.346149572909454
"pg_apf","sinusoidal",400,129,0.340422859431308
"sir_laplace","sinusoidal",400,129,0.345262827952948
"sir_collapsed","sinusoidal",400,129,0.34828658875176
"stan","sinusoidal",400,129,0.342498929411333
"montoril","constant",800,129,0.57672696722823
"pg_apf","constant",800,129,0.578331042943571
"sir_laplace","constant",800,129,0.57634981016353
"sir_collapsed","constant",800,129,0.579030175220281
"stan","constant",800,129,0.574577513728699
"montoril","linear",800,129,0.318130236086247
"pg_apf","linear",800,129,0.317213879039599
"sir_laplace","linear",800,129,0.32007330569408
"sir_collapsed","linear",800,129,0.327023062410067
"stan","linear",800,129,0.317070008894517
"montoril","quadratic",800,129,0.363068079484524
"pg_apf","quadratic",800,129,0.348742823874434
"sir_laplace","quadratic",800,129,0.349762943987138
"sir_collapsed","quadratic",800,129,0.355572599850517
"stan","quadratic",800,129,0.355529540606169
"montoril","sinusoidal",800,129,0.361393025285951
"pg_apf","sinusoidal",800,129,0.350001005247439
"sir_laplace","sinusoidal",800,129,0.353525806325614
"sir_collapsed","sinusoidal",800,129,0.362130995563697
"stan","sinusoidal",800,129,0.356582224463182
"montoril","constant",1600,129,0.441558121446394
"pg_apf","constant",1600,129,0.445705784630504
"sir_laplace","constant",1600,129,0.444099286043309
"sir_collapsed","constant",1600,129,0.443562467626199
"stan","constant",1600,129,0.446101247317462
"montoril","linear",1600,129,0.323805184231119
"pg_apf","linear",1600,129,0.318377234720652
"sir_laplace","linear",1600,129,0.320800114618353
"sir_collapsed","linear",1600,129,0.322024097185453
"stan","linear",1600,129,0.3184232513351
"montoril","quadratic",1600,129,0.29036747263922
"pg_apf","quadratic",1600,129,0.287880513377454
"sir_laplace","quadratic",1600,129,0.294265878119033
"sir_collapsed","quadratic",1600,129,0.294486526245781
"stan","quadratic",1600,129,0.292227522181129
"montoril","sinusoidal",1600,129,0.298914089222504
"pg_apf","sinusoidal",1600,129,0.287370379119323
"sir_laplace","sinusoidal",1600,129,0.290497736901655
"sir_collapsed","sinusoidal",1600,129,0.292607106166095
"stan","sinusoidal",1600,129,0.290473695020352
"montoril","constant",200,130,0.785648087211572
"pg_apf","constant",200,130,0.775131392734445
"sir_laplace","constant",200,130,0.769398792836398
"sir_collapsed","constant",200,130,0.760293780421312
"stan","constant",200,130,0.773735467252053
"montoril","linear",200,130,0.458064164993446
"pg_apf","linear",200,130,0.433883840100391
"sir_laplace","linear",200,130,0.431791608877235
"sir_collapsed","linear",200,130,0.426200791187583
"stan","linear",200,130,0.438889214853371
"montoril","quadratic",200,130,0.42638319141353
"pg_apf","quadratic",200,130,0.422870113421141
"sir_laplace","quadratic",200,130,0.413554889414686
"sir_collapsed","quadratic",200,130,0.413226210980259
"stan","quadratic",200,130,0.42119546047133
"montoril","sinusoidal",200,130,0.408451104286941
"pg_apf","sinusoidal",200,130,0.389348253181016
"sir_laplace","sinusoidal",200,130,0.385435719444727
"sir_collapsed","sinusoidal",200,130,0.3867412896217
"stan","sinusoidal",200,130,0.392150013910873
"montoril","constant",400,130,0.678563776109532
"pg_apf","constant",400,130,0.674950112415206
"sir_laplace","constant",400,130,0.675881812049791
"sir_collapsed","constant",400,130,0.67577132471455
"stan","constant",400,130,0.675066356322463
"montoril","linear",400,130,0.381260573107972
"pg_apf","linear",400,130,0.373400817621199
"sir_laplace","linear",400,130,0.374202980767962
"sir_collapsed","linear",400,130,0.376623668174512
"stan","linear",400,130,0.376220109120762
"montoril","quadratic",400,130,0.3300938294869
"pg_apf","quadratic",400,130,0.334210931883632
"sir_laplace","quadratic",400,130,0.333529022159814
"sir_collapsed","quadratic",400,130,0.333599636374506
"stan","quadratic",400,130,0.334819994441225
"montoril","sinusoidal",400,130,0.367413154057059
"pg_apf","sinusoidal",400,130,0.364042535915619
"sir_laplace","sinusoidal",400,130,0.370052071878809
"sir_collapsed","sinusoidal",400,130,0.371827332026399
"stan","sinusoidal",400,130,0.363961262306676
"montoril","constant",800,130,0.531159803482471
"pg_apf","constant",800,130,0.534576540757553
"sir_laplace","constant",800,130,0.529308554049378
"sir_collapsed","constant",800,130,0.524601892099299
"stan","constant",800,130,0.530730852802716
"montoril","linear",800,130,0.287269221437855
"pg_apf","linear",800,130,0.285287403635985
"sir_laplace","linear",800,130,0.284053173322246
"sir_collapsed","linear",800,130,0.282268860641003
"stan","linear",800,130,0.287561833490699
"montoril","quadratic",800,130,0.256283379656853
"pg_apf","quadratic",800,130,0.25393257544066
"sir_laplace","quadratic",800,130,0.249361802549942
"sir_collapsed","quadratic",800,130,0.246920314836267
"stan","quadratic",800,130,0.254098898708152
"montoril","sinusoidal",800,130,0.278561255778657
"pg_apf","sinusoidal",800,130,0.272833009796839
"sir_laplace","sinusoidal",800,130,0.271843969365895
"sir_collapsed","sinusoidal",800,130,0.271647699942492
"stan","sinusoidal",800,130,0.277322846269716
"montoril","constant",1600,130,0.458506459692224
"pg_apf","constant",1600,130,0.459502656401653
"sir_laplace","constant",1600,130,0.459379104254214
"sir_collapsed","constant",1600,130,0.458970351374649
"stan","constant",1600,130,0.4599985939329
"montoril","linear",1600,130,0.329638340015432
"pg_apf","linear",1600,130,0.324369054165973
"sir_laplace","linear",1600,130,0.325572230423624
"sir_collapsed","linear",1600,130,0.324695240087226
"stan","linear",1600,130,0.326572159423197
"montoril","quadratic",1600,130,0.334317631300973
"pg_apf","quadratic",1600,130,0.332456833281192
"sir_laplace","quadratic",1600,130,0.334811577646735
"sir_collapsed","quadratic",1600,130,0.333410565729981
"stan","quadratic",1600,130,0.337436429775549
"montoril","sinusoidal",1600,130,0.347125262760127
"pg_apf","sinusoidal",1600,130,0.335394240519692
"sir_laplace","sinusoidal",1600,130,0.336486891545341
"sir_collapsed","sinusoidal",1600,130,0.336287838082579
"stan","sinusoidal",1600,130,0.337967859993088
"montoril","constant",200,131,0.838591943096275
"pg_apf","constant",200,131,0.842607735220013
"sir_laplace","constant",200,131,0.843288974331928
"sir_collapsed","constant",200,131,0.845611626896174
"stan","constant",200,131,0.844424689331316
"montoril","linear",200,131,0.41176812213551
"pg_apf","linear",200,131,0.404154971835838
"sir_laplace","linear",200,131,0.409149103407985
"sir_collapsed","linear",200,131,0.412418953210915
"stan","linear",200,131,0.409425082991399
"montoril","quadratic",200,131,0.423233038020884
"pg_apf","quadratic",200,131,0.420866065414216
"sir_laplace","quadratic",200,131,0.426283843462138
"sir_collapsed","quadratic",200,131,0.421831259634941
"stan","quadratic",200,131,0.424822739782821
"montoril","sinusoidal",200,131,0.380514124097334
"pg_apf","sinusoidal",200,131,0.399193511497026
"sir_laplace","sinusoidal",200,131,0.396700562697125
"sir_collapsed","sinusoidal",200,131,0.404297778343062
"stan","sinusoidal",200,131,0.3922314165943
"montoril","constant",400,131,0.688557277110059
"pg_apf","constant",400,131,0.69010845418374
"sir_laplace","constant",400,131,0.687989718828788
"sir_collapsed","constant",400,131,0.686673002512007
"stan","constant",400,131,0.688028266395824
"montoril","linear",400,131,0.435791667536689
"pg_apf","linear",400,131,0.439734536339547
"sir_laplace","linear",400,131,0.443246602481214
"sir_collapsed","linear",400,131,0.447350979891141
"stan","linear",400,131,0.441895504035822
"montoril","quadratic",400,131,0.40747876304404
"pg_apf","quadratic",400,131,0.409177158062553
"sir_laplace","quadratic",400,131,0.407756881600328
"sir_collapsed","quadratic",400,131,0.415841287269911
"stan","quadratic",400,131,0.414813539242249
"montoril","sinusoidal",400,131,0.415081892144456
"pg_apf","sinusoidal",400,131,0.417134804727574
"sir_laplace","sinusoidal",400,131,0.4208534363481
"sir_collapsed","sinusoidal",400,131,0.425742802068114
"stan","sinusoidal",400,131,0.419334337543828
"montoril","constant",800,131,0.55012138304333
"pg_apf","constant",800,131,0.548416586519326
"sir_laplace","constant",800,131,0.543673446886966
"sir_collapsed","constant",800,131,0.541374656113924
"stan","constant",800,131,0.547654873578849
"montoril","linear",800,131,0.3560997618398
"pg_apf","linear",800,131,0.359519827034406
"sir_laplace","linear",800,131,0.357255801267143
"sir_collapsed","linear",800,131,0.356609545254891
"stan","linear",800,131,0.358357239447268
"montoril","quadratic",800,131,0.368765770585472
"pg_apf","quadratic",800,131,0.349696024055383
"sir_laplace","quadratic",800,131,0.348599973253667
"sir_collapsed","quadratic",800,131,0.347898543720895
"stan","quadratic",800,131,0.352781192249546
"montoril","sinusoidal",800,131,0.399158673307891
"pg_apf","sinusoidal",800,131,0.385118810845188
"sir_laplace","sinusoidal",800,131,0.382770160270829
"sir_collapsed","sinusoidal",800,131,0.381895670530076
"stan","sinusoidal",800,131,0.387404229718975
"montoril","constant",1600,131,0.446218679882011
"pg_apf","constant",1600,131,0.445291178260974
"sir_laplace","constant",1600,131,0.442955432289588
"sir_collapsed","constant",1600,131,0.44275256693457
"stan","constant",1600,131,0.443980107082787
"montoril","linear",1600,131,0.330417796330891
"pg_apf","linear",1600,131,0.329578262550773
"sir_laplace","linear",1600,131,0.32944910563991
"sir_collapsed","linear",1600,131,0.334847377962314
"stan","linear",1600,131,0.330631527475788
"montoril","quadratic",1600,131,0.331319997083849
"pg_apf","quadratic",1600,131,0.332911672233088
"sir_laplace","quadratic",1600,131,0.334344494221147
"sir_collapsed","quadratic",1600,131,0.336710745278349
"stan","quadratic",1600,131,0.332529921969593
"montoril","sinusoidal",1600,131,0.357999730548429
"pg_apf","sinusoidal",1600,131,0.353842701563897
"sir_laplace","sinusoidal",1600,131,0.355626488178523
"sir_collapsed","sinusoidal",1600,131,0.357694461598518
"stan","sinusoidal",1600,131,0.355765323300367
"montoril","constant",200,132,0.860014203302709
"pg_apf","constant",200,132,0.848567239694269
"sir_laplace","constant",200,132,0.845702439628966
"sir_collapsed","constant",200,132,0.830936901507339
"stan","constant",200,132,0.846895300182279
"montoril","linear",200,132,0.423375005907986
"pg_apf","linear",200,132,0.421882341801648
"sir_laplace","linear",200,132,0.414587149327847
"sir_collapsed","linear",200,132,0.411063940454479
"stan","linear",200,132,0.418727127068296
"montoril","quadratic",200,132,0.348456655638184
"pg_apf","quadratic",200,132,0.350553270498335
"sir_laplace","quadratic",200,132,0.345762848625585
"sir_collapsed","quadratic",200,132,0.341183331141972
"stan","quadratic",200,132,0.349495859210536
"montoril","sinusoidal",200,132,0.319900851656528
"pg_apf","sinusoidal",200,132,0.326009400664164
"sir_laplace","sinusoidal",200,132,0.327245560643054
"sir_collapsed","sinusoidal",200,132,0.325451099548259
"stan","sinusoidal",200,132,0.320673668645905
"montoril","constant",400,132,0.599055718608545
"pg_apf","constant",400,132,0.604750246257754
"sir_laplace","constant",400,132,0.599230024987567
"sir_collapsed","constant",400,132,0.596041817386925
"stan","constant",400,132,0.601385615006309
"montoril","linear",400,132,0.319139777585105
"pg_apf","linear",400,132,0.306807304158378
"sir_laplace","linear",400,132,0.305752753337862
"sir_collapsed","linear",400,132,0.304930977856644
"stan","linear",400,132,0.308099983348976
"montoril","quadratic",400,132,0.301462186573242
"pg_apf","quadratic",400,132,0.295339939409243
"sir_laplace","quadratic",400,132,0.298294302104956
"sir_collapsed","quadratic",400,132,0.296395122621113
"stan","quadratic",400,132,0.302675195117112
"montoril","sinusoidal",400,132,0.324486512839055
"pg_apf","sinusoidal",400,132,0.321824340602924
"sir_laplace","sinusoidal",400,132,0.320382857795239
"sir_collapsed","sinusoidal",400,132,0.318796645586287
"stan","sinusoidal",400,132,0.325088051246053
"montoril","constant",800,132,0.607445816516706
"pg_apf","constant",800,132,0.608943099420459
"sir_laplace","constant",800,132,0.611312547480317
"sir_collapsed","constant",800,132,0.613295015565834
"stan","constant",800,132,0.609041749219735
"montoril","linear",800,132,0.414895163447504
"pg_apf","linear",800,132,0.414966841765484
"sir_laplace","linear",800,132,0.413757617391314
"sir_collapsed","linear",800,132,0.418581437489558
"stan","linear",800,132,0.419041883341715
"montoril","quadratic",800,132,0.420011903161699
"pg_apf","quadratic",800,132,0.407695610165872
"sir_laplace","quadratic",800,132,0.408927675161003
"sir_collapsed","quadratic",800,132,0.409300072730384
"stan","quadratic",800,132,0.409316216685713
"montoril","sinusoidal",800,132,0.43306997007526
"pg_apf","sinusoidal",800,132,0.418912306589664
"sir_laplace","sinusoidal",800,132,0.419243882822598
"sir_collapsed","sinusoidal",800,132,0.421819773834441
"stan","sinusoidal",800,132,0.418876739305262
"montoril","constant",1600,132,0.423418383405642
"pg_apf","constant",1600,132,0.421128117775058
"sir_laplace","constant",1600,132,0.421071258867637
"sir_collapsed","constant",1600,132,0.423347383037397
"stan","constant",1600,132,0.419798949169398
"montoril","linear",1600,132,0.273693093881907
"pg_apf","linear",1600,132,0.272479642807444
"sir_laplace","linear",1600,132,0.276632354446277
"sir_collapsed","linear",1600,132,0.280040537808909
"stan","linear",1600,132,0.276309894121584
"montoril","quadratic",1600,132,0.29746358529696
"pg_apf","quadratic",1600,132,0.286173657016912
"sir_laplace","quadratic",1600,132,0.290630785060429
"sir_collapsed","quadratic",1600,132,0.291149429140758
"stan","quadratic",1600,132,0.288055127788782
"montoril","sinusoidal",1600,132,0.29432459164855
"pg_apf","sinusoidal",1600,132,0.284804464188856
"sir_laplace","sinusoidal",1600,132,0.294647069275125
"sir_collapsed","sinusoidal",1600,132,0.296802783324413
"stan","sinusoidal",1600,132,0.290570445174044
"montoril","constant",200,133,0.714947747325103
"pg_apf","constant",200,133,0.718736739770945
"sir_laplace","constant",200,133,0.727947147476612
"sir_collapsed","constant",200,133,0.731826950850215
"stan","constant",200,133,0.717606467079355
"montoril","linear",200,133,0.478405721408266
"pg_apf","linear",200,133,0.491985483164165
"sir_laplace","linear",200,133,0.499380262869953
"sir_collapsed","linear",200,133,0.507641417765049
"stan","linear",200,133,0.493741476462544
"montoril","quadratic",200,133,0.483980057818302
"pg_apf","quadratic",200,133,0.48300362846363
"sir_laplace","quadratic",200,133,0.487442720506115
"sir_collapsed","quadratic",200,133,0.499637119156655
"stan","quadratic",200,133,0.482354818586138
"montoril","sinusoidal",200,133,0.485529424747535
"pg_apf","sinusoidal",200,133,0.474347033718616
"sir_laplace","sinusoidal",200,133,0.477566129456456
"sir_collapsed","sinusoidal",200,133,0.489109082248455
"stan","sinusoidal",200,133,0.471877999060603
"montoril","constant",400,133,0.584734867096898
"pg_apf","constant",400,133,0.596030393321837
"sir_laplace","constant",400,133,0.592251995963335
"sir_collapsed","constant",400,133,0.59154321563091
"stan","constant",400,133,0.591630548327877
"montoril","linear",400,133,0.240298967543547
"pg_apf","linear",400,133,0.242712382537457
"sir_laplace","linear",400,133,0.244684092338453
"sir_collapsed","linear",400,133,0.250657683765302
"stan","linear",400,133,0.24206229620381
"montoril","quadratic",400,133,0.225179225798838
"pg_apf","quadratic",400,133,0.21167848763606
"sir_laplace","quadratic",400,133,0.215287570129517
"sir_collapsed","quadratic",400,133,0.217458164718176
"stan","quadratic",400,133,0.213237169104502
"montoril","sinusoidal",400,133,0.252740889519427
"pg_apf","sinusoidal",400,133,0.240210519565229
"sir_laplace","sinusoidal",400,133,0.249273469487488
"sir_collapsed","sinusoidal",400,133,0.246940659391072
"stan","sinusoidal",400,133,0.241640363173119
"montoril","constant",800,133,0.523833376178415
"pg_apf","constant",800,133,0.524775759493764
"sir_laplace","constant",800,133,0.526866782344491
"sir_collapsed","constant",800,133,0.531493877494474
"stan","constant",800,133,0.522085536519027
"montoril","linear",800,133,0.347101818312562
"pg_apf","linear",800,133,0.334776557996936
"sir_laplace","linear",800,133,0.340779976092024
"sir_collapsed","linear",800,133,0.347747979106585
"stan","linear",800,133,0.33789746901203
"montoril","quadratic",800,133,0.325799092692568
"pg_apf","quadratic",800,133,0.320074927018399
"sir_laplace","quadratic",800,133,0.32411663210298
"sir_collapsed","quadratic",800,133,0.330399656542542
"stan","quadratic",800,133,0.326884387558083
"montoril","sinusoidal",800,133,0.345727683636276
"pg_apf","sinusoidal",800,133,0.354450498581283
"sir_laplace","sinusoidal",800,133,0.360661193661462
"sir_collapsed","sinusoidal",800,133,0.366227648109126
"stan","sinusoidal",800,133,0.357687810262904
"montoril","constant",1600,133,0.409903016516767
"pg_apf","constant",1600,133,0.411536948201926
"sir_laplace","constant",1600,133,0.41188171946427
"sir_collapsed","constant",1600,133,0.411020615957082
"stan","constant",1600,133,0.412742993521004
"montoril","linear",1600,133,0.241393648709205
"pg_apf","linear",1600,133,0.226374153177071
"sir_laplace","linear",1600,133,0.231174491662423
"sir_collapsed","linear",1600,133,0.231517419709156
"stan","linear",1600,133,0.229239483352898
"montoril","quadratic",1600,133,0.230147546606435
"pg_apf","quadratic",1600,133,0.229414801450203
"sir_laplace","quadratic",1600,133,0.232206207769948
"sir_collapsed","quadratic",1600,133,0.232714425778947
"stan","quadratic",1600,133,0.230799514385615
"montoril","sinusoidal",1600,133,0.262316006467327
"pg_apf","sinusoidal",1600,133,0.249713554035991
"sir_laplace","sinusoidal",1600,133,0.251088069761799
"sir_collapsed","sinusoidal",1600,133,0.2534658550499
"stan","sinusoidal",1600,133,0.251559242677168
"montoril","constant",200,134,0.784606574891834
"pg_apf","constant",200,134,0.783962342035298
"sir_laplace","constant",200,134,0.783269269321183
"sir_collapsed","constant",200,134,0.78345344497653
"stan","constant",200,134,0.782340745174284
"montoril","linear",200,134,0.368523928628648
"pg_apf","linear",200,134,0.367375104001544
"sir_laplace","linear",200,134,0.36398355537289
"sir_collapsed","linear",200,134,0.363018621699231
"stan","linear",200,134,0.36878789367489
"montoril","quadratic",200,134,0.332787476503163
"pg_apf","quadratic",200,134,0.338771326541442
"sir_laplace","quadratic",200,134,0.335739834137161
"sir_collapsed","quadratic",200,134,0.33200602825836
"stan","quadratic",200,134,0.337591378183663
"montoril","sinusoidal",200,134,0.2921810162134
"pg_apf","sinusoidal",200,134,0.283083768572465
"sir_laplace","sinusoidal",200,134,0.282285170967963
"sir_collapsed","sinusoidal",200,134,0.280097223770238
"stan","sinusoidal",200,134,0.28209873038857
"montoril","constant",400,134,0.602464015708634
"pg_apf","constant",400,134,0.595406771544491
"sir_laplace","constant",400,134,0.591930986449447
"sir_collapsed","constant",400,134,0.591952402872614
"stan","constant",400,134,0.594582379313502
"montoril","linear",400,134,0.329573239035302
"pg_apf","linear",400,134,0.327488459602283
"sir_laplace","linear",400,134,0.327056017008409
"sir_collapsed","linear",400,134,0.331575657054728
"stan","linear",400,134,0.326606355731875
"montoril","quadratic",400,134,0.36998380246418
"pg_apf","quadratic",400,134,0.366692178491881
"sir_laplace","quadratic",400,134,0.368002010909845
"sir_collapsed","quadratic",400,134,0.374687767781369
"stan","quadratic",400,134,0.369196297394308
"montoril","sinusoidal",400,134,0.378947496715037
"pg_apf","sinusoidal",400,134,0.376336612953384
"sir_laplace","sinusoidal",400,134,0.380702983923201
"sir_collapsed","sinusoidal",400,134,0.381590943924474
"stan","sinusoidal",400,134,0.380235705548616
"montoril","constant",800,134,0.528861630994826
"pg_apf","constant",800,134,0.530533589347926
"sir_laplace","constant",800,134,0.531910823759072
"sir_collapsed","constant",800,134,0.533154219018511
"stan","constant",800,134,0.532048374482824
"montoril","linear",800,134,0.289591390357236
"pg_apf","linear",800,134,0.286032416768539
"sir_laplace","linear",800,134,0.284374752978457
"sir_collapsed","linear",800,134,0.292691052143041
"stan","linear",800,134,0.286639204282744
"montoril","quadratic",800,134,0.29962430317668
"pg_apf","quadratic",800,134,0.285830624131465
"sir_laplace","quadratic",800,134,0.286387150012716
"sir_collapsed","quadratic",800,134,0.291872043061669
"stan","quadratic",800,134,0.288748018612347
"montoril","sinusoidal",800,134,0.320981787409181
"pg_apf","sinusoidal",800,134,0.311444112763615
"sir_laplace","sinusoidal",800,134,0.314217833875826
"sir_collapsed","sinusoidal",800,134,0.31680855514015
"stan","sinusoidal",800,134,0.314046287426137
"montoril","constant",1600,134,0.41311895671188
"pg_apf","constant",1600,134,0.412333829634693
"sir_laplace","constant",1600,134,0.414005246542107
"sir_collapsed","constant",1600,134,0.412753314143346
"stan","constant",1600,134,0.416537804600743
"montoril","linear",1600,134,0.276347345245212
"pg_apf","linear",1600,134,0.275346645441938
"sir_laplace","linear",1600,134,0.27508135581404
"sir_collapsed","linear",1600,134,0.278220672365207
"stan","linear",1600,134,0.279299767459959
"montoril","quadratic",1600,134,0.259503042543249
"pg_apf","quadratic",1600,134,0.260023438956935
"sir_laplace","quadratic",1600,134,0.262436129967332
"sir_collapsed","quadratic",1600,134,0.263109807491963
"stan","quadratic",1600,134,0.262167378331907
"montoril","sinusoidal",1600,134,0.29239730168612
"pg_apf","sinusoidal",1600,134,0.290358209888135
"sir_laplace","sinusoidal",1600,134,0.294115666050561
"sir_collapsed","sinusoidal",1600,134,0.295123140185976
"stan","sinusoidal",1600,134,0.29705059072406
"montoril","constant",200,135,0.763168604110304
"pg_apf","constant",200,135,0.77060212529911
"sir_laplace","constant",200,135,0.769320457969199
"sir_collapsed","constant",200,135,0.769753780370261
"stan","constant",200,135,0.768082250616634
"montoril","linear",200,135,0.427921437042036
"pg_apf","linear",200,135,0.406610032218975
"sir_laplace","linear",200,135,0.408230682778288
"sir_collapsed","linear",200,135,0.407489307881882
"stan","linear",200,135,0.407123863251305
"montoril","quadratic",200,135,0.34788281517971
"pg_apf","quadratic",200,135,0.344160592607882
"sir_laplace","quadratic",200,135,0.348133660069653
"sir_collapsed","quadratic",200,135,0.346478729922999
"stan","quadratic",200,135,0.348597977787681
"montoril","sinusoidal",200,135,0.375322637157385
"pg_apf","sinusoidal",200,135,0.36440393764077
"sir_laplace","sinusoidal",200,135,0.368910166020984
"sir_collapsed","sinusoidal",200,135,0.3675503429109
"stan","sinusoidal",200,135,0.362636274335127
"montoril","constant",400,135,0.624057278485805
"pg_apf","constant",400,135,0.623294066997917
"sir_laplace","constant",400,135,0.615000015146064
"sir_collapsed","constant",400,135,0.614573962086645
"stan","constant",400,135,0.615699442832084
"montoril","linear",400,135,0.336691973811266
"pg_apf","linear",400,135,0.343582843370086
"sir_laplace","linear",400,135,0.345495027997084
"sir_collapsed","linear",400,135,0.34809682750221
"stan","linear",400,135,0.340974251484829
"montoril","quadratic",400,135,0.377284781438887
"pg_apf","quadratic",400,135,0.388942967243842
"sir_laplace","quadratic",400,135,0.389846044518963
"sir_collapsed","quadratic",400,135,0.38808807511605
"stan","quadratic",400,135,0.387944598257938
"montoril","sinusoidal",400,135,0.373482169153583
"pg_apf","sinusoidal",400,135,0.368938305345552
"sir_laplace","sinusoidal",400,135,0.370148916674197
"sir_collapsed","sinusoidal",400,135,0.369213742350816
"stan","sinusoidal",400,135,0.368678414814216
"montoril","constant",800,135,0.504318695707496
"pg_apf","constant",800,135,0.506352261966874
"sir_laplace","constant",800,135,0.504465122631608
"sir_collapsed","constant",800,135,0.505160159617619
"stan","constant",800,135,0.505156783390489
"montoril","linear",800,135,0.29526995413743
"pg_apf","linear",800,135,0.291715178635484
"sir_laplace","linear",800,135,0.294731535961727
"sir_collapsed","linear",800,135,0.299146323852241
"stan","linear",800,135,0.292402320617101
"montoril","quadratic",800,135,0.303865773527776
"pg_apf","quadratic",800,135,0.304407442493813
"sir_laplace","quadratic",800,135,0.30646498763053
"sir_collapsed","quadratic",800,135,0.3119305573223
"stan","quadratic",800,135,0.304285119587979
"montoril","sinusoidal",800,135,0.35427730618473
"pg_apf","sinusoidal",800,135,0.338194985417454
"sir_laplace","sinusoidal",800,135,0.341978047700284
"sir_collapsed","sinusoidal",800,135,0.344137420657455
"stan","sinusoidal",800,135,0.34001202235187
"montoril","constant",1600,135,0.467939654154819
"pg_apf","constant",1600,135,0.462483154597413
"sir_laplace","constant",1600,135,0.461741814007808
"sir_collapsed","constant",1600,135,0.46212668929525
"stan","constant",1600,135,0.461053825909016
"montoril","linear",1600,135,0.306041603963458
"pg_apf","linear",1600,135,0.299078697088832
"sir_laplace","linear",1600,135,0.301927660300077
"sir_collapsed","linear",1600,135,0.305181407890177
"stan","linear",1600,135,0.300326293322898
"montoril","quadratic",1600,135,0.306938896412669
"pg_apf","quadratic",1600,135,0.31154136373904
"sir_laplace","quadratic",1600,135,0.313146384590812
"sir_collapsed","quadratic",1600,135,0.315436309932122
"stan","quadratic",1600,135,0.311445313040206
"montoril","sinusoidal",1600,135,0.325400087358383
"pg_apf","sinusoidal",1600,135,0.316093783040202
"sir_laplace","sinusoidal",1600,135,0.317974912236347
"sir_collapsed","sinusoidal",1600,135,0.324761622225882
"stan","sinusoidal",1600,135,0.317132916966356
"montoril","constant",200,136,0.710575628487953
"pg_apf","constant",200,136,0.713357946387406
"sir_laplace","constant",200,136,0.707156485503101
"sir_collapsed","constant",200,136,0.716281500707149
"stan","constant",200,136,0.705830353711513
"montoril","linear",200,136,0.333739256300111
"pg_apf","linear",200,136,0.338070462169455
"sir_laplace","linear",200,136,0.336994753534352
"sir_collapsed","linear",200,136,0.354894010439542
"stan","linear",200,136,0.340732733303148
"montoril","quadratic",200,136,0.344792648550906
"pg_apf","quadratic",200,136,0.34270905704806
"sir_laplace","quadratic",200,136,0.350962944470356
"sir_collapsed","quadratic",200,136,0.361713093479433
"stan","quadratic",200,136,0.34570499101781
"montoril","sinusoidal",200,136,0.340855847618346
"pg_apf","sinusoidal",200,136,0.35009747463142
"sir_laplace","sinusoidal",200,136,0.354474042831956
"sir_collapsed","sinusoidal",200,136,0.360388294098273
"stan","sinusoidal",200,136,0.358936213391238
"montoril","constant",400,136,0.553373119101167
"pg_apf","constant",400,136,0.55685368031031
"sir_laplace","constant",400,136,0.549640650541364
"sir_collapsed","constant",400,136,0.551673473839371
"stan","constant",400,136,0.555822016839312
"montoril","linear",400,136,0.32783785238787
"pg_apf","linear",400,136,0.337750259917639
"sir_laplace","linear",400,136,0.340174608911693
"sir_collapsed","linear",400,136,0.341925307012711
"stan","linear",400,136,0.341024788376937
"montoril","quadratic",400,136,0.369668601618595
"pg_apf","quadratic",400,136,0.372470385681033
"sir_laplace","quadratic",400,136,0.368893955744442
"sir_collapsed","quadratic",400,136,0.377442546457741
"stan","quadratic",400,136,0.372487452539476
"montoril","sinusoidal",400,136,0.332244439559553
"pg_apf","sinusoidal",400,136,0.325749536411682
"sir_laplace","sinusoidal",400,136,0.323249967773855
"sir_collapsed","sinusoidal",400,136,0.331151249930654
"stan","sinusoidal",400,136,0.324630466005225
"montoril","constant",800,136,0.536800169437988
"pg_apf","constant",800,136,0.540258094600278
"sir_laplace","constant",800,136,0.542282503297512
"sir_collapsed","constant",800,136,0.544806294561244
"stan","constant",800,136,0.541733863534172
"montoril","linear",800,136,0.344574841829846
"pg_apf","linear",800,136,0.349170319009115
"sir_laplace","linear",800,136,0.351984958531892
"sir_collapsed","linear",800,136,0.352806756154573
"stan","linear",800,136,0.35141983684307
"montoril","quadratic",800,136,0.334061126793736
"pg_apf","quadratic",800,136,0.329440726631916
"sir_laplace","quadratic",800,136,0.331624218512107
"sir_collapsed","quadratic",800,136,0.331605566482343
"stan","quadratic",800,136,0.33243298828482
"montoril","sinusoidal",800,136,0.367118609951727
"pg_apf","sinusoidal",800,136,0.357627923026832
"sir_laplace","sinusoidal",800,136,0.361409909693128
"sir_collapsed","sinusoidal",800,136,0.362488206326045
"stan","sinusoidal",800,136,0.362447531482797
"montoril","constant",1600,136,0.508634333906304
"pg_apf","constant",1600,136,0.503875120720003
"sir_laplace","constant",1600,136,0.50141961505431
"sir_collapsed","constant",1600,136,0.501137550705186
"stan","constant",1600,136,0.501951979527807
"montoril","linear",1600,136,0.34746332286732
"pg_apf","linear",1600,136,0.35063492562683
"sir_laplace","linear",1600,136,0.354033264291597
"sir_collapsed","linear",1600,136,0.355285956106137
"stan","linear",1600,136,0.352964920744499
"montoril","quadratic",1600,136,0.339450394587634
"pg_apf","quadratic",1600,136,0.328837444120535
"sir_laplace","quadratic",1600,136,0.329939402740454
"sir_collapsed","quadratic",1600,136,0.332705197586209
"stan","quadratic",1600,136,0.329014143840286
"montoril","sinusoidal",1600,136,0.352018938129219
"pg_apf","sinusoidal",1600,136,0.348522116070845
"sir_laplace","sinusoidal",1600,136,0.348077730027212
"sir_collapsed","sinusoidal",1600,136,0.35282017317326
"stan","sinusoidal",1600,136,0.348976927703585
"montoril","constant",200,137,0.813077523572254
"pg_apf","constant",200,137,0.80969691258765
"sir_laplace","constant",200,137,0.817016938683874
"sir_collapsed","constant",200,137,0.826982005611995
"stan","constant",200,137,0.81313736164843
"montoril","linear",200,137,0.558956392396939
"pg_apf","linear",200,137,0.557312688677854
"sir_laplace","linear",200,137,0.560577342864374
"sir_collapsed","linear",200,137,0.567582055913652
"stan","linear",200,137,0.556332375598128
"montoril","quadratic",200,137,0.544823054242149
"pg_apf","quadratic",200,137,0.558264684696043
"sir_laplace","quadratic",200,137,0.557882396811432
"sir_collapsed","quadratic",200,137,0.566775590515997
"stan","quadratic",200,137,0.55556123519216
"montoril","sinusoidal",200,137,0.565563741291188
"pg_apf","sinusoidal",200,137,0.576115636032577
"sir_laplace","sinusoidal",200,137,0.582672687008499
"sir_collapsed","sinusoidal",200,137,0.594055423691723
"stan","sinusoidal",200,137,0.580466483613673
"montoril","constant",400,137,0.698255900900002
"pg_apf","constant",400,137,0.69750092714304
"sir_laplace","constant",400,137,0.697535971472275
"sir_collapsed","constant",400,137,0.698979551130094
"stan","constant",400,137,0.698800634040252
"montoril","linear",400,137,0.480458493725347
"pg_apf","linear",400,137,0.47326241458623
"sir_laplace","linear",400,137,0.478737817645021
"sir_collapsed","linear",400,137,0.488528961924548
"stan","linear",400,137,0.477267656065488
"montoril","quadratic",400,137,0.503723230820702
"pg_apf","quadratic",400,137,0.495586046517448
"sir_laplace","quadratic",400,137,0.500543138754063
"sir_collapsed","quadratic",400,137,0.514208196384021
"stan","quadratic",400,137,0.502766273367371
"montoril","sinusoidal",400,137,0.48635409274834
"pg_apf","sinusoidal",400,137,0.478346711213691
"sir_laplace","sinusoidal",400,137,0.487690480846372
"sir_collapsed","sinusoidal",400,137,0.500926066496423
"stan","sinusoidal",400,137,0.485131525613311
"montoril","constant",800,137,0.50775048162118
"pg_apf","constant",800,137,0.505869194428974
"sir_laplace","constant",800,137,0.502164010304641
"sir_collapsed","constant",800,137,0.498277380850545
"stan","constant",800,137,0.504933286509164
"montoril","linear",800,137,0.236756059760757
"pg_apf","linear",800,137,0.233996536879925
"sir_laplace","linear",800,137,0.23547978446004
"sir_collapsed","linear",800,137,0.234648747569746
"stan","linear",800,137,0.236963719573176
"montoril","quadratic",800,137,0.233262559161423
"pg_apf","quadratic",800,137,0.235667379547772
"sir_laplace","quadratic",800,137,0.237891880800966
"sir_collapsed","quadratic",800,137,0.236553621099717
"stan","quadratic",800,137,0.237198379641711
"montoril","sinusoidal",800,137,0.254652628713913
"pg_apf","sinusoidal",800,137,0.258448693573102
"sir_laplace","sinusoidal",800,137,0.261324357765315
"sir_collapsed","sinusoidal",800,137,0.257734070025297
"stan","sinusoidal",800,137,0.260969000951326
"montoril","constant",1600,137,0.456568588011688
"pg_apf","constant",1600,137,0.456408018033548
"sir_laplace","constant",1600,137,0.456150154845009
"sir_collapsed","constant",1600,137,0.454591655375089
"stan","constant",1600,137,0.457825821301555
"montoril","linear",1600,137,0.296870092452247
"pg_apf","linear",1600,137,0.29672027915453
"sir_laplace","linear",1600,137,0.296676958602571
"sir_collapsed","linear",1600,137,0.297757817189658
"stan","linear",1600,137,0.29842445216829
"montoril","quadratic",1600,137,0.258790389003497
"pg_apf","quadratic",1600,137,0.261841632365957
"sir_laplace","quadratic",1600,137,0.26175692969693
"sir_collapsed","quadratic",1600,137,0.265443102849909
"stan","quadratic",1600,137,0.264248597761163
"montoril","sinusoidal",1600,137,0.279136547062552
"pg_apf","sinusoidal",1600,137,0.279305904133194
"sir_laplace","sinusoidal",1600,137,0.282448284237362
"sir_collapsed","sinusoidal",1600,137,0.28163879754341
"stan","sinusoidal",1600,137,0.281442148023665
"montoril","constant",200,138,0.883368279753629
"pg_apf","constant",200,138,0.876434792210543
"sir_laplace","constant",200,138,0.876019292412895
"sir_collapsed","constant",200,138,0.87656334036744
"stan","constant",200,138,0.872199457359936
"montoril","linear",200,138,0.539160539992389
"pg_apf","linear",200,138,0.540759277032816
"sir_laplace","linear",200,138,0.535696470204516
"sir_collapsed","linear",200,138,0.545373592849755
"stan","linear",200,138,0.534769654187981
"montoril","quadratic",200,138,0.4916365088023
"pg_apf","quadratic",200,138,0.495395580904829
"sir_laplace","quadratic",200,138,0.500966084717924
"sir_collapsed","quadratic",200,138,0.507632533337157
"stan","quadratic",200,138,0.489004624123784
"montoril","sinusoidal",200,138,0.532468134979831
"pg_apf","sinusoidal",200,138,0.507287733352887
"sir_laplace","sinusoidal",200,138,0.50991567005752
"sir_collapsed","sinusoidal",200,138,0.520205809070441
"stan","sinusoidal",200,138,0.508622918311234
"montoril","constant",400,138,0.650298673070825
"pg_apf","constant",400,138,0.657868161522533
"sir_laplace","constant",400,138,0.65896895911304
"sir_collapsed","constant",400,138,0.669637532176053
"stan","constant",400,138,0.655677735448927
"montoril","linear",400,138,0.408371901119812
"pg_apf","linear",400,138,0.408982304545543
"sir_laplace","linear",400,138,0.415565821045133
"sir_collapsed","linear",400,138,0.420519940565635
"stan","linear",400,138,0.406114941131897
"montoril","quadratic",400,138,0.432322499710674
"pg_apf","quadratic",400,138,0.428290671496474
"sir_laplace","quadratic",400,138,0.426569050001418
"sir_collapsed","quadratic",400,138,0.440703688947721
"stan","quadratic",400,138,0.42898886894638
"montoril","sinusoidal",400,138,0.44687393930754
"pg_apf","sinusoidal",400,138,0.451838444896641
"sir_laplace","sinusoidal",400,138,0.451043232357219
"sir_collapsed","sinusoidal",400,138,0.46402587248093
"stan","sinusoidal",400,138,0.451942119509848
"montoril","constant",800,138,0.549884474164464
"pg_apf","constant",800,138,0.550781877046776
"sir_laplace","constant",800,138,0.548217002451797
"sir_collapsed","constant",800,138,0.5516699479222
"stan","constant",800,138,0.549082076373533
"montoril","linear",800,138,0.346697242846436
"pg_apf","linear",800,138,0.344946834323298
"sir_laplace","linear",800,138,0.347333404313681
"sir_collapsed","linear",800,138,0.356561668530482
"stan","linear",800,138,0.345232411559947
"montoril","quadratic",800,138,0.35588673471154
"pg_apf","quadratic",800,138,0.336894590592227
"sir_laplace","quadratic",800,138,0.341767738975797
"sir_collapsed","quadratic",800,138,0.350235426089916
"stan","quadratic",800,138,0.335256857716984
"montoril","sinusoidal",800,138,0.345740845568352
"pg_apf","sinusoidal",800,138,0.341774140127838
"sir_laplace","sinusoidal",800,138,0.346176250772537
"sir_collapsed","sinusoidal",800,138,0.354943377154079
"stan","sinusoidal",800,138,0.34534838262061
"montoril","constant",1600,138,0.412050292481991
"pg_apf","constant",1600,138,0.413203276605041
"sir_laplace","constant",1600,138,0.413306309183369
"sir_collapsed","constant",1600,138,0.41487114809314
"stan","constant",1600,138,0.413659456157452
"montoril","linear",1600,138,0.304868518449505
"pg_apf","linear",1600,138,0.297678823256899
"sir_laplace","linear",1600,138,0.297141080977303
"sir_collapsed","linear",1600,138,0.300034209547195
"stan","linear",1600,138,0.297303228179749
"montoril","quadratic",1600,138,0.312872335778132
"pg_apf","quadratic",1600,138,0.300796909304449
"sir_laplace","quadratic",1600,138,0.303723738955335
"sir_collapsed","quadratic",1600,138,0.30507210868325
"stan","quadratic",1600,138,0.30357923888259
"montoril","sinusoidal",1600,138,0.31454236614852
"pg_apf","sinusoidal",1600,138,0.300458865199145
"sir_laplace","sinusoidal",1600,138,0.300762188172864
"sir_collapsed","sinusoidal",1600,138,0.304773473909186
"stan","sinusoidal",1600,138,0.302512225655533
"montoril","constant",200,139,0.780710988708268
"pg_apf","constant",200,139,0.774799871846154
"sir_laplace","constant",200,139,0.779482905627733
"sir_collapsed","constant",200,139,0.786823531345982
"stan","constant",200,139,0.771542008435631
"montoril","linear",200,139,0.520469281086538
"pg_apf","linear",200,139,0.519654164975248
"sir_laplace","linear",200,139,0.524393293585302
"sir_collapsed","linear",200,139,0.535342609307381
"stan","linear",200,139,0.521135610245883
"montoril","quadratic",200,139,0.504295703151731
"pg_apf","quadratic",200,139,0.506497452262028
"sir_laplace","quadratic",200,139,0.510658264135834
"sir_collapsed","quadratic",200,139,0.514972355969999
"stan","quadratic",200,139,0.504747303242986
"montoril","sinusoidal",200,139,0.439785339092842
"pg_apf","sinusoidal",200,139,0.426730482814762
"sir_laplace","sinusoidal",200,139,0.43763486271924
"sir_collapsed","sinusoidal",200,139,0.443023692817762
"stan","sinusoidal",200,139,0.421749171447221
"montoril","constant",400,139,0.612877312064933
"pg_apf","constant",400,139,0.614954645993836
"sir_laplace","constant",400,139,0.614807367320839
"sir_collapsed","constant",400,139,0.617084438697288
"stan","constant",400,139,0.613232308116884
"montoril","linear",400,139,0.344545665958817
"pg_apf","linear",400,139,0.347506535388362
"sir_laplace","linear",400,139,0.350886570951302
"sir_collapsed","linear",400,139,0.352238534604741
"stan","linear",400,139,0.35184679951179
"montoril","quadratic",400,139,0.37524942564061
"pg_apf","quadratic",400,139,0.368914646193168
"sir_laplace","quadratic",400,139,0.373687243057524
"sir_collapsed","quadratic",400,139,0.371005426232518
"stan","quadratic",400,139,0.372154880115653
"montoril","sinusoidal",400,139,0.371032805190517
"pg_apf","sinusoidal",400,139,0.377069506954048
"sir_laplace","sinusoidal",400,139,0.377187225866111
"sir_collapsed","sinusoidal",400,139,0.382754844949783
"stan","sinusoidal",400,139,0.377546437977234
"montoril","constant",800,139,0.620656192360219
"pg_apf","constant",800,139,0.61030562899064
"sir_laplace","constant",800,139,0.610327656018172
"sir_collapsed","constant",800,139,0.610724480826429
"stan","constant",800,139,0.609710387496659
"montoril","linear",800,139,0.428635434137272
"pg_apf","linear",800,139,0.426383912711309
"sir_laplace","linear",800,139,0.430350279042972
"sir_collapsed","linear",800,139,0.433633456024562
"stan","linear",800,139,0.425730757791079
"montoril","quadratic",800,139,0.431918896775974
"pg_apf","quadratic",800,139,0.439003334692939
"sir_laplace","quadratic",800,139,0.439828291138797
"sir_collapsed","quadratic",800,139,0.447845049959997
"stan","quadratic",800,139,0.441806626365361
"montoril","sinusoidal",800,139,0.478939760901313
"pg_apf","sinusoidal",800,139,0.470589681817076
"sir_laplace","sinusoidal",800,139,0.47234361603652
"sir_collapsed","sinusoidal",800,139,0.478105926785008
"stan","sinusoidal",800,139,0.471653755738129
"montoril","constant",1600,139,0.42689774288843
"pg_apf","constant",1600,139,0.428668411540176
"sir_laplace","constant",1600,139,0.426306383623425
"sir_collapsed","constant",1600,139,0.427096198105606
"stan","constant",1600,139,0.426650148968345
"montoril","linear",1600,139,0.285733800955163
"pg_apf","linear",1600,139,0.275180770443501
"sir_laplace","linear",1600,139,0.274942747275994
"sir_collapsed","linear",1600,139,0.277119442409398
"stan","linear",1600,139,0.27588965995241
"montoril","quadratic",1600,139,0.269052959346626
"pg_apf","quadratic",1600,139,0.26545802009319
"sir_laplace","quadratic",1600,139,0.267201046828742
"sir_collapsed","quadratic",1600,139,0.272101789237169
"stan","quadratic",1600,139,0.270483536252452
"montoril","sinusoidal",1600,139,0.305200265294675
"pg_apf","sinusoidal",1600,139,0.297677881887079
"sir_laplace","sinusoidal",1600,139,0.300324429476766
"sir_collapsed","sinusoidal",1600,139,0.305208331240827
"stan","sinusoidal",1600,139,0.300025896379046
"montoril","constant",200,140,0.846100172149997
"pg_apf","constant",200,140,0.851681244330544
"sir_laplace","constant",200,140,0.84594551518487
"sir_collapsed","constant",200,140,0.84271665294065
"stan","constant",200,140,0.847722436800265
"montoril","linear",200,140,0.585668032351025
"pg_apf","linear",200,140,0.587003029054463
"sir_laplace","linear",200,140,0.587481452307688
"sir_collapsed","linear",200,140,0.587244170441501
"stan","linear",200,140,0.587174791985599
"montoril","quadratic",200,140,0.624191604773088
"pg_apf","quadratic",200,140,0.610882216536582
"sir_laplace","quadratic",200,140,0.610227054954603
"sir_collapsed","quadratic",200,140,0.608484985600828
"stan","quadratic",200,140,0.614451604569468
"montoril","sinusoidal",200,140,0.597738158418354
"pg_apf","sinusoidal",200,140,0.581429859492054
"sir_laplace","sinusoidal",200,140,0.578865465920543
"sir_collapsed","sinusoidal",200,140,0.578445037755449
"stan","sinusoidal",200,140,0.581081147569599
"montoril","constant",400,140,0.647012269485625
"pg_apf","constant",400,140,0.653228746127754
"sir_laplace","constant",400,140,0.646647264338897
"sir_collapsed","constant",400,140,0.64578367230232
"stan","constant",400,140,0.648049986186224
"montoril","linear",400,140,0.325109018583418
"pg_apf","linear",400,140,0.33688488781062
"sir_laplace","linear",400,140,0.339906326540344
"sir_collapsed","linear",400,140,0.345026538080866
"stan","linear",400,140,0.33961507144148
"montoril","quadratic",400,140,0.358913406341071
"pg_apf","quadratic",400,140,0.36173108090614
"sir_laplace","quadratic",400,140,0.365346928651171
"sir_collapsed","quadratic",400,140,0.367073701522286
"stan","quadratic",400,140,0.362742376777799
"montoril","sinusoidal",400,140,0.40010558033829
"pg_apf","sinusoidal",400,140,0.380089613589433
"sir_laplace","sinusoidal",400,140,0.382303326455709
"sir_collapsed","sinusoidal",400,140,0.386820543588462
"stan","sinusoidal",400,140,0.377409576908784
"montoril","constant",800,140,0.500632271207391
"pg_apf","constant",800,140,0.504391668584066
"sir_laplace","constant",800,140,0.5015963194315
"sir_collapsed","constant",800,140,0.501946604370498
"stan","constant",800,140,0.503646198497052
"montoril","linear",800,140,0.306110077356744
"pg_apf","linear",800,140,0.29439189212285
"sir_laplace","linear",800,140,0.294442531806043
"sir_collapsed","linear",800,140,0.29722047565431
"stan","linear",800,140,0.296577793466273
"montoril","quadratic",800,140,0.29676393007424
"pg_apf","quadratic",800,140,0.304581611248835
"sir_laplace","quadratic",800,140,0.303124993657427
"sir_collapsed","quadratic",800,140,0.307440011594174
"stan","quadratic",800,140,0.308023421677249
"montoril","sinusoidal",800,140,0.304842903950643
"pg_apf","sinusoidal",800,140,0.301030773424942
"sir_laplace","sinusoidal",800,140,0.30232060679802
"sir_collapsed","sinusoidal",800,140,0.300245343998395
"stan","sinusoidal",800,140,0.301564002272654
"montoril","constant",1600,140,0.53967756987561
"pg_apf","constant",1600,140,0.535803525684018
"sir_laplace","constant",1600,140,0.533958008126509
"sir_collapsed","constant",1600,140,0.534103393293383
"stan","constant",1600,140,0.534364447724184
"montoril","linear",1600,140,0.390576218856312
"pg_apf","linear",1600,140,0.378304481093416
"sir_laplace","linear",1600,140,0.381430045125681
"sir_collapsed","linear",1600,140,0.382107343480982
"stan","linear",1600,140,0.380185405419965
"montoril","quadratic",1600,140,0.390956721401065
"pg_apf","quadratic",1600,140,0.387502408533795
"sir_laplace","quadratic",1600,140,0.390664716579395
"sir_collapsed","quadratic",1600,140,0.393156123229935
"stan","quadratic",1600,140,0.390149800108316
"montoril","sinusoidal",1600,140,0.402678711872516
"pg_apf","sinusoidal",1600,140,0.407088827115331
"sir_laplace","sinusoidal",1600,140,0.411133737708711
"sir_collapsed","sinusoidal",1600,140,0.412271778242505
"stan","sinusoidal",1600,140,0.409381792072914
"montoril","constant",200,141,0.687135042739587
"pg_apf","constant",200,141,0.691353780476659
"sir_laplace","constant",200,141,0.694103751363803
"sir_collapsed","constant",200,141,0.687768491706826
"stan","constant",200,141,0.693692645278379
"montoril","linear",200,141,0.32712390189913
"pg_apf","linear",200,141,0.336234126230629
"sir_laplace","linear",200,141,0.332882983237226
"sir_collapsed","linear",200,141,0.329946866938784
"stan","linear",200,141,0.335344573092525
"montoril","quadratic",200,141,0.358037579480042
"pg_apf","quadratic",200,141,0.362125091743982
"sir_laplace","quadratic",200,141,0.35758918019656
"sir_collapsed","quadratic",200,141,0.356661299149548
"stan","quadratic",200,141,0.364208824132793
"montoril","sinusoidal",200,141,0.275047476934581
"pg_apf","sinusoidal",200,141,0.282416148406943
"sir_laplace","sinusoidal",200,141,0.281433389911687
"sir_collapsed","sinusoidal",200,141,0.279233487149128
"stan","sinusoidal",200,141,0.281621278852256
"montoril","constant",400,141,0.682633283083268
"pg_apf","constant",400,141,0.670384677918245
"sir_laplace","constant",400,141,0.668779340824602
"sir_collapsed","constant",400,141,0.66407355583738
"stan","constant",400,141,0.670763302995023
"montoril","linear",400,141,0.450680244458572
"pg_apf","linear",400,141,0.432933547166545
"sir_laplace","linear",400,141,0.429091758113081
"sir_collapsed","linear",400,141,0.424430563052013
"stan","linear",400,141,0.434289974726031
"montoril","quadratic",400,141,0.410308470635194
"pg_apf","quadratic",400,141,0.410561317527107
"sir_laplace","quadratic",400,141,0.4044822762735
"sir_collapsed","quadratic",400,141,0.401111722465355
"stan","quadratic",400,141,0.40956861456018
"montoril","sinusoidal",400,141,0.412658483795927
"pg_apf","sinusoidal",400,141,0.411016106424808
"sir_laplace","sinusoidal",400,141,0.407744978350628
"sir_collapsed","sinusoidal",400,141,0.406777050479433
"stan","sinusoidal",400,141,0.413761627234795
"montoril","constant",800,141,0.676853080477804
"pg_apf","constant",800,141,0.674021339485601
"sir_laplace","constant",800,141,0.67313499809422
"sir_collapsed","constant",800,141,0.675505659698607
"stan","constant",800,141,0.673873360188586
"montoril","linear",800,141,0.410364907317835
"pg_apf","linear",800,141,0.404789175319391
"sir_laplace","linear",800,141,0.407405074589579
"sir_collapsed","linear",800,141,0.41168681492813
"stan","linear",800,141,0.405386651642704
"montoril","quadratic",800,141,0.399016783498867
"pg_apf","quadratic",800,141,0.400149815871933
"sir_laplace","quadratic",800,141,0.404034913949537
"sir_collapsed","quadratic",800,141,0.406622248413105
"stan","quadratic",800,141,0.401607595383018
"montoril","sinusoidal",800,141,0.472444420983545
"pg_apf","sinusoidal",800,141,0.470950002289941
"sir_laplace","sinusoidal",800,141,0.476557575288114
"sir_collapsed","sinusoidal",800,141,0.483080306976709
"stan","sinusoidal",800,141,0.474096098495179
"montoril","constant",1600,141,0.426363422155457
"pg_apf","constant",1600,141,0.423112045098749
"sir_laplace","constant",1600,141,0.424308570028874
"sir_collapsed","constant",1600,141,0.425371067740747
"stan","constant",1600,141,0.422527860851229
"montoril","linear",1600,141,0.247377980336654
"pg_apf","linear",1600,141,0.240858855324483
"sir_laplace","linear",1600,141,0.244008437863075
"sir_collapsed","linear",1600,141,0.244812183638511
"stan","linear",1600,141,0.244769014192229
"montoril","quadratic",1600,141,0.250541654779511
"pg_apf","quadratic",1600,141,0.248847472567931
"sir_laplace","quadratic",1600,141,0.252364395744124
"sir_collapsed","quadratic",1600,141,0.256088567486794
"stan","quadratic",1600,141,0.252199666608589
"montoril","sinusoidal",1600,141,0.262312238310511
"pg_apf","sinusoidal",1600,141,0.25373753702846
"sir_laplace","sinusoidal",1600,141,0.25875931828526
"sir_collapsed","sinusoidal",1600,141,0.262012814374528
"stan","sinusoidal",1600,141,0.256194424830375
"montoril","constant",200,142,0.82387785536323
"pg_apf","constant",200,142,0.832561275751464
"sir_laplace","constant",200,142,0.828199151306851
"sir_collapsed","constant",200,142,0.825927614571657
"stan","constant",200,142,0.826172087407546
"montoril","linear",200,142,0.430654980426942
"pg_apf","linear",200,142,0.423988338798411
"sir_laplace","linear",200,142,0.424216832493469
"sir_collapsed","linear",200,142,0.428494765264124
"stan","linear",200,142,0.423592067941114
"montoril","quadratic",200,142,0.434955998391076
"pg_apf","quadratic",200,142,0.425393735979948
"sir_laplace","quadratic",200,142,0.427808833626425
"sir_collapsed","quadratic",200,142,0.428465544351645
"stan","quadratic",200,142,0.42333660387124
"montoril","sinusoidal",200,142,0.441167459829258
"pg_apf","sinusoidal",200,142,0.436410489064672
"sir_laplace","sinusoidal",200,142,0.444016031747215
"sir_collapsed","sinusoidal",200,142,0.445474708875323
"stan","sinusoidal",200,142,0.43876462229962
"montoril","constant",400,142,0.61282788202259
"pg_apf","constant",400,142,0.615823511702592
"sir_laplace","constant",400,142,0.620421642102999
"sir_collapsed","constant",400,142,0.623802203203547
"stan","constant",400,142,0.618288937150097
"montoril","linear",400,142,0.405210004801317
"pg_apf","linear",400,142,0.411536779641396
"sir_laplace","linear",400,142,0.414805257819672
"sir_collapsed","linear",400,142,0.421131480283653
"stan","linear",400,142,0.410208079814723
"montoril","quadratic",400,142,0.432342757414354
"pg_apf","quadratic",400,142,0.427903213989414
"sir_laplace","quadratic",400,142,0.428034131508049
"sir_collapsed","quadratic",400,142,0.440364990958848
"stan","quadratic",400,142,0.428757742380487
"montoril","sinusoidal",400,142,0.381784530604677
"pg_apf","sinusoidal",400,142,0.384233005923395
"sir_laplace","sinusoidal",400,142,0.381114840891318
"sir_collapsed","sinusoidal",400,142,0.394266354219024
"stan","sinusoidal",400,142,0.382060506748368
"montoril","constant",800,142,0.557732008024094
"pg_apf","constant",800,142,0.565246392741543
"sir_laplace","constant",800,142,0.565680465350087
"sir_collapsed","constant",800,142,0.567429283815629
"stan","constant",800,142,0.564401948826592
"montoril","linear",800,142,0.354642934275768
"pg_apf","linear",800,142,0.352494090031262
"sir_laplace","linear",800,142,0.36000682798509
"sir_collapsed","linear",800,142,0.362650347261713
"stan","linear",800,142,0.356148949181235
"montoril","quadratic",800,142,0.340037536245035
"pg_apf","quadratic",800,142,0.337931569462865
"sir_laplace","quadratic",800,142,0.340881606603328
"sir_collapsed","quadratic",800,142,0.345096508823176
"stan","quadratic",800,142,0.338116862976101
"montoril","sinusoidal",800,142,0.37851889682334
"pg_apf","sinusoidal",800,142,0.375334857957303
"sir_laplace","sinusoidal",800,142,0.37898284797264
"sir_collapsed","sinusoidal",800,142,0.385746790232482
"stan","sinusoidal",800,142,0.37926062038707
"montoril","constant",1600,142,0.455856896103722
"pg_apf","constant",1600,142,0.451706630567557
"sir_laplace","constant",1600,142,0.455430201858143
"sir_collapsed","constant",1600,142,0.45761547427671
"stan","constant",1600,142,0.453969417225896
"montoril","linear",1600,142,0.295223142749069
"pg_apf","linear",1600,142,0.292909528336249
"sir_laplace","linear",1600,142,0.29746474277022
"sir_collapsed","linear",1600,142,0.301934817583675
"stan","linear",1600,142,0.297264110583885
"montoril","quadratic",1600,142,0.31246629617455
"pg_apf","quadratic",1600,142,0.304974885535096
"sir_laplace","quadratic",1600,142,0.311541949387903
"sir_collapsed","quadratic",1600,142,0.314725230967002
"stan","quadratic",1600,142,0.309470447923875
"montoril","sinusoidal",1600,142,0.312833949403234
"pg_apf","sinusoidal",1600,142,0.306160552134389
"sir_laplace","sinusoidal",1600,142,0.307547342131553
"sir_collapsed","sinusoidal",1600,142,0.313833737515012
"stan","sinusoidal",1600,142,0.306536963929148
"montoril","constant",200,143,0.746429641034075
"pg_apf","constant",200,143,0.747660597743786
"sir_laplace","constant",200,143,0.738915007467273
"sir_collapsed","constant",200,143,0.73631102335912
"stan","constant",200,143,0.747321583334014
"montoril","linear",200,143,0.43157950349626
"pg_apf","linear",200,143,0.436077226367066
"sir_laplace","linear",200,143,0.438132539639185
"sir_collapsed","linear",200,143,0.439240561606422
"stan","linear",200,143,0.437352145977397
"montoril","quadratic",200,143,0.483486873036041
"pg_apf","quadratic",200,143,0.484433370571748
"sir_laplace","quadratic",200,143,0.479816633924331
"sir_collapsed","quadratic",200,143,0.480336618826335
"stan","quadratic",200,143,0.483847026170005
"montoril","sinusoidal",200,143,0.475126382261212
"pg_apf","sinusoidal",200,143,0.473250641695259
"sir_laplace","sinusoidal",200,143,0.473461889159283
"sir_collapsed","sinusoidal",200,143,0.475704007576719
"stan","sinusoidal",200,143,0.479272247939215
"montoril","constant",400,143,0.721760735427497
"pg_apf","constant",400,143,0.723626077627292
"sir_laplace","constant",400,143,0.717604832583682
"sir_collapsed","constant",400,143,0.712355645560142
"stan","constant",400,143,0.721676716017
"montoril","linear",400,143,0.361073188132604
"pg_apf","linear",400,143,0.366884116985127
"sir_laplace","linear",400,143,0.364469023774793
"sir_collapsed","linear",400,143,0.36226383996113
"stan","linear",400,143,0.367161015965713
"montoril","quadratic",400,143,0.374489789174644
"pg_apf","quadratic",400,143,0.372806767397195
"sir_laplace","quadratic",400,143,0.368653911728506
"sir_collapsed","quadratic",400,143,0.36779063164297
"stan","quadratic",400,143,0.372504739394645
"montoril","sinusoidal",400,143,0.374728920242883
"pg_apf","sinusoidal",400,143,0.384202224807707
"sir_laplace","sinusoidal",400,143,0.383764985884019
"sir_collapsed","sinusoidal",400,143,0.378946273364043
"stan","sinusoidal",400,143,0.386056401135
"montoril","constant",800,143,0.60645240178502
"pg_apf","constant",800,143,0.608784758297123
"sir_laplace","constant",800,143,0.602635789200845
"sir_collapsed","constant",800,143,0.600843786139524
"stan","constant",800,143,0.603188624436766
"montoril","linear",800,143,0.427897169476971
"pg_apf","linear",800,143,0.421846683429786
"sir_laplace","linear",800,143,0.426485549935419
"sir_collapsed","linear",800,143,0.43002397855037
"stan","linear",800,143,0.42360945658966
"montoril","quadratic",800,143,0.441511214757167
"pg_apf","quadratic",800,143,0.437626367357963
"sir_laplace","quadratic",800,143,0.441380058098082
"sir_collapsed","quadratic",800,143,0.446923408595494
"stan","quadratic",800,143,0.440200726049195
"montoril","sinusoidal",800,143,0.446870171071554
"pg_apf","sinusoidal",800,143,0.443909682385846
"sir_laplace","sinusoidal",800,143,0.447252008234899
"sir_collapsed","sinusoidal",800,143,0.448910921151944
"stan","sinusoidal",800,143,0.44674423219428
"montoril","constant",1600,143,0.49134823445401
"pg_apf","constant",1600,143,0.48378653940193
"sir_laplace","constant",1600,143,0.486356519405489
"sir_collapsed","constant",1600,143,0.485656042694707
"stan","constant",1600,143,0.483988684773333
"montoril","linear",1600,143,0.334546236220753
"pg_apf","linear",1600,143,0.324045227230622
"sir_laplace","linear",1600,143,0.330265887278362
"sir_collapsed","linear",1600,143,0.331827104883485
"stan","linear",1600,143,0.327812776903039
"montoril","quadratic",1600,143,0.363785096478979
"pg_apf","quadratic",1600,143,0.338782020283645
"sir_laplace","quadratic",1600,143,0.342702123073468
"sir_collapsed","quadratic",1600,143,0.347366792363149
"stan","quadratic",1600,143,0.341654635604222
"montoril","sinusoidal",1600,143,0.348577285115282
"pg_apf","sinusoidal",1600,143,0.35073762118136
"sir_laplace","sinusoidal",1600,143,0.355712672260486
"sir_collapsed","sinusoidal",1600,143,0.354924401303781
"stan","sinusoidal",1600,143,0.3542373353075
"montoril","constant",200,144,0.705063928419205
"pg_apf","constant",200,144,0.710280615947915
"sir_laplace","constant",200,144,0.709310819128597
"sir_collapsed","constant",200,144,0.704096828305323
"stan","constant",200,144,0.709307423524787
"montoril","linear",200,144,0.395729684669697
"pg_apf","linear",200,144,0.386580590300167
"sir_laplace","linear",200,144,0.385570038140529
"sir_collapsed","linear",200,144,0.389983128698655
"stan","linear",200,144,0.389420181575453
"montoril","quadratic",200,144,0.360877088284511
"pg_apf","quadratic",200,144,0.372877502590149
"sir_laplace","quadratic",200,144,0.371520951489148
"sir_collapsed","quadratic",200,144,0.376009332274953
"stan","quadratic",200,144,0.374350346798312
"montoril","sinusoidal",200,144,0.322763100195393
"pg_apf","sinusoidal",200,144,0.329200145531221
"sir_laplace","sinusoidal",200,144,0.324938424586494
"sir_collapsed","sinusoidal",200,144,0.334700262110449
"stan","sinusoidal",200,144,0.328126065302103
"montoril","constant",400,144,0.621836858809301
"pg_apf","constant",400,144,0.621360959718428
"sir_laplace","constant",400,144,0.617919279042924
"sir_collapsed","constant",400,144,0.620813573958845
"stan","constant",400,144,0.619029185545345
"montoril","linear",400,144,0.285267668564134
"pg_apf","linear",400,144,0.284808487871392
"sir_laplace","linear",400,144,0.295087911347359
"sir_collapsed","linear",400,144,0.306033325775683
"stan","linear",400,144,0.290920312893791
"montoril","quadratic",400,144,0.331962812386144
"pg_apf","quadratic",400,144,0.330692448618653
"sir_laplace","quadratic",400,144,0.33438646829154
"sir_collapsed","quadratic",400,144,0.343637218284086
"stan","quadratic",400,144,0.32755716784579
"montoril","sinusoidal",400,144,0.313154656213716
"pg_apf","sinusoidal",400,144,0.310530252117517
"sir_laplace","sinusoidal",400,144,0.317593765497722
"sir_collapsed","sinusoidal",400,144,0.325489288326806
"stan","sinusoidal",400,144,0.31002044553806
"montoril","constant",800,144,0.479789927425758
"pg_apf","constant",800,144,0.473185198153229
"sir_laplace","constant",800,144,0.47772215171296
"sir_collapsed","constant",800,144,0.483420520645654
"stan","constant",800,144,0.474889981504719
"montoril","linear",800,144,0.344678596949762
"pg_apf","linear",800,144,0.326225793889677
"sir_laplace","linear",800,144,0.328985428130295
"sir_collapsed","linear",800,144,0.336416214713321
"stan","linear",800,144,0.327004860833651
"montoril","quadratic",800,144,0.349224639902188
"pg_apf","quadratic",800,144,0.340117961328612
"sir_laplace","quadratic",800,144,0.345037875083825
"sir_collapsed","quadratic",800,144,0.349881720324878
"stan","quadratic",800,144,0.343701431012509
"montoril","sinusoidal",800,144,0.321296185722061
"pg_apf","sinusoidal",800,144,0.321903951205664
"sir_laplace","sinusoidal",800,144,0.327668881719991
"sir_collapsed","sinusoidal",800,144,0.335623787774247
"stan","sinusoidal",800,144,0.325712895544365
"montoril","constant",1600,144,0.428634462180272
"pg_apf","constant",1600,144,0.422430230613573
"sir_laplace","constant",1600,144,0.421916380466169
"sir_collapsed","constant",1600,144,0.42184986337728
"stan","constant",1600,144,0.422482438453964
"montoril","linear",1600,144,0.264662121582876
"pg_apf","linear",1600,144,0.259166012622343
"sir_laplace","linear",1600,144,0.263725844609222
"sir_collapsed","linear",1600,144,0.263875872898295
"stan","linear",1600,144,0.264858557317147
"montoril","quadratic",1600,144,0.29118966751189
"pg_apf","quadratic",1600,144,0.277231711316993
"sir_laplace","quadratic",1600,144,0.275134177171327
"sir_collapsed","quadratic",1600,144,0.279821939414822
"stan","quadratic",1600,144,0.282173252849735
"montoril","sinusoidal",1600,144,0.28728345096188
"pg_apf","sinusoidal",1600,144,0.285679433702814
"sir_laplace","sinusoidal",1600,144,0.286140026233611
"sir_collapsed","sinusoidal",1600,144,0.287395468577865
"stan","sinusoidal",1600,144,0.2895799993407
"montoril","constant",200,145,0.652189460032485
"pg_apf","constant",200,145,0.656946730710746
"sir_laplace","constant",200,145,0.656705250414217
"sir_collapsed","constant",200,145,0.658859452481166
"stan","constant",200,145,0.653625136148572
"montoril","linear",200,145,0.332568997883836
"pg_apf","linear",200,145,0.344092463932867
"sir_laplace","linear",200,145,0.341591104534337
"sir_collapsed","linear",200,145,0.350197492471018
"stan","linear",200,145,0.33883258258847
"montoril","quadratic",200,145,0.401129479859116
"pg_apf","quadratic",200,145,0.397811651350026
"sir_laplace","quadratic",200,145,0.399862076253466
"sir_collapsed","quadratic",200,145,0.407808616560019
"stan","quadratic",200,145,0.39853514322212
"montoril","sinusoidal",200,145,0.330720498055415
"pg_apf","sinusoidal",200,145,0.336664675584191
"sir_laplace","sinusoidal",200,145,0.338502846139448
"sir_collapsed","sinusoidal",200,145,0.344532154867735
"stan","sinusoidal",200,145,0.339080115831606
"montoril","constant",400,145,0.781290253543229
"pg_apf","constant",400,145,0.776917082533549
"sir_laplace","constant",400,145,0.774969147293454
"sir_collapsed","constant",400,145,0.765210190706481
"stan","constant",400,145,0.776491469586316
"montoril","linear",400,145,0.367776054339508
"pg_apf","linear",400,145,0.378399321397047
"sir_laplace","linear",400,145,0.375327610392709
"sir_collapsed","linear",400,145,0.375711180441917
"stan","linear",400,145,0.381482595043149
"montoril","quadratic",400,145,0.361971530017685
"pg_apf","quadratic",400,145,0.375935945527312
"sir_laplace","quadratic",400,145,0.368492240635393
"sir_collapsed","quadratic",400,145,0.367157983447294
"stan","quadratic",400,145,0.371289907170624
"montoril","sinusoidal",400,145,0.418762657579554
"pg_apf","sinusoidal",400,145,0.400769207196946
"sir_laplace","sinusoidal",400,145,0.39419079967779
"sir_collapsed","sinusoidal",400,145,0.395112345337164
"stan","sinusoidal",400,145,0.401863319969059
"montoril","constant",800,145,0.566237445603252
"pg_apf","constant",800,145,0.564550981379736
"sir_laplace","constant",800,145,0.561932197981581
"sir_collapsed","constant",800,145,0.557622897109433
"stan","constant",800,145,0.563975051983955
"montoril","linear",800,145,0.337438124633233
"pg_apf","linear",800,145,0.349043183485313
"sir_laplace","linear",800,145,0.347120213652857
"sir_collapsed","linear",800,145,0.344384906017511
"stan","linear",800,145,0.348671894391352
"montoril","quadratic",800,145,0.352290105296232
"pg_apf","quadratic",800,145,0.351720558028566
"sir_laplace","quadratic",800,145,0.349413087456715
"sir_collapsed","quadratic",800,145,0.351999771699296
"stan","quadratic",800,145,0.355394427702256
"montoril","sinusoidal",800,145,0.320338662777839
"pg_apf","sinusoidal",800,145,0.318923831372796
"sir_laplace","sinusoidal",800,145,0.316863007871372
"sir_collapsed","sinusoidal",800,145,0.319262620508178
"stan","sinusoidal",800,145,0.320098868601554
"montoril","constant",1600,145,0.457208096863645
"pg_apf","constant",1600,145,0.455326772113911
"sir_laplace","constant",1600,145,0.456301191534583
"sir_collapsed","constant",1600,145,0.457122226803378
"stan","constant",1600,145,0.455788216230941
"montoril","linear",1600,145,0.317094273756526
"pg_apf","linear",1600,145,0.315811561973061
"sir_laplace","linear",1600,145,0.319062418365476
"sir_collapsed","linear",1600,145,0.318237674737403
"stan","linear",1600,145,0.317673317238155
"montoril","quadratic",1600,145,0.315909868572101
"pg_apf","quadratic",1600,145,0.318073845613654
"sir_laplace","quadratic",1600,145,0.319283579935208
"sir_collapsed","quadratic",1600,145,0.320776372654633
"stan","quadratic",1600,145,0.320171630849893
"montoril","sinusoidal",1600,145,0.358495298169426
"pg_apf","sinusoidal",1600,145,0.340629585789555
"sir_laplace","sinusoidal",1600,145,0.34263839755401
"sir_collapsed","sinusoidal",1600,145,0.344632831887922
"stan","sinusoidal",1600,145,0.342781160518588
"montoril","constant",200,146,0.732660155814897
"pg_apf","constant",200,146,0.732290805672485
"sir_laplace","constant",200,146,0.730615425732052
"sir_collapsed","constant",200,146,0.728689205999654
"stan","constant",200,146,0.730983687051142
"montoril","linear",200,146,0.317356928900667
"pg_apf","linear",200,146,0.327030445571022
"sir_laplace","linear",200,146,0.325593482843769
"sir_collapsed","linear",200,146,0.323510473632822
"stan","linear",200,146,0.328362415730883
"montoril","quadratic",200,146,0.340836269318312
"pg_apf","quadratic",200,146,0.339228946303842
"sir_laplace","quadratic",200,146,0.341735472088213
"sir_collapsed","quadratic",200,146,0.341545611058189
"stan","quadratic",200,146,0.336519769358705
"montoril","sinusoidal",200,146,0.339321445976679
"pg_apf","sinusoidal",200,146,0.345757403615866
"sir_laplace","sinusoidal",200,146,0.340867471587906
"sir_collapsed","sinusoidal",200,146,0.349985451088784
"stan","sinusoidal",200,146,0.346408060541334
"montoril","constant",400,146,0.547397574643721
"pg_apf","constant",400,146,0.543852503282351
"sir_laplace","constant",400,146,0.538727829276848
"sir_collapsed","constant",400,146,0.538664187967945
"stan","constant",400,146,0.542255796525631
"montoril","linear",400,146,0.216254766742457
"pg_apf","linear",400,146,0.22273836120391
"sir_laplace","linear",400,146,0.223954646078644
"sir_collapsed","linear",400,146,0.224967194313114
"stan","linear",400,146,0.230224333723375
"montoril","quadratic",400,146,0.238848505553237
"pg_apf","quadratic",400,146,0.240236925740689
"sir_laplace","quadratic",400,146,0.238226462699584
"sir_collapsed","quadratic",400,146,0.23928723257299
"stan","quadratic",400,146,0.239784883745701
"montoril","sinusoidal",400,146,0.278926062275121
"pg_apf","sinusoidal",400,146,0.269579816430887
"sir_laplace","sinusoidal",400,146,0.263397633411407
"sir_collapsed","sinusoidal",400,146,0.270142207634975
"stan","sinusoidal",400,146,0.268842658177936
"montoril","constant",800,146,0.573072161945435
"pg_apf","constant",800,146,0.573081671847458
"sir_laplace","constant",800,146,0.571052232967781
"sir_collapsed","constant",800,146,0.572756034903299
"stan","constant",800,146,0.572892604582806
"montoril","linear",800,146,0.358645279392202
"pg_apf","linear",800,146,0.349453763476257
"sir_laplace","linear",800,146,0.354781830692038
"sir_collapsed","linear",800,146,0.356258758365327
"stan","linear",800,146,0.354840962133261
"montoril","quadratic",800,146,0.342678289328654
"pg_apf","quadratic",800,146,0.332751341275053
"sir_laplace","quadratic",800,146,0.337829927845571
"sir_collapsed","quadratic",800,146,0.336930404035155
"stan","quadratic",800,146,0.337871853708918
"montoril","sinusoidal",800,146,0.396991357489113
"pg_apf","sinusoidal",800,146,0.386692841210094
"sir_laplace","sinusoidal",800,146,0.386999929059613
"sir_collapsed","sinusoidal",800,146,0.389968894353967
"stan","sinusoidal",800,146,0.384211022492041
"montoril","constant",1600,146,0.415837473757424
"pg_apf","constant",1600,146,0.417502649249129
"sir_laplace","constant",1600,146,0.41750839203561
"sir_collapsed","constant",1600,146,0.418133849663557
"stan","constant",1600,146,0.416497722942596
"montoril","linear",1600,146,0.315727037380565
"pg_apf","linear",1600,146,0.301476888887633
"sir_laplace","linear",1600,146,0.305271699760715
"sir_collapsed","linear",1600,146,0.310056373937105
"stan","linear",1600,146,0.303496507383407
"montoril","quadratic",1600,146,0.299261210067325
"pg_apf","quadratic",1600,146,0.289928916462152
"sir_laplace","quadratic",1600,146,0.2935619813763
"sir_collapsed","quadratic",1600,146,0.299060221391602
"stan","quadratic",1600,146,0.293899829762938
"montoril","sinusoidal",1600,146,0.298455521375674
"pg_apf","sinusoidal",1600,146,0.289870534690179
"sir_laplace","sinusoidal",1600,146,0.293244260942827
"sir_collapsed","sinusoidal",1600,146,0.297243990484761
"stan","sinusoidal",1600,146,0.291084069634679
"montoril","constant",200,147,0.683022798287497
"pg_apf","constant",200,147,0.680176861300252
"sir_laplace","constant",200,147,0.684978907732612
"sir_collapsed","constant",200,147,0.690856824128
"stan","constant",200,147,0.682777584996641
"montoril","linear",200,147,0.418921026461337
"pg_apf","linear",200,147,0.416376214350921
"sir_laplace","linear",200,147,0.422397608061571
"sir_collapsed","linear",200,147,0.432276863129066
"stan","linear",200,147,0.414748708855372
"montoril","quadratic",200,147,0.430674755863038
"pg_apf","quadratic",200,147,0.431230792721055
"sir_laplace","quadratic",200,147,0.440219492288086
"sir_collapsed","quadratic",200,147,0.451366210084807
"stan","quadratic",200,147,0.430666655205893
"montoril","sinusoidal",200,147,0.414409392021567
"pg_apf","sinusoidal",200,147,0.402272327572364
"sir_laplace","sinusoidal",200,147,0.411275484481099
"sir_collapsed","sinusoidal",200,147,0.422123225705043
"stan","sinusoidal",200,147,0.407896193754801
"montoril","constant",400,147,0.625258867331588
"pg_apf","constant",400,147,0.627133627562656
"sir_laplace","constant",400,147,0.630111915504434
"sir_collapsed","constant",400,147,0.627688449243222
"stan","constant",400,147,0.628790210372494
"montoril","linear",400,147,0.416101459451026
"pg_apf","linear",400,147,0.405917804313513
"sir_laplace","linear",400,147,0.405279236866003
"sir_collapsed","linear",400,147,0.410186127752893
"stan","linear",400,147,0.408707757081384
"montoril","quadratic",400,147,0.39125050748354
"pg_apf","quadratic",400,147,0.404018602872264
"sir_laplace","quadratic",400,147,0.400353945739931
"sir_collapsed","quadratic",400,147,0.403854780554512
"stan","quadratic",400,147,0.402733543180283
"montoril","sinusoidal",400,147,0.403518566393003
"pg_apf","sinusoidal",400,147,0.412404067476618
"sir_laplace","sinusoidal",400,147,0.421632847447084
"sir_collapsed","sinusoidal",400,147,0.425951169356079
"stan","sinusoidal",400,147,0.419015166087973
"montoril","constant",800,147,0.583710582335105
"pg_apf","constant",800,147,0.589917845435994
"sir_laplace","constant",800,147,0.587483497603553
"sir_collapsed","constant",800,147,0.58602491460862
"stan","constant",800,147,0.587597411146925
"montoril","linear",800,147,0.372359297523021
"pg_apf","linear",800,147,0.362361065125616
"sir_laplace","linear",800,147,0.363590456996731
"sir_collapsed","linear",800,147,0.36719599958911
"stan","linear",800,147,0.364257256097794
"montoril","quadratic",800,147,0.339185502676677
"pg_apf","quadratic",800,147,0.344288759793494
"sir_laplace","quadratic",800,147,0.344781868632951
"sir_collapsed","quadratic",800,147,0.34867366491503
"stan","quadratic",800,147,0.346971051003439
"montoril","sinusoidal",800,147,0.38253668938075
"pg_apf","sinusoidal",800,147,0.369569966067504
"sir_laplace","sinusoidal",800,147,0.372481009246548
"sir_collapsed","sinusoidal",800,147,0.37977162118361
"stan","sinusoidal",800,147,0.37215754989291
"montoril","constant",1600,147,0.429158948216118
"pg_apf","constant",1600,147,0.428025498778297
"sir_laplace","constant",1600,147,0.426363007748298
"sir_collapsed","constant",1600,147,0.42451285191348
"stan","constant",1600,147,0.428438479913507
"montoril","linear",1600,147,0.284756234545217
"pg_apf","linear",1600,147,0.27681982950427
"sir_laplace","linear",1600,147,0.278655282510999
"sir_collapsed","linear",1600,147,0.276565987926602
"stan","linear",1600,147,0.280008374979834
"montoril","quadratic",1600,147,0.294312349952888
"pg_apf","quadratic",1600,147,0.288771752993349
"sir_laplace","quadratic",1600,147,0.290964661247653
"sir_collapsed","quadratic",1600,147,0.292464561512638
"stan","quadratic",1600,147,0.293609623090006
"montoril","sinusoidal",1600,147,0.317408801366288
"pg_apf","sinusoidal",1600,147,0.316452747742274
"sir_laplace","sinusoidal",1600,147,0.321301934647384
"sir_collapsed","sinusoidal",1600,147,0.318081879268171
"stan","sinusoidal",1600,147,0.318154976402084
"montoril","constant",200,148,0.777020392361992
"pg_apf","constant",200,148,0.774753921761573
"sir_laplace","constant",200,148,0.773906615863782
"sir_collapsed","constant",200,148,0.766725621757879
"stan","constant",200,148,0.778031846357137
"montoril","linear",200,148,0.359668969014377
"pg_apf","linear",200,148,0.348300041028005
"sir_laplace","linear",200,148,0.344859754449628
"sir_collapsed","linear",200,148,0.342681338797884
"stan","linear",200,148,0.349994613902796
"montoril","quadratic",200,148,0.388998221565898
"pg_apf","quadratic",200,148,0.393553853408757
"sir_laplace","quadratic",200,148,0.389514471884464
"sir_collapsed","quadratic",200,148,0.380811535052636
"stan","quadratic",200,148,0.392878356311928
"montoril","sinusoidal",200,148,0.318980932409531
"pg_apf","sinusoidal",200,148,0.304261802381072
"sir_laplace","sinusoidal",200,148,0.301838227363124
"sir_collapsed","sinusoidal",200,148,0.302056283262705
"stan","sinusoidal",200,148,0.30595051517086
"montoril","constant",400,148,0.756339046679919
"pg_apf","constant",400,148,0.764467672487054
"sir_laplace","constant",400,148,0.760700223570513
"sir_collapsed","constant",400,148,0.762142513257278
"stan","constant",400,148,0.759936109471912
"montoril","linear",400,148,0.370172715117696
"pg_apf","linear",400,148,0.377493880041521
"sir_laplace","linear",400,148,0.380136032424113
"sir_collapsed","linear",400,148,0.388927910897312
"stan","linear",400,148,0.378097149228205
"montoril","quadratic",400,148,0.371000290434821
"pg_apf","quadratic",400,148,0.364953740168632
"sir_laplace","quadratic",400,148,0.370304954538497
"sir_collapsed","quadratic",400,148,0.379925967153814
"stan","quadratic",400,148,0.368998155961106
"montoril","sinusoidal",400,148,0.42998971786071
"pg_apf","sinusoidal",400,148,0.434261966749597
"sir_laplace","sinusoidal",400,148,0.437835760930061
"sir_collapsed","sinusoidal",400,148,0.44738877648329
"stan","sinusoidal",400,148,0.436712340465876
"montoril","constant",800,148,0.459120192621503
"pg_apf","constant",800,148,0.46130663980804
"sir_laplace","constant",800,148,0.462753885677038
"sir_collapsed","constant",800,148,0.460073769510286
"stan","constant",800,148,0.463678553019886
"montoril","linear",800,148,0.300812026424083
"pg_apf","linear",800,148,0.287507115468386
"sir_laplace","linear",800,148,0.286999814761824
"sir_collapsed","linear",800,148,0.288693390330698
"stan","linear",800,148,0.288405738677188
"montoril","quadratic",800,148,0.296161117529503
"pg_apf","quadratic",800,148,0.290148436864093
"sir_laplace","quadratic",800,148,0.291897916163056
"sir_collapsed","quadratic",800,148,0.294535000905512
"stan","quadratic",800,148,0.295974896874272
"montoril","sinusoidal",800,148,0.264188856324895
"pg_apf","sinusoidal",800,148,0.263434037361537
"sir_laplace","sinusoidal",800,148,0.263455268200981
"sir_collapsed","sinusoidal",800,148,0.262500880951003
"stan","sinusoidal",800,148,0.266547611292931
"montoril","constant",1600,148,0.462785628014552
"pg_apf","constant",1600,148,0.465904966992732
"sir_laplace","constant",1600,148,0.466960683208615
"sir_collapsed","constant",1600,148,0.468309901820063
"stan","constant",1600,148,0.467866182099759
"montoril","linear",1600,148,0.332807889465093
"pg_apf","linear",1600,148,0.317536327429869
"sir_laplace","linear",1600,148,0.322657388593676
"sir_collapsed","linear",1600,148,0.326312149657902
"stan","linear",1600,148,0.320839024840124
"montoril","quadratic",1600,148,0.304261819502358
"pg_apf","quadratic",1600,148,0.289294593226688
"sir_laplace","quadratic",1600,148,0.294820255339139
"sir_collapsed","quadratic",1600,148,0.298958672376361
"stan","quadratic",1600,148,0.29155004159054
"montoril","sinusoidal",1600,148,0.334973352785013
"pg_apf","sinusoidal",1600,148,0.331943216956192
"sir_laplace","sinusoidal",1600,148,0.336125197104793
"sir_collapsed","sinusoidal",1600,148,0.338176147290169
"stan","sinusoidal",1600,148,0.334312949772834
"montoril","constant",200,149,0.808040305846125
"pg_apf","constant",200,149,0.813871619732743
"sir_laplace","constant",200,149,0.815363493535128
"sir_collapsed","constant",200,149,0.814859347147665
"stan","constant",200,149,0.812142661995571
"montoril","linear",200,149,0.509286166704081
"pg_apf","linear",200,149,0.509865659915443
"sir_laplace","linear",200,149,0.508710547104005
"sir_collapsed","linear",200,149,0.509934714845273
"stan","linear",200,149,0.507843075822579
"montoril","quadratic",200,149,0.458112438759295
"pg_apf","quadratic",200,149,0.468372827462275
"sir_laplace","quadratic",200,149,0.465705951996807
"sir_collapsed","quadratic",200,149,0.469860231461146
"stan","quadratic",200,149,0.462807648372982
"montoril","sinusoidal",200,149,0.340035455061378
"pg_apf","sinusoidal",200,149,0.334601271487204
"sir_laplace","sinusoidal",200,149,0.343056050620371
"sir_collapsed","sinusoidal",200,149,0.346637006060535
"stan","sinusoidal",200,149,0.338238679383226
"montoril","constant",400,149,0.736911861601821
"pg_apf","constant",400,149,0.73982365583285
"sir_laplace","constant",400,149,0.735339387791793
"sir_collapsed","constant",400,149,0.73272319780559
"stan","constant",400,149,0.740937022503094
"montoril","linear",400,149,0.470050698739216
"pg_apf","linear",400,149,0.464946177576268
"sir_laplace","linear",400,149,0.468308373927924
"sir_collapsed","linear",400,149,0.468118679728414
"stan","linear",400,149,0.467886958702186
"montoril","quadratic",400,149,0.468696773239013
"pg_apf","quadratic",400,149,0.460906046585512
"sir_laplace","quadratic",400,149,0.463544507087868
"sir_collapsed","quadratic",400,149,0.465930910181023
"stan","quadratic",400,149,0.462809499620658
"montoril","sinusoidal",400,149,0.529221562299104
"pg_apf","sinusoidal",400,149,0.527235551836879
"sir_laplace","sinusoidal",400,149,0.529912545161942
"sir_collapsed","sinusoidal",400,149,0.527932105806744
"stan","sinusoidal",400,149,0.529668860904467
"montoril","constant",800,149,0.597249778703297
"pg_apf","constant",800,149,0.589792140495317
"sir_laplace","constant",800,149,0.594037387430143
"sir_collapsed","constant",800,149,0.598456298928256
"stan","constant",800,149,0.589249835982579
"montoril","linear",800,149,0.398840111145418
"pg_apf","linear",800,149,0.392809929642756
"sir_laplace","linear",800,149,0.395992356604214
"sir_collapsed","linear",800,149,0.405479170906843
"stan","linear",800,149,0.398142773658073
"montoril","quadratic",800,149,0.368562458206696
"pg_apf","quadratic",800,149,0.371381492355117
"sir_laplace","quadratic",800,149,0.375160393041693
"sir_collapsed","quadratic",800,149,0.380436378694529
"stan","quadratic",800,149,0.372148900200651
"montoril","sinusoidal",800,149,0.42548010377494
"pg_apf","sinusoidal",800,149,0.408066504593077
"sir_laplace","sinusoidal",800,149,0.412227213044082
"sir_collapsed","sinusoidal",800,149,0.419904484842162
"stan","sinusoidal",800,149,0.413043999606172
"montoril","constant",1600,149,0.469020703178349
"pg_apf","constant",1600,149,0.470585565964556
"sir_laplace","constant",1600,149,0.473647123673451
"sir_collapsed","constant",1600,149,0.47649340598895
"stan","constant",1600,149,0.474036858110368
"montoril","linear",1600,149,0.319930602783761
"pg_apf","linear",1600,149,0.311556057348033
"sir_laplace","linear",1600,149,0.312755556811718
"sir_collapsed","linear",1600,149,0.317897376066905
"stan","linear",1600,149,0.312039526681353
"montoril","quadratic",1600,149,0.303356085780514
"pg_apf","quadratic",1600,149,0.305095311007549
"sir_laplace","quadratic",1600,149,0.31048678695466
"sir_collapsed","quadratic",1600,149,0.314091674972996
"stan","quadratic",1600,149,0.308810259645948
"montoril","sinusoidal",1600,149,0.318955174793398
"pg_apf","sinusoidal",1600,149,0.319465790793882
"sir_laplace","sinusoidal",1600,149,0.322895303065594
"sir_collapsed","sinusoidal",1600,149,0.327336382483099
"stan","sinusoidal",1600,149,0.324398438475542
"montoril","constant",200,150,0.854725622521717
"pg_apf","constant",200,150,0.850615352826022
"sir_laplace","constant",200,150,0.845463269824092
"sir_collapsed","constant",200,150,0.844710422033678
"stan","constant",200,150,0.857222546525799
"montoril","linear",200,150,0.424073748649519
"pg_apf","linear",200,150,0.408780557123089
"sir_laplace","linear",200,150,0.409850823125514
"sir_collapsed","linear",200,150,0.406574161292502
"stan","linear",200,150,0.412641282030653
"montoril","quadratic",200,150,0.489181453605907
"pg_apf","quadratic",200,150,0.479901335816742
"sir_laplace","quadratic",200,150,0.477372000692882
"sir_collapsed","quadratic",200,150,0.470776758970078
"stan","quadratic",200,150,0.483667389516458
"montoril","sinusoidal",200,150,0.438461113226417
"pg_apf","sinusoidal",200,150,0.431648533745793
"sir_laplace","sinusoidal",200,150,0.426572132523309
"sir_collapsed","sinusoidal",200,150,0.42506387360908
"stan","sinusoidal",200,150,0.432951537822553
"montoril","constant",400,150,0.651050766405622
"pg_apf","constant",400,150,0.646605306737981
"sir_laplace","constant",400,150,0.644826342573454
"sir_collapsed","constant",400,150,0.640909378496837
"stan","constant",400,150,0.651770704625008
"montoril","linear",400,150,0.400243356288663
"pg_apf","linear",400,150,0.395583677454206
"sir_laplace","linear",400,150,0.396179865183245
"sir_collapsed","linear",400,150,0.398649697261554
"stan","linear",400,150,0.397268911232939
"montoril","quadratic",400,150,0.4012519735026
"pg_apf","quadratic",400,150,0.393256638960005
"sir_laplace","quadratic",400,150,0.390884385858671
"sir_collapsed","quadratic",400,150,0.39569040230757
"stan","quadratic",400,150,0.395059932901893
"montoril","sinusoidal",400,150,0.437706126894042
"pg_apf","sinusoidal",400,150,0.428559424865503
"sir_laplace","sinusoidal",400,150,0.426661123740046
"sir_collapsed","sinusoidal",400,150,0.429145577102063
"stan","sinusoidal",400,150,0.42829907160587
"montoril","constant",800,150,0.551301987576927
"pg_apf","constant",800,150,0.54614943976436
"sir_laplace","constant",800,150,0.550021128998437
"sir_collapsed","constant",800,150,0.549238682744799
"stan","constant",800,150,0.549799528932565
"montoril","linear",800,150,0.366470099405492
"pg_apf","linear",800,150,0.353247351559538
"sir_laplace","linear",800,150,0.355141124972749
"sir_collapsed","linear",800,150,0.358472220294471
"stan","linear",800,150,0.359233114103722
"montoril","quadratic",800,150,0.382699644002088
"pg_apf","quadratic",800,150,0.369913345395106
"sir_laplace","quadratic",800,150,0.373670363143424
"sir_collapsed","quadratic",800,150,0.375194759755793
"stan","quadratic",800,150,0.374361377072196
"montoril","sinusoidal",800,150,0.388510640585493
"pg_apf","sinusoidal",800,150,0.377036863628238
"sir_laplace","sinusoidal",800,150,0.378950488243286
"sir_collapsed","sinusoidal",800,150,0.381279555848333
"stan","sinusoidal",800,150,0.381126195731513
"montoril","constant",1600,150,0.441887230641501
"pg_apf","constant",1600,150,0.443018881951527
"sir_laplace","constant",1600,150,0.441590703408979
"sir_collapsed","constant",1600,150,0.441842952342212
"stan","constant",1600,150,0.441246587625917
"montoril","linear",1600,150,0.306031099206587
"pg_apf","linear",1600,150,0.290975311813372
"sir_laplace","linear",1600,150,0.293555718794647
"sir_collapsed","linear",1600,150,0.297897780283692
"stan","linear",1600,150,0.293436973007813
"montoril","quadratic",1600,150,0.304135770258583
"pg_apf","quadratic",1600,150,0.294887853655168
"sir_laplace","quadratic",1600,150,0.298179462742731
"sir_collapsed","quadratic",1600,150,0.300626184226327
"stan","quadratic",1600,150,0.296264649634037
"montoril","sinusoidal",1600,150,0.3028498450889
"pg_apf","sinusoidal",1600,150,0.289836495328819
"sir_laplace","sinusoidal",1600,150,0.295738365216796
"sir_collapsed","sinusoidal",1600,150,0.293528262321035
"stan","sinusoidal",1600,150,0.290964498080168
"montoril","constant",200,151,0.6169390057256
"pg_apf","constant",200,151,0.614470880099478
"sir_laplace","constant",200,151,0.617548378114354
"sir_collapsed","constant",200,151,0.618613478727636
"stan","constant",200,151,0.615361471081294
"montoril","linear",200,151,0.370957393253377
"pg_apf","linear",200,151,0.371166760981939
"sir_laplace","linear",200,151,0.36955200675478
"sir_collapsed","linear",200,151,0.389042691424692
"stan","linear",200,151,0.371152828339565
"montoril","quadratic",200,151,0.419645700738276
"pg_apf","quadratic",200,151,0.414422333963284
"sir_laplace","quadratic",200,151,0.426758318826912
"sir_collapsed","quadratic",200,151,0.436245205178238
"stan","quadratic",200,151,0.422069791842037
"montoril","sinusoidal",200,151,0.354549552552639
"pg_apf","sinusoidal",200,151,0.36619979859407
"sir_laplace","sinusoidal",200,151,0.379075457413367
"sir_collapsed","sinusoidal",200,151,0.39203183984343
"stan","sinusoidal",200,151,0.366922195675016
"montoril","constant",400,151,0.664666724266752
"pg_apf","constant",400,151,0.668351607551327
"sir_laplace","constant",400,151,0.665931214904904
"sir_collapsed","constant",400,151,0.6677318073691
"stan","constant",400,151,0.666697400264585
"montoril","linear",400,151,0.367205582419521
"pg_apf","linear",400,151,0.366553250753985
"sir_laplace","linear",400,151,0.368418456926378
"sir_collapsed","linear",400,151,0.377843068724988
"stan","linear",400,151,0.368350627731684
"montoril","quadratic",400,151,0.393259406121354
"pg_apf","quadratic",400,151,0.367868353148409
"sir_laplace","quadratic",400,151,0.375179742054535
"sir_collapsed","quadratic",400,151,0.382629977990569
"stan","quadratic",400,151,0.370124606905221
"montoril","sinusoidal",400,151,0.37508940464189
"pg_apf","sinusoidal",400,151,0.370985570614618
"sir_laplace","sinusoidal",400,151,0.379081525863765
"sir_collapsed","sinusoidal",400,151,0.385771062545827
"stan","sinusoidal",400,151,0.379386081699767
"montoril","constant",800,151,0.531627153739814
"pg_apf","constant",800,151,0.532372513805621
"sir_laplace","constant",800,151,0.52993280393278
"sir_collapsed","constant",800,151,0.531148604440891
"stan","constant",800,151,0.530510162060103
"montoril","linear",800,151,0.281363815388381
"pg_apf","linear",800,151,0.276701758107426
"sir_laplace","linear",800,151,0.278400268386813
"sir_collapsed","linear",800,151,0.281880194198197
"stan","linear",800,151,0.277489738324132
"montoril","quadratic",800,151,0.27776762178101
"pg_apf","quadratic",800,151,0.275999767855744
"sir_laplace","quadratic",800,151,0.278549086575258
"sir_collapsed","quadratic",800,151,0.279682436463552
"stan","quadratic",800,151,0.276971830289737
"montoril","sinusoidal",800,151,0.330573990675308
"pg_apf","sinusoidal",800,151,0.317697459019907
"sir_laplace","sinusoidal",800,151,0.31881220141153
"sir_collapsed","sinusoidal",800,151,0.32278319868942
"stan","sinusoidal",800,151,0.317818336178345
"montoril","constant",1600,151,0.45416393092815
"pg_apf","constant",1600,151,0.44955505793696
"sir_laplace","constant",1600,151,0.447367628489093
"sir_collapsed","constant",1600,151,0.449014131247076
"stan","constant",1600,151,0.445997413983535
"montoril","linear",1600,151,0.309271923065006
"pg_apf","linear",1600,151,0.301793153322845
"sir_laplace","linear",1600,151,0.308178495258149
"sir_collapsed","linear",1600,151,0.311904325628786
"stan","linear",1600,151,0.308918640979817
"montoril","quadratic",1600,151,0.311068140358438
"pg_apf","quadratic",1600,151,0.302154559433932
"sir_laplace","quadratic",1600,151,0.306609077016608
"sir_collapsed","quadratic",1600,151,0.313189173486338
"stan","quadratic",1600,151,0.307927217962137
"montoril","sinusoidal",1600,151,0.318228661961915
"pg_apf","sinusoidal",1600,151,0.313747000430511
"sir_laplace","sinusoidal",1600,151,0.316346919925012
"sir_collapsed","sinusoidal",1600,151,0.321161009406791
"stan","sinusoidal",1600,151,0.317093993822178
"montoril","constant",200,152,0.880925308618235
"pg_apf","constant",200,152,0.88133130372054
"sir_laplace","constant",200,152,0.877365187943156
"sir_collapsed","constant",200,152,0.865881137439476
"stan","constant",200,152,0.883829622221207
"montoril","linear",200,152,0.420667294982915
"pg_apf","linear",200,152,0.423713150570866
"sir_laplace","linear",200,152,0.417836230280135
"sir_collapsed","linear",200,152,0.40952932559586
"stan","linear",200,152,0.423033104313983
"montoril","quadratic",200,152,0.404925410552566
"pg_apf","quadratic",200,152,0.420354545366902
"sir_laplace","quadratic",200,152,0.412294109605087
"sir_collapsed","quadratic",200,152,0.404479919441632
"stan","quadratic",200,152,0.417846607784537
"montoril","sinusoidal",200,152,0.461233000094632
"pg_apf","sinusoidal",200,152,0.479241769931591
"sir_laplace","sinusoidal",200,152,0.47093883863738
"sir_collapsed","sinusoidal",200,152,0.462856180929324
"stan","sinusoidal",200,152,0.48057528111692
"montoril","constant",400,152,0.634106455157792
"pg_apf","constant",400,152,0.632525359344034
"sir_laplace","constant",400,152,0.625204935852997
"sir_collapsed","constant",400,152,0.620735370405692
"stan","constant",400,152,0.630783025909903
"montoril","linear",400,152,0.323693748850563
"pg_apf","linear",400,152,0.314623382347702
"sir_laplace","linear",400,152,0.313710906167229
"sir_collapsed","linear",400,152,0.320627366988542
"stan","linear",400,152,0.321085561694139
"montoril","quadratic",400,152,0.341897013194782
"pg_apf","quadratic",400,152,0.335663603554213
"sir_laplace","quadratic",400,152,0.333617118929163
"sir_collapsed","quadratic",400,152,0.333700635952142
"stan","quadratic",400,152,0.338088432340676
"montoril","sinusoidal",400,152,0.351092181683201
"pg_apf","sinusoidal",400,152,0.339194093825991
"sir_laplace","sinusoidal",400,152,0.343882218122216
"sir_collapsed","sinusoidal",400,152,0.341868138526021
"stan","sinusoidal",400,152,0.344473100304689
"montoril","constant",800,152,0.533373940847296
"pg_apf","constant",800,152,0.53906658616626
"sir_laplace","constant",800,152,0.536155112894131
"sir_collapsed","constant",800,152,0.532606827646524
"stan","constant",800,152,0.536084374904012
"montoril","linear",800,152,0.331427303779181
"pg_apf","linear",800,152,0.322545764072635
"sir_laplace","linear",800,152,0.322163388767185
"sir_collapsed","linear",800,152,0.323215267404167
"stan","linear",800,152,0.320950416457738
"montoril","quadratic",800,152,0.331020143105831
"pg_apf","quadratic",800,152,0.328704977005764
"sir_laplace","quadratic",800,152,0.330131931045644
"sir_collapsed","quadratic",800,152,0.33172058493797
"stan","quadratic",800,152,0.329770827647951
"montoril","sinusoidal",800,152,0.341378544786628
"pg_apf","sinusoidal",800,152,0.334352388657159
"sir_laplace","sinusoidal",800,152,0.334501133067177
"sir_collapsed","sinusoidal",800,152,0.336769927091928
"stan","sinusoidal",800,152,0.335038624882758
"montoril","constant",1600,152,0.521950842495099
"pg_apf","constant",1600,152,0.519341952341401
"sir_laplace","constant",1600,152,0.518992981874545
"sir_collapsed","constant",1600,152,0.519658883624393
"stan","constant",1600,152,0.521399816025687
"montoril","linear",1600,152,0.362301743095828
"pg_apf","linear",1600,152,0.365917696667989
"sir_laplace","linear",1600,152,0.365927299795087
"sir_collapsed","linear",1600,152,0.371150253302681
"stan","linear",1600,152,0.36787142423677
"montoril","quadratic",1600,152,0.351683479942176
"pg_apf","quadratic",1600,152,0.344951141489659
"sir_laplace","quadratic",1600,152,0.348087841663201
"sir_collapsed","quadratic",1600,152,0.348911257088132
"stan","quadratic",1600,152,0.345650973260775
"montoril","sinusoidal",1600,152,0.400288612937223
"pg_apf","sinusoidal",1600,152,0.38095897419113
"sir_laplace","sinusoidal",1600,152,0.384658730327782
"sir_collapsed","sinusoidal",1600,152,0.388468368573307
"stan","sinusoidal",1600,152,0.387734978132894
"montoril","constant",200,153,0.951031875415021
"pg_apf","constant",200,153,0.952740038418622
"sir_laplace","constant",200,153,0.945714640392982
"sir_collapsed","constant",200,153,0.936309814486646
"stan","constant",200,153,0.945652597928305
"montoril","linear",200,153,0.46767117623833
"pg_apf","linear",200,153,0.466072096482874
"sir_laplace","linear",200,153,0.463635439275968
"sir_collapsed","linear",200,153,0.468114028579788
"stan","linear",200,153,0.468445310387532
"montoril","quadratic",200,153,0.514775866134829
"pg_apf","quadratic",200,153,0.490945496894701
"sir_laplace","quadratic",200,153,0.494025267326682
"sir_collapsed","quadratic",200,153,0.498164609535807
"stan","quadratic",200,153,0.492312751546576
"montoril","sinusoidal",200,153,0.475349431863246
"pg_apf","sinusoidal",200,153,0.48745827562065
"sir_laplace","sinusoidal",200,153,0.485954062728991
"sir_collapsed","sinusoidal",200,153,0.483578329807767
"stan","sinusoidal",200,153,0.488124422647196
"montoril","constant",400,153,0.643021567367289
"pg_apf","constant",400,153,0.640860752081411
"sir_laplace","constant",400,153,0.641299803186307
"sir_collapsed","constant",400,153,0.64726133793656
"stan","constant",400,153,0.640763586208937
"montoril","linear",400,153,0.387263607132096
"pg_apf","linear",400,153,0.388604598504333
"sir_laplace","linear",400,153,0.397065076579706
"sir_collapsed","linear",400,153,0.399868383234233
"stan","linear",400,153,0.392831761493485
"montoril","quadratic",400,153,0.419977888830688
"pg_apf","quadratic",400,153,0.420197241891242
"sir_laplace","quadratic",400,153,0.423485013868473
"sir_collapsed","quadratic",400,153,0.431513601507739
"stan","quadratic",400,153,0.420755191626321
"montoril","sinusoidal",400,153,0.330561590545998
"pg_apf","sinusoidal",400,153,0.330265421943108
"sir_laplace","sinusoidal",400,153,0.337215514113994
"sir_collapsed","sinusoidal",400,153,0.340910804564589
"stan","sinusoidal",400,153,0.328140774123786
"montoril","constant",800,153,0.578509630266761
"pg_apf","constant",800,153,0.57617403720646
"sir_laplace","constant",800,153,0.574890298245289
"sir_collapsed","constant",800,153,0.576196375405331
"stan","constant",800,153,0.576452752135436
"montoril","linear",800,153,0.340364119278207
"pg_apf","linear",800,153,0.339515045328649
"sir_laplace","linear",800,153,0.343500242185539
"sir_collapsed","linear",800,153,0.348195115893076
"stan","linear",800,153,0.343026864604761
"montoril","quadratic",800,153,0.328080796597176
"pg_apf","quadratic",800,153,0.321775958860421
"sir_laplace","quadratic",800,153,0.32203544990825
"sir_collapsed","quadratic",800,153,0.32556108202236
"stan","quadratic",800,153,0.323034794914813
"montoril","sinusoidal",800,153,0.346127612156064
"pg_apf","sinusoidal",800,153,0.340647694516328
"sir_laplace","sinusoidal",800,153,0.339842083541456
"sir_collapsed","sinusoidal",800,153,0.343541664864499
"stan","sinusoidal",800,153,0.346696249753867
"montoril","constant",1600,153,0.456442745998149
"pg_apf","constant",1600,153,0.456690848306217
"sir_laplace","constant",1600,153,0.456352301076799
"sir_collapsed","constant",1600,153,0.455205792509733
"stan","constant",1600,153,0.45579807031
"montoril","linear",1600,153,0.348211919846714
"pg_apf","linear",1600,153,0.33924425492026
"sir_laplace","linear",1600,153,0.342788824020661
"sir_collapsed","linear",1600,153,0.343035363552711
"stan","linear",1600,153,0.342775147925983
"montoril","quadratic",1600,153,0.352579234098345
"pg_apf","quadratic",1600,153,0.345802756821308
"sir_laplace","quadratic",1600,153,0.347220892361875
"sir_collapsed","quadratic",1600,153,0.346791994589324
"stan","quadratic",1600,153,0.347075283081821
"montoril","sinusoidal",1600,153,0.350993684199089
"pg_apf","sinusoidal",1600,153,0.349299775236303
"sir_laplace","sinusoidal",1600,153,0.348421511372422
"sir_collapsed","sinusoidal",1600,153,0.353207112112438
"stan","sinusoidal",1600,153,0.352147332830388
"montoril","constant",200,154,0.773357884634097
"pg_apf","constant",200,154,0.773174632643275
"sir_laplace","constant",200,154,0.766994287811233
"sir_collapsed","constant",200,154,0.761374880550573
"stan","constant",200,154,0.773522664792778
"montoril","linear",200,154,0.466239620985036
"pg_apf","linear",200,154,0.467187117611863
"sir_laplace","linear",200,154,0.46440031230145
"sir_collapsed","linear",200,154,0.453448728805136
"stan","linear",200,154,0.467273462010318
"montoril","quadratic",200,154,0.478576613320184
"pg_apf","quadratic",200,154,0.497961230083545
"sir_laplace","quadratic",200,154,0.491769900849871
"sir_collapsed","quadratic",200,154,0.483467161465499
"stan","quadratic",200,154,0.499991384854711
"montoril","sinusoidal",200,154,0.425803879720134
"pg_apf","sinusoidal",200,154,0.437113248290617
"sir_laplace","sinusoidal",200,154,0.431681855797323
"sir_collapsed","sinusoidal",200,154,0.421359077858814
"stan","sinusoidal",200,154,0.438053402389002
"montoril","constant",400,154,0.605840161657386
"pg_apf","constant",400,154,0.60442219061443
"sir_laplace","constant",400,154,0.604278452354475
"sir_collapsed","constant",400,154,0.602478436941287
"stan","constant",400,154,0.608802447119297
"montoril","linear",400,154,0.345238504070297
"pg_apf","linear",400,154,0.34602567097972
"sir_laplace","linear",400,154,0.342634646592204
"sir_collapsed","linear",400,154,0.341160836159001
"stan","linear",400,154,0.349093155343193
"montoril","quadratic",400,154,0.369247109457711
"pg_apf","quadratic",400,154,0.365071741302945
"sir_laplace","quadratic",400,154,0.364593339787595
"sir_collapsed","quadratic",400,154,0.359325853071381
"stan","quadratic",400,154,0.371030303016142
"montoril","sinusoidal",400,154,0.365666712782903
"pg_apf","sinusoidal",400,154,0.362112220547027
"sir_laplace","sinusoidal",400,154,0.360060975378508
"sir_collapsed","sinusoidal",400,154,0.359375105397239
"stan","sinusoidal",400,154,0.368372748024865
"montoril","constant",800,154,0.468790483439855
"pg_apf","constant",800,154,0.470465190670907
"sir_laplace","constant",800,154,0.469165142344527
"sir_collapsed","constant",800,154,0.469621581950971
"stan","constant",800,154,0.46868059113677
"montoril","linear",800,154,0.273468579924002
"pg_apf","linear",800,154,0.263395696948056
"sir_laplace","linear",800,154,0.266236090201585
"sir_collapsed","linear",800,154,0.268972437692512
"stan","linear",800,154,0.264290984945516
"montoril","quadratic",800,154,0.244656419804449
"pg_apf","quadratic",800,154,0.255194175179803
"sir_laplace","quadratic",800,154,0.255425468133692
"sir_collapsed","quadratic",800,154,0.260446335429225
"stan","quadratic",800,154,0.256032536724102
"montoril","sinusoidal",800,154,0.275343841799006
"pg_apf","sinusoidal",800,154,0.282911232456205
"sir_laplace","sinusoidal",800,154,0.286300789945406
"sir_collapsed","sinusoidal",800,154,0.290312746487031
"stan","sinusoidal",800,154,0.287191442748497
"montoril","constant",1600,154,0.490790004328093
"pg_apf","constant",1600,154,0.481566202834378
"sir_laplace","constant",1600,154,0.482081168234458
"sir_collapsed","constant",1600,154,0.484119382315153
"stan","constant",1600,154,0.480651220993744
"montoril","linear",1600,154,0.309969458207157
"pg_apf","linear",1600,154,0.30776543337973
"sir_laplace","linear",1600,154,0.310797644846991
"sir_collapsed","linear",1600,154,0.314054194360777
"stan","linear",1600,154,0.310391531714167
"montoril","quadratic",1600,154,0.309507492828803
"pg_apf","quadratic",1600,154,0.30533579277971
"sir_laplace","quadratic",1600,154,0.308351799068256
"sir_collapsed","quadratic",1600,154,0.311059768810342
"stan","quadratic",1600,154,0.310167252581611
"montoril","sinusoidal",1600,154,0.338139889865233
"pg_apf","sinusoidal",1600,154,0.334330235521339
"sir_laplace","sinusoidal",1600,154,0.339145042206238
"sir_collapsed","sinusoidal",1600,154,0.34214958099775
"stan","sinusoidal",1600,154,0.336010783895356
"montoril","constant",200,155,0.861776410786044
"pg_apf","constant",200,155,0.857278773195433
"sir_laplace","constant",200,155,0.843826483354026
"sir_collapsed","constant",200,155,0.841748806178421
"stan","constant",200,155,0.848752637565791
"montoril","linear",200,155,0.40019716836038
"pg_apf","linear",200,155,0.401458975405821
"sir_laplace","linear",200,155,0.3953404110283
"sir_collapsed","linear",200,155,0.399542601052904
"stan","linear",200,155,0.398141644768648
"montoril","quadratic",200,155,0.446967797908424
"pg_apf","quadratic",200,155,0.439647207006965
"sir_laplace","quadratic",200,155,0.443113912004416
"sir_collapsed","quadratic",200,155,0.448163624206185
"stan","quadratic",200,155,0.446780010161503
"montoril","sinusoidal",200,155,0.439025157453728
"pg_apf","sinusoidal",200,155,0.446365054661484
"sir_laplace","sinusoidal",200,155,0.441513125864954
"sir_collapsed","sinusoidal",200,155,0.445435141568844
"stan","sinusoidal",200,155,0.443558203754871
"montoril","constant",400,155,0.658581302468002
"pg_apf","constant",400,155,0.6614453108144
"sir_laplace","constant",400,155,0.660878027045595
"sir_collapsed","constant",400,155,0.663805315741158
"stan","constant",400,155,0.660459134399793
"montoril","linear",400,155,0.35848972599374
"pg_apf","linear",400,155,0.35929558481884
"sir_laplace","linear",400,155,0.365108246329856
"sir_collapsed","linear",400,155,0.371006959835761
"stan","linear",400,155,0.362472335487217
"montoril","quadratic",400,155,0.355631965824792
"pg_apf","quadratic",400,155,0.34784190092013
"sir_laplace","quadratic",400,155,0.352618968028355
"sir_collapsed","quadratic",400,155,0.358533687244584
"stan","quadratic",400,155,0.358163742863863
"montoril","sinusoidal",400,155,0.327275787480972
"pg_apf","sinusoidal",400,155,0.315036910280397
"sir_laplace","sinusoidal",400,155,0.319951258673584
"sir_collapsed","sinusoidal",400,155,0.326097037291451
"stan","sinusoidal",400,155,0.313426572464635
"montoril","constant",800,155,0.620121190825972
"pg_apf","constant",800,155,0.617895075565605
"sir_laplace","constant",800,155,0.615907294363927
"sir_collapsed","constant",800,155,0.615602836303034
"stan","constant",800,155,0.61526211743249
"montoril","linear",800,155,0.397566904732844
"pg_apf","linear",800,155,0.399211445181971
"sir_laplace","linear",800,155,0.403014762555244
"sir_collapsed","linear",800,155,0.404975337090922
"stan","linear",800,155,0.402039160593732
"montoril","quadratic",800,155,0.427578730377115
"pg_apf","quadratic",800,155,0.417449585791812
"sir_laplace","quadratic",800,155,0.418897479077151
"sir_collapsed","quadratic",800,155,0.420353194930909
"stan","quadratic",800,155,0.416972307083519
"montoril","sinusoidal",800,155,0.45785149487072
"pg_apf","sinusoidal",800,155,0.454972467206935
"sir_laplace","sinusoidal",800,155,0.460187231824045
"sir_collapsed","sinusoidal",800,155,0.459512574411003
"stan","sinusoidal",800,155,0.456067300597468
"montoril","constant",1600,155,0.434544252224541
"pg_apf","constant",1600,155,0.432831531434036
"sir_laplace","constant",1600,155,0.433819339999453
"sir_collapsed","constant",1600,155,0.435402439763056
"stan","constant",1600,155,0.432912620564661
"montoril","linear",1600,155,0.260249807092545
"pg_apf","linear",1600,155,0.25057997642194
"sir_laplace","linear",1600,155,0.252851190469182
"sir_collapsed","linear",1600,155,0.254376069739137
"stan","linear",1600,155,0.251794415212129
"montoril","quadratic",1600,155,0.257618215655697
"pg_apf","quadratic",1600,155,0.249454286853816
"sir_laplace","quadratic",1600,155,0.254731543463036
"sir_collapsed","quadratic",1600,155,0.254496299730283
"stan","quadratic",1600,155,0.253965058857384
"montoril","sinusoidal",1600,155,0.28403909304698
"pg_apf","sinusoidal",1600,155,0.278569144222261
"sir_laplace","sinusoidal",1600,155,0.282335723035976
"sir_collapsed","sinusoidal",1600,155,0.284321383385161
"stan","sinusoidal",1600,155,0.281615661264498
"montoril","constant",200,156,0.559014106647292
"pg_apf","constant",200,156,0.565820545414028
"sir_laplace","constant",200,156,0.557284179728249
"sir_collapsed","constant",200,156,0.553837416444533
"stan","constant",200,156,0.559665328849641
"montoril","linear",200,156,0.243750624767439
"pg_apf","linear",200,156,0.240728565474674
"sir_laplace","linear",200,156,0.242649860539472
"sir_collapsed","linear",200,156,0.245008992434518
"stan","linear",200,156,0.249330900814516
"montoril","quadratic",200,156,0.28013761266793
"pg_apf","quadratic",200,156,0.27018755980973
"sir_laplace","quadratic",200,156,0.270628310648193
"sir_collapsed","quadratic",200,156,0.263861008454192
"stan","quadratic",200,156,0.274680757363531
"montoril","sinusoidal",200,156,0.214009352799104
"pg_apf","sinusoidal",200,156,0.213190540857634
"sir_laplace","sinusoidal",200,156,0.209315347942621
"sir_collapsed","sinusoidal",200,156,0.215197886186558
"stan","sinusoidal",200,156,0.213816097690252
"montoril","constant",400,156,0.708599677528295
"pg_apf","constant",400,156,0.7100353106405
"sir_laplace","constant",400,156,0.707745832678131
"sir_collapsed","constant",400,156,0.705769287626293
"stan","constant",400,156,0.709541724690363
"montoril","linear",400,156,0.447304738386014
"pg_apf","linear",400,156,0.448839251609447
"sir_laplace","linear",400,156,0.446463198748731
"sir_collapsed","linear",400,156,0.449850204723908
"stan","linear",400,156,0.448699936394444
"montoril","quadratic",400,156,0.467678712448615
"pg_apf","quadratic",400,156,0.469119985584508
"sir_laplace","quadratic",400,156,0.470964458328593
"sir_collapsed","quadratic",400,156,0.46777956170487
"stan","quadratic",400,156,0.471735504736302
"montoril","sinusoidal",400,156,0.445689448892112
"pg_apf","sinusoidal",400,156,0.448200826943344
"sir_laplace","sinusoidal",400,156,0.446297353456067
"sir_collapsed","sinusoidal",400,156,0.446373481796692
"stan","sinusoidal",400,156,0.453857933232936
"montoril","constant",800,156,0.453806917893136
"pg_apf","constant",800,156,0.452452541956488
"sir_laplace","constant",800,156,0.449662889007838
"sir_collapsed","constant",800,156,0.448131828951058
"stan","constant",800,156,0.450348019879174
"montoril","linear",800,156,0.237040514035343
"pg_apf","linear",800,156,0.238887260124545
"sir_laplace","linear",800,156,0.240426653531363
"sir_collapsed","linear",800,156,0.238207673567893
"stan","linear",800,156,0.240329552208034
"montoril","quadratic",800,156,0.255009885978708
"pg_apf","quadratic",800,156,0.251872814846878
"sir_laplace","quadratic",800,156,0.25238002900688
"sir_collapsed","quadratic",800,156,0.252524449460245
"stan","quadratic",800,156,0.254347087813299
"montoril","sinusoidal",800,156,0.262735955320473
"pg_apf","sinusoidal",800,156,0.250364689026138
"sir_laplace","sinusoidal",800,156,0.247618714079407
"sir_collapsed","sinusoidal",800,156,0.250719810777327
"stan","sinusoidal",800,156,0.248222852506983
"montoril","constant",1600,156,0.441076665965735
"pg_apf","constant",1600,156,0.443120019827524
"sir_laplace","constant",1600,156,0.44268629292191
"sir_collapsed","constant",1600,156,0.443677719658086
"stan","constant",1600,156,0.442883227059335
"montoril","linear",1600,156,0.259519786728588
"pg_apf","linear",1600,156,0.251871299815837
"sir_laplace","linear",1600,156,0.255487183595399
"sir_collapsed","linear",1600,156,0.258456219233159
"stan","linear",1600,156,0.255172134693073
"montoril","quadratic",1600,156,0.249789985786794
"pg_apf","quadratic",1600,156,0.234073291955197
"sir_laplace","quadratic",1600,156,0.239301806360846
"sir_collapsed","quadratic",1600,156,0.241791062201656
"stan","quadratic",1600,156,0.237733011519393
"montoril","sinusoidal",1600,156,0.275141080800574
"pg_apf","sinusoidal",1600,156,0.266184369008384
"sir_laplace","sinusoidal",1600,156,0.266495212485728
"sir_collapsed","sinusoidal",1600,156,0.272207803692199
"stan","sinusoidal",1600,156,0.268763792179413
"montoril","constant",200,157,0.69760898657928
"pg_apf","constant",200,157,0.689775557419216
"sir_laplace","constant",200,157,0.68751499044618
"sir_collapsed","constant",200,157,0.68674625985288
"stan","constant",200,157,0.689549085903202
"montoril","linear",200,157,0.481632932467032
"pg_apf","linear",200,157,0.481874799070943
"sir_laplace","linear",200,157,0.480815259563431
"sir_collapsed","linear",200,157,0.479332761654706
"stan","linear",200,157,0.485091632598782
"montoril","quadratic",200,157,0.504852643976191
"pg_apf","quadratic",200,157,0.500821707473182
"sir_laplace","quadratic",200,157,0.495519943971383
"sir_collapsed","quadratic",200,157,0.490445306430702
"stan","quadratic",200,157,0.498094025739992
"montoril","sinusoidal",200,157,0.361450775227788
"pg_apf","sinusoidal",200,157,0.365528667682328
"sir_laplace","sinusoidal",200,157,0.367954706538328
"sir_collapsed","sinusoidal",200,157,0.367129999528784
"stan","sinusoidal",200,157,0.368301626383635
"montoril","constant",400,157,0.64913429183791
"pg_apf","constant",400,157,0.649433043258661
"sir_laplace","constant",400,157,0.647131346205869
"sir_collapsed","constant",400,157,0.643050776731604
"stan","constant",400,157,0.647144573621606
"montoril","linear",400,157,0.312648151892109
"pg_apf","linear",400,157,0.30545583414282
"sir_laplace","linear",400,157,0.302046132165321
"sir_collapsed","linear",400,157,0.306438662991468
"stan","linear",400,157,0.302469408633267
"montoril","quadratic",400,157,0.266733528644618
"pg_apf","quadratic",400,157,0.268222961758215
"sir_laplace","quadratic",400,157,0.272108381533559
"sir_collapsed","quadratic",400,157,0.272890079964284
"stan","quadratic",400,157,0.271054948877783
"montoril","sinusoidal",400,157,0.241968355422391
"pg_apf","sinusoidal",400,157,0.227537196340561
"sir_laplace","sinusoidal",400,157,0.227436731912998
"sir_collapsed","sinusoidal",400,157,0.226158524925668
"stan","sinusoidal",400,157,0.226749395565502
"montoril","constant",800,157,0.533935118652107
"pg_apf","constant",800,157,0.534047966674115
"sir_laplace","constant",800,157,0.53525524825844
"sir_collapsed","constant",800,157,0.535220192614132
"stan","constant",800,157,0.53444595774613
"montoril","linear",800,157,0.394040072235443
"pg_apf","linear",800,157,0.384573835196759
"sir_laplace","linear",800,157,0.385602994039962
"sir_collapsed","linear",800,157,0.387266237159174
"stan","linear",800,157,0.3818887205791
"montoril","quadratic",800,157,0.377940272013826
"pg_apf","quadratic",800,157,0.377105037843985
"sir_laplace","quadratic",800,157,0.381911427244733
"sir_collapsed","quadratic",800,157,0.382014910282862
"stan","quadratic",800,157,0.379238233246762
"montoril","sinusoidal",800,157,0.38468667795651
"pg_apf","sinusoidal",800,157,0.37942673131731
"sir_laplace","sinusoidal",800,157,0.383457255284422
"sir_collapsed","sinusoidal",800,157,0.387789561238269
"stan","sinusoidal",800,157,0.381301572136115
"montoril","constant",1600,157,0.465155968857469
"pg_apf","constant",1600,157,0.462775859615184
"sir_laplace","constant",1600,157,0.464070874031634
"sir_collapsed","constant",1600,157,0.463410447211639
"stan","constant",1600,157,0.464077447981312
"montoril","linear",1600,157,0.305549140805159
"pg_apf","linear",1600,157,0.304602060070696
"sir_laplace","linear",1600,157,0.309542746893028
"sir_collapsed","linear",1600,157,0.313564047409462
"stan","linear",1600,157,0.305942087073988
"montoril","quadratic",1600,157,0.314671632768297
"pg_apf","quadratic",1600,157,0.308866697773893
"sir_laplace","quadratic",1600,157,0.313841040042626
"sir_collapsed","quadratic",1600,157,0.318369511994039
"stan","quadratic",1600,157,0.312297674814467
"montoril","sinusoidal",1600,157,0.32816902619627
"pg_apf","sinusoidal",1600,157,0.318791508867495
"sir_laplace","sinusoidal",1600,157,0.321220058203242
"sir_collapsed","sinusoidal",1600,157,0.323975758112329
"stan","sinusoidal",1600,157,0.321224503861786
"montoril","constant",200,158,0.70441656156023
"pg_apf","constant",200,158,0.696573047092496
"sir_laplace","constant",200,158,0.694763112516631
"sir_collapsed","constant",200,158,0.69111543843055
"stan","constant",200,158,0.698140996260791
"montoril","linear",200,158,0.327380346511805
"pg_apf","linear",200,158,0.328621501613458
"sir_laplace","linear",200,158,0.32744608034263
"sir_collapsed","linear",200,158,0.331524908350654
"stan","linear",200,158,0.330334710812567
"montoril","quadratic",200,158,0.354040425801481
"pg_apf","quadratic",200,158,0.362110794814696
"sir_laplace","quadratic",200,158,0.362029420129876
"sir_collapsed","quadratic",200,158,0.361146521083818
"stan","quadratic",200,158,0.362149815748103
"montoril","sinusoidal",200,158,0.325328884614254
"pg_apf","sinusoidal",200,158,0.325165227405394
"sir_laplace","sinusoidal",200,158,0.328038463409254
"sir_collapsed","sinusoidal",200,158,0.330969174791988
"stan","sinusoidal",200,158,0.323434704675626
"montoril","constant",400,158,0.663807310217664
"pg_apf","constant",400,158,0.648539043007634
"sir_laplace","constant",400,158,0.650983533070072
"sir_collapsed","constant",400,158,0.649966410883605
"stan","constant",400,158,0.651849569827628
"montoril","linear",400,158,0.371533961487755
"pg_apf","linear",400,158,0.366133678132187
"sir_laplace","linear",400,158,0.369116197730049
"sir_collapsed","linear",400,158,0.368629692638765
"stan","linear",400,158,0.368686429046146
"montoril","quadratic",400,158,0.381355818732846
"pg_apf","quadratic",400,158,0.373274063971158
"sir_laplace","quadratic",400,158,0.369582177056844
"sir_collapsed","quadratic",400,158,0.375702199851924
"stan","quadratic",400,158,0.376787694556198
"montoril","sinusoidal",400,158,0.343652818325929
"pg_apf","sinusoidal",400,158,0.336744962707075
"sir_laplace","sinusoidal",400,158,0.333408369017942
"sir_collapsed","sinusoidal",400,158,0.336521107498201
"stan","sinusoidal",400,158,0.337661080766343
"montoril","constant",800,158,0.521850855586377
"pg_apf","constant",800,158,0.527754292192926
"sir_laplace","constant",800,158,0.525731352281264
"sir_collapsed","constant",800,158,0.521985273698027
"stan","constant",800,158,0.526832510652761
"montoril","linear",800,158,0.259428211638441
"pg_apf","linear",800,158,0.260773185466601
"sir_laplace","linear",800,158,0.259122961858249
"sir_collapsed","linear",800,158,0.262105541151957
"stan","linear",800,158,0.260661383153754
"montoril","quadratic",800,158,0.285796457474544
"pg_apf","quadratic",800,158,0.282693423350797
"sir_laplace","quadratic",800,158,0.284734879882931
"sir_collapsed","quadratic",800,158,0.289452451632201
"stan","quadratic",800,158,0.285459860270411
"montoril","sinusoidal",800,158,0.266747830669169
"pg_apf","sinusoidal",800,158,0.260772916063766
"sir_laplace","sinusoidal",800,158,0.265557618727114
"sir_collapsed","sinusoidal",800,158,0.263928537720035
"stan","sinusoidal",800,158,0.261582146927719
"montoril","constant",1600,158,0.438304159536713
"pg_apf","constant",1600,158,0.438619742713009
"sir_laplace","constant",1600,158,0.438468191512689
"sir_collapsed","constant",1600,158,0.440471872112747
"stan","constant",1600,158,0.441082052882401
"montoril","linear",1600,158,0.270176250302922
"pg_apf","linear",1600,158,0.269781267342277
"sir_laplace","linear",1600,158,0.272945572988018
"sir_collapsed","linear",1600,158,0.275007814005123
"stan","linear",1600,158,0.271558097393084
"montoril","quadratic",1600,158,0.266985166267059
"pg_apf","quadratic",1600,158,0.262528312381395
"sir_laplace","quadratic",1600,158,0.267920110360575
"sir_collapsed","quadratic",1600,158,0.271727236086458
"stan","quadratic",1600,158,0.26523999093436
"montoril","sinusoidal",1600,158,0.285831979066773
"pg_apf","sinusoidal",1600,158,0.283315096948663
"sir_laplace","sinusoidal",1600,158,0.287962756740455
"sir_collapsed","sinusoidal",1600,158,0.290258096354115
"stan","sinusoidal",1600,158,0.286697528528483
"montoril","constant",200,159,0.763238627182248
"pg_apf","constant",200,159,0.774814231035412
"sir_laplace","constant",200,159,0.776849709517959
"sir_collapsed","constant",200,159,0.779859722103428
"stan","constant",200,159,0.770227531830668
"montoril","linear",200,159,0.48801500565557
"pg_apf","linear",200,159,0.473538627637519
"sir_laplace","linear",200,159,0.481319001417843
"sir_collapsed","linear",200,159,0.494395876018397
"stan","linear",200,159,0.47287035504493
"montoril","quadratic",200,159,0.475360076706179
"pg_apf","quadratic",200,159,0.484305966206494
"sir_laplace","quadratic",200,159,0.495647843776843
"sir_collapsed","quadratic",200,159,0.508058170307849
"stan","quadratic",200,159,0.490738347714987
"montoril","sinusoidal",200,159,0.481771478128148
"pg_apf","sinusoidal",200,159,0.499834784913759
"sir_laplace","sinusoidal",200,159,0.505858797373396
"sir_collapsed","sinusoidal",200,159,0.515002809516026
"stan","sinusoidal",200,159,0.498797273289083
"montoril","constant",400,159,0.701034716261487
"pg_apf","constant",400,159,0.700295751482296
"sir_laplace","constant",400,159,0.692433816696209
"sir_collapsed","constant",400,159,0.686161458291757
"stan","constant",400,159,0.702299947901012
"montoril","linear",400,159,0.453046656891111
"pg_apf","linear",400,159,0.463872270357203
"sir_laplace","linear",400,159,0.460501685819316
"sir_collapsed","linear",400,159,0.455460230040067
"stan","linear",400,159,0.463146613073905
"montoril","quadratic",400,159,0.464034991936089
"pg_apf","quadratic",400,159,0.474331975495221
"sir_laplace","quadratic",400,159,0.468537366430792
"sir_collapsed","quadratic",400,159,0.464929118618998
"stan","quadratic",400,159,0.473138929175463
"montoril","sinusoidal",400,159,0.529935473859815
"pg_apf","sinusoidal",400,159,0.528856401841365
"sir_laplace","sinusoidal",400,159,0.525897661802362
"sir_collapsed","sinusoidal",400,159,0.518655606956565
"stan","sinusoidal",400,159,0.530705812160952
"montoril","constant",800,159,0.517462255179301
"pg_apf","constant",800,159,0.512367398817527
"sir_laplace","constant",800,159,0.51373925279084
"sir_collapsed","constant",800,159,0.513138851133875
"stan","constant",800,159,0.513161481956286
"montoril","linear",800,159,0.283098086353981
"pg_apf","linear",800,159,0.283679716689189
"sir_laplace","linear",800,159,0.28522955851003
"sir_collapsed","linear",800,159,0.288494898670758
"stan","linear",800,159,0.285836223168271
"montoril","quadratic",800,159,0.270058496881916
"pg_apf","quadratic",800,159,0.263205981945767
"sir_laplace","quadratic",800,159,0.264951644287296
"sir_collapsed","quadratic",800,159,0.269593489578487
"stan","quadratic",800,159,0.26827713086375
"montoril","sinusoidal",800,159,0.28485728103061
"pg_apf","sinusoidal",800,159,0.282285697545773
"sir_laplace","sinusoidal",800,159,0.286114997325048
"sir_collapsed","sinusoidal",800,159,0.288705681241658
"stan","sinusoidal",800,159,0.280934962699281
"montoril","constant",1600,159,0.487390655820811
"pg_apf","constant",1600,159,0.492925857470384
"sir_laplace","constant",1600,159,0.492769605835985
"sir_collapsed","constant",1600,159,0.493230459148785
"stan","constant",1600,159,0.493115318340477
"montoril","linear",1600,159,0.343666362279667
"pg_apf","linear",1600,159,0.334470518654361
"sir_laplace","linear",1600,159,0.337963916431821
"sir_collapsed","linear",1600,159,0.341244491213018
"stan","linear",1600,159,0.3365805049966
"montoril","quadratic",1600,159,0.333741692676887
"pg_apf","quadratic",1600,159,0.323237229565696
"sir_laplace","quadratic",1600,159,0.327693566014614
"sir_collapsed","quadratic",1600,159,0.331194121901473
"stan","quadratic",1600,159,0.326477449353153
"montoril","sinusoidal",1600,159,0.336799376661777
"pg_apf","sinusoidal",1600,159,0.330635180986087
"sir_laplace","sinusoidal",1600,159,0.333715450942544
"sir_collapsed","sinusoidal",1600,159,0.338366175742412
"stan","sinusoidal",1600,159,0.334955127232522
"montoril","constant",200,160,0.790849755079182
"pg_apf","constant",200,160,0.789335723306945
"sir_laplace","constant",200,160,0.783747602428842
"sir_collapsed","constant",200,160,0.781683626718169
"stan","constant",200,160,0.789165496559829
"montoril","linear",200,160,0.320014692930004
"pg_apf","linear",200,160,0.316996467482387
"sir_laplace","linear",200,160,0.314484429890051
"sir_collapsed","linear",200,160,0.318998212165995
"stan","linear",200,160,0.319410195802191
"montoril","quadratic",200,160,0.339118493197765
"pg_apf","quadratic",200,160,0.344605797532711
"sir_laplace","quadratic",200,160,0.337027650889884
"sir_collapsed","quadratic",200,160,0.340614364634275
"stan","quadratic",200,160,0.340153177571061
"montoril","sinusoidal",200,160,0.362374145175542
"pg_apf","sinusoidal",200,160,0.363120234595731
"sir_laplace","sinusoidal",200,160,0.355894626770922
"sir_collapsed","sinusoidal",200,160,0.363117812709038
"stan","sinusoidal",200,160,0.364317066472795
"montoril","constant",400,160,0.650920935088127
"pg_apf","constant",400,160,0.658507597016423
"sir_laplace","constant",400,160,0.645525329587834
"sir_collapsed","constant",400,160,0.640303511289523
"stan","constant",400,160,0.653571467901575
"montoril","linear",400,160,0.349110090148131
"pg_apf","linear",400,160,0.346512796813584
"sir_laplace","linear",400,160,0.340525000161362
"sir_collapsed","linear",400,160,0.338022418668394
"stan","linear",400,160,0.346054935119365
"montoril","quadratic",400,160,0.375842508545201
"pg_apf","quadratic",400,160,0.374398610442858
"sir_laplace","quadratic",400,160,0.372827538456577
"sir_collapsed","quadratic",400,160,0.368823073872842
"stan","quadratic",400,160,0.375518747111392
"montoril","sinusoidal",400,160,0.395183637776837
"pg_apf","sinusoidal",400,160,0.386038239815231
"sir_laplace","sinusoidal",400,160,0.379970050032014
"sir_collapsed","sinusoidal",400,160,0.37441178303986
"stan","sinusoidal",400,160,0.385260392415374
"montoril","constant",800,160,0.505451077678405
"pg_apf","constant",800,160,0.504295921570039
"sir_laplace","constant",800,160,0.504183385209808
"sir_collapsed","constant",800,160,0.504570484687386
"stan","constant",800,160,0.501862785725786
"montoril","linear",800,160,0.302616654355419
"pg_apf","linear",800,160,0.312424813954508
"sir_laplace","linear",800,160,0.314299255266417
"sir_collapsed","linear",800,160,0.320313475634337
"stan","linear",800,160,0.312819649679854
"montoril","quadratic",800,160,0.337235537324786
"pg_apf","quadratic",800,160,0.325138781306822
"sir_laplace","quadratic",800,160,0.325975854440696
"sir_collapsed","quadratic",800,160,0.331734920805606
"stan","quadratic",800,160,0.324901003150076
"montoril","sinusoidal",800,160,0.320145429074666
"pg_apf","sinusoidal",800,160,0.327257135570901
"sir_laplace","sinusoidal",800,160,0.329646012516537
"sir_collapsed","sinusoidal",800,160,0.334704857964144
"stan","sinusoidal",800,160,0.327726115502552
"montoril","constant",1600,160,0.431214753190552
"pg_apf","constant",1600,160,0.434152050705481
"sir_laplace","constant",1600,160,0.431929865369566
"sir_collapsed","constant",1600,160,0.43262783997846
"stan","constant",1600,160,0.432582668839406
"montoril","linear",1600,160,0.290124405302507
"pg_apf","linear",1600,160,0.276867987213353
"sir_laplace","linear",1600,160,0.278811862362195
"sir_collapsed","linear",1600,160,0.279981056840233
"stan","linear",1600,160,0.278137609081707
"montoril","quadratic",1600,160,0.278579182633981
"pg_apf","quadratic",1600,160,0.265664427375171
"sir_laplace","quadratic",1600,160,0.271950396803519
"sir_collapsed","quadratic",1600,160,0.271750648597248
"stan","quadratic",1600,160,0.268712497114097
"montoril","sinusoidal",1600,160,0.290749045265806
"pg_apf","sinusoidal",1600,160,0.288063043223563
"sir_laplace","sinusoidal",1600,160,0.289235976354595
"sir_collapsed","sinusoidal",1600,160,0.29304766376274
"stan","sinusoidal",1600,160,0.289761014344519
"montoril","constant",200,161,0.824730019019353
"pg_apf","constant",200,161,0.830132804128557
"sir_laplace","constant",200,161,0.828595609488072
"sir_collapsed","constant",200,161,0.830323340823392
"stan","constant",200,161,0.830058680931392
"montoril","linear",200,161,0.557215118417782
"pg_apf","linear",200,161,0.561433395468276
"sir_laplace","linear",200,161,0.558445258995629
"sir_collapsed","linear",200,161,0.55982501469809
"stan","linear",200,161,0.553467355463231
"montoril","quadratic",200,161,0.540613679026928
"pg_apf","quadratic",200,161,0.547667368908631
"sir_laplace","quadratic",200,161,0.545990493212269
"sir_collapsed","quadratic",200,161,0.547088917847135
"stan","quadratic",200,161,0.541742947364844
"montoril","sinusoidal",200,161,0.520396411335509
"pg_apf","sinusoidal",200,161,0.510930351814028
"sir_laplace","sinusoidal",200,161,0.510465349819035
"sir_collapsed","sinusoidal",200,161,0.519198958231279
"stan","sinusoidal",200,161,0.510349902419163
"montoril","constant",400,161,0.648075384905005
"pg_apf","constant",400,161,0.647190493195408
"sir_laplace","constant",400,161,0.642039687165923
"sir_collapsed","constant",400,161,0.640614440605756
"stan","constant",400,161,0.644031146622559
"montoril","linear",400,161,0.32172408151824
"pg_apf","linear",400,161,0.321881078252193
"sir_laplace","linear",400,161,0.317565759582893
"sir_collapsed","linear",400,161,0.323991210178455
"stan","linear",400,161,0.32087345992068
"montoril","quadratic",400,161,0.289185417046006
"pg_apf","quadratic",400,161,0.286894171295696
"sir_laplace","quadratic",400,161,0.290420808992427
"sir_collapsed","quadratic",400,161,0.292651886768069
"stan","quadratic",400,161,0.29082799904328
"montoril","sinusoidal",400,161,0.311414157579772
"pg_apf","sinusoidal",400,161,0.317654607284131
"sir_laplace","sinusoidal",400,161,0.316657997919749
"sir_collapsed","sinusoidal",400,161,0.324579882170516
"stan","sinusoidal",400,161,0.31740285909806
"montoril","constant",800,161,0.548223210082509
"pg_apf","constant",800,161,0.545642003596501
"sir_laplace","constant",800,161,0.542643343453304
"sir_collapsed","constant",800,161,0.541722502946006
"stan","constant",800,161,0.546194322523652
"montoril","linear",800,161,0.271845020870366
"pg_apf","linear",800,161,0.272316510414455
"sir_laplace","linear",800,161,0.270618808140958
"sir_collapsed","linear",800,161,0.273559160682014
"stan","linear",800,161,0.274049234935833
"montoril","quadratic",800,161,0.271479351284621
"pg_apf","quadratic",800,161,0.268792257175895
"sir_laplace","quadratic",800,161,0.269947617298576
"sir_collapsed","quadratic",800,161,0.272017246670593
"stan","quadratic",800,161,0.272393305131839
"montoril","sinusoidal",800,161,0.281974179204697
"pg_apf","sinusoidal",800,161,0.270606907655216
"sir_laplace","sinusoidal",800,161,0.274236037054639
"sir_collapsed","sinusoidal",800,161,0.27342521425808
"stan","sinusoidal",800,161,0.273424306149526
"montoril","constant",1600,161,0.427082443464314
"pg_apf","constant",1600,161,0.424770479370004
"sir_laplace","constant",1600,161,0.423747003038129
"sir_collapsed","constant",1600,161,0.426428059813222
"stan","constant",1600,161,0.424058940473457
"montoril","linear",1600,161,0.292073168625152
"pg_apf","linear",1600,161,0.284017361184323
"sir_laplace","linear",1600,161,0.287685692165685
"sir_collapsed","linear",1600,161,0.289926352572199
"stan","linear",1600,161,0.28586958513681
"montoril","quadratic",1600,161,0.294349858196783
"pg_apf","quadratic",1600,161,0.28225033860773
"sir_laplace","quadratic",1600,161,0.283414711575721
"sir_collapsed","quadratic",1600,161,0.28905995222488
"stan","quadratic",1600,161,0.284123493400747
"montoril","sinusoidal",1600,161,0.281994521648969
"pg_apf","sinusoidal",1600,161,0.284745137230106
"sir_laplace","sinusoidal",1600,161,0.288801302997819
"sir_collapsed","sinusoidal",1600,161,0.290079148671281
"stan","sinusoidal",1600,161,0.286620435913711
"montoril","constant",200,162,0.814425192627585
"pg_apf","constant",200,162,0.807690401469386
"sir_laplace","constant",200,162,0.812096009039004
"sir_collapsed","constant",200,162,0.810095240658533
"stan","constant",200,162,0.813348889244616
"montoril","linear",200,162,0.423514350981603
"pg_apf","linear",200,162,0.430537394409921
"sir_laplace","linear",200,162,0.428552124739625
"sir_collapsed","linear",200,162,0.430018347126049
"stan","linear",200,162,0.429360878969705
"montoril","quadratic",200,162,0.447224174185158
"pg_apf","quadratic",200,162,0.441395091637102
"sir_laplace","quadratic",200,162,0.435467239747308
"sir_collapsed","quadratic",200,162,0.437886849828908
"stan","quadratic",200,162,0.442071337747569
"montoril","sinusoidal",200,162,0.537195500268227
"pg_apf","sinusoidal",200,162,0.531778811958318
"sir_laplace","sinusoidal",200,162,0.531687871961565
"sir_collapsed","sinusoidal",200,162,0.53711940553248
"stan","sinusoidal",200,162,0.533389296756625
"montoril","constant",400,162,0.643306080739375
"pg_apf","constant",400,162,0.642715006902836
"sir_laplace","constant",400,162,0.639048241729508
"sir_collapsed","constant",400,162,0.639199903058757
"stan","constant",400,162,0.63927886997978
"montoril","linear",400,162,0.347740337667786
"pg_apf","linear",400,162,0.347240988157717
"sir_laplace","linear",400,162,0.345015010573832
"sir_collapsed","linear",400,162,0.351062771484083
"stan","linear",400,162,0.349500586488587
"montoril","quadratic",400,162,0.337937949957691
"pg_apf","quadratic",400,162,0.323574040483412
"sir_laplace","quadratic",400,162,0.32924911610705
"sir_collapsed","quadratic",400,162,0.327199147201989
"stan","quadratic",400,162,0.325063439071241
"montoril","sinusoidal",400,162,0.332144218722287
"pg_apf","sinusoidal",400,162,0.329786654636021
"sir_laplace","sinusoidal",400,162,0.330633271730831
"sir_collapsed","sinusoidal",400,162,0.334339962503118
"stan","sinusoidal",400,162,0.325846925793726
"montoril","constant",800,162,0.658653696602961
"pg_apf","constant",800,162,0.661059741507055
"sir_laplace","constant",800,162,0.659048056911211
"sir_collapsed","constant",800,162,0.656618710514152
"stan","constant",800,162,0.660709532134935
"montoril","linear",800,162,0.482624653556104
"pg_apf","linear",800,162,0.471706318704397
"sir_laplace","linear",800,162,0.472836744423866
"sir_collapsed","linear",800,162,0.472067998845007
"stan","linear",800,162,0.474430914226237
"montoril","quadratic",800,162,0.441183671255003
"pg_apf","quadratic",800,162,0.438667999843474
"sir_laplace","quadratic",800,162,0.436567993923637
"sir_collapsed","quadratic",800,162,0.438395107717941
"stan","quadratic",800,162,0.438869282213514
"montoril","sinusoidal",800,162,0.478751155146998
"pg_apf","sinusoidal",800,162,0.479521236234208
"sir_laplace","sinusoidal",800,162,0.478291304471329
"sir_collapsed","sinusoidal",800,162,0.480502380669129
"stan","sinusoidal",800,162,0.48170024225948
"montoril","constant",1600,162,0.454116563345656
"pg_apf","constant",1600,162,0.44530045109386
"sir_laplace","constant",1600,162,0.448600587874332
"sir_collapsed","constant",1600,162,0.44821764906567
"stan","constant",1600,162,0.449784533147351
"montoril","linear",1600,162,0.292898053567633
"pg_apf","linear",1600,162,0.291087223089533
"sir_laplace","linear",1600,162,0.29224960784507
"sir_collapsed","linear",1600,162,0.293669960425944
"stan","linear",1600,162,0.29394630405896
"montoril","quadratic",1600,162,0.334528837158394
"pg_apf","quadratic",1600,162,0.333437558702869
"sir_laplace","quadratic",1600,162,0.333452050258811
"sir_collapsed","quadratic",1600,162,0.33263769198586
"stan","quadratic",1600,162,0.335527452357462
"montoril","sinusoidal",1600,162,0.351395299519476
"pg_apf","sinusoidal",1600,162,0.351008150613378
"sir_laplace","sinusoidal",1600,162,0.351515232802034
"sir_collapsed","sinusoidal",1600,162,0.351541586117808
"stan","sinusoidal",1600,162,0.353992801928191
"montoril","constant",200,163,0.687401253976733
"pg_apf","constant",200,163,0.695240125111092
"sir_laplace","constant",200,163,0.686533999431374
"sir_collapsed","constant",200,163,0.685531997000523
"stan","constant",200,163,0.690774772102749
"montoril","linear",200,163,0.353003526390892
"pg_apf","linear",200,163,0.3424857001271
"sir_laplace","linear",200,163,0.342591278136468
"sir_collapsed","linear",200,163,0.341718182495233
"stan","linear",200,163,0.343108476844802
"montoril","quadratic",200,163,0.301553994191243
"pg_apf","quadratic",200,163,0.310892000824815
"sir_laplace","quadratic",200,163,0.310805421423186
"sir_collapsed","quadratic",200,163,0.309525479051576
"stan","quadratic",200,163,0.309446371990549
"montoril","sinusoidal",200,163,0.258675582754929
"pg_apf","sinusoidal",200,163,0.256616720884543
"sir_laplace","sinusoidal",200,163,0.259491484975375
"sir_collapsed","sinusoidal",200,163,0.261996793807138
"stan","sinusoidal",200,163,0.258990996901779
"montoril","constant",400,163,0.658578337705654
"pg_apf","constant",400,163,0.653307146575385
"sir_laplace","constant",400,163,0.651908451513604
"sir_collapsed","constant",400,163,0.650501916716811
"stan","constant",400,163,0.654933750870881
"montoril","linear",400,163,0.402725770317864
"pg_apf","linear",400,163,0.394468688674771
"sir_laplace","linear",400,163,0.404335850944101
"sir_collapsed","linear",400,163,0.405124052222552
"stan","linear",400,163,0.401795923974399
"montoril","quadratic",400,163,0.386314710743404
"pg_apf","quadratic",400,163,0.400588481467017
"sir_laplace","quadratic",400,163,0.399598957929363
"sir_collapsed","quadratic",400,163,0.402920903695679
"stan","quadratic",400,163,0.398741105636757
"montoril","sinusoidal",400,163,0.410447919645014
"pg_apf","sinusoidal",400,163,0.4092064506912
"sir_laplace","sinusoidal",400,163,0.413428995188862
"sir_collapsed","sinusoidal",400,163,0.41356370009721
"stan","sinusoidal",400,163,0.410984514014471
"montoril","constant",800,163,0.525175832209991
"pg_apf","constant",800,163,0.535201310458835
"sir_laplace","constant",800,163,0.530791560213337
"sir_collapsed","constant",800,163,0.5260925550431
"stan","constant",800,163,0.532113896556584
"montoril","linear",800,163,0.301784085635239
"pg_apf","linear",800,163,0.29883571011887
"sir_laplace","linear",800,163,0.295127312802541
"sir_collapsed","linear",800,163,0.297464095536525
"stan","linear",800,163,0.30004832645388
"montoril","quadratic",800,163,0.333720905201101
"pg_apf","quadratic",800,163,0.320643129249034
"sir_laplace","quadratic",800,163,0.322530248449577
"sir_collapsed","quadratic",800,163,0.321513180124996
"stan","quadratic",800,163,0.321437615136115
"montoril","sinusoidal",800,163,0.295801882437552
"pg_apf","sinusoidal",800,163,0.293003739469617
"sir_laplace","sinusoidal",800,163,0.293317280346019
"sir_collapsed","sinusoidal",800,163,0.293620297370982
"stan","sinusoidal",800,163,0.295032601357414
"montoril","constant",1600,163,0.496584101797722
"pg_apf","constant",1600,163,0.488150988498657
"sir_laplace","constant",1600,163,0.49018409425906
"sir_collapsed","constant",1600,163,0.49075258658417
"stan","constant",1600,163,0.491419214728939
"montoril","linear",1600,163,0.360741768555596
"pg_apf","linear",1600,163,0.361659461361062
"sir_laplace","linear",1600,163,0.3673103612733
"sir_collapsed","linear",1600,163,0.368113504972879
"stan","linear",1600,163,0.365861063404389
"montoril","quadratic",1600,163,0.370877859556659
"pg_apf","quadratic",1600,163,0.361830565551453
"sir_laplace","quadratic",1600,163,0.365465363002903
"sir_collapsed","quadratic",1600,163,0.366533846845368
"stan","quadratic",1600,163,0.364053354226255
"montoril","sinusoidal",1600,163,0.391634275845197
"pg_apf","sinusoidal",1600,163,0.393703388335309
"sir_laplace","sinusoidal",1600,163,0.392003971230866
"sir_collapsed","sinusoidal",1600,163,0.394582292121221
"stan","sinusoidal",1600,163,0.394580786423621
"montoril","constant",200,164,0.826854883120346
"pg_apf","constant",200,164,0.820258909956324
"sir_laplace","constant",200,164,0.814629905583444
"sir_collapsed","constant",200,164,0.808252918256971
"stan","constant",200,164,0.820553159190755
"montoril","linear",200,164,0.445901778952377
"pg_apf","linear",200,164,0.441235089030711
"sir_laplace","linear",200,164,0.432987353142969
"sir_collapsed","linear",200,164,0.430247381016933
"stan","linear",200,164,0.444601097664701
"montoril","quadratic",200,164,0.480246832987923
"pg_apf","quadratic",200,164,0.496027977407927
"sir_laplace","quadratic",200,164,0.493403389013425
"sir_collapsed","quadratic",200,164,0.491365086943335
"stan","quadratic",200,164,0.498607985973064
"montoril","sinusoidal",200,164,0.409568491243663
"pg_apf","sinusoidal",200,164,0.40018372336892
"sir_laplace","sinusoidal",200,164,0.399675355378436
"sir_collapsed","sinusoidal",200,164,0.396073733023081
"stan","sinusoidal",200,164,0.403088761035279
"montoril","constant",400,164,0.527746383343497
"pg_apf","constant",400,164,0.52615772913308
"sir_laplace","constant",400,164,0.530753975227445
"sir_collapsed","constant",400,164,0.526236267870697
"stan","constant",400,164,0.529042004493728
"montoril","linear",400,164,0.266902586292796
"pg_apf","linear",400,164,0.262299258249835
"sir_laplace","linear",400,164,0.262535257840023
"sir_collapsed","linear",400,164,0.263767733765633
"stan","linear",400,164,0.263233984666321
"montoril","quadratic",400,164,0.293671391126338
"pg_apf","quadratic",400,164,0.293059975197082
"sir_laplace","quadratic",400,164,0.294093840438688
"sir_collapsed","quadratic",400,164,0.29460863770018
"stan","quadratic",400,164,0.298713299117836
"montoril","sinusoidal",400,164,0.306027776210668
"pg_apf","sinusoidal",400,164,0.304523511598988
"sir_laplace","sinusoidal",400,164,0.308204677190927
"sir_collapsed","sinusoidal",400,164,0.307324461699614
"stan","sinusoidal",400,164,0.307007471149736
"montoril","constant",800,164,0.534918758305382
"pg_apf","constant",800,164,0.535980349906449
"sir_laplace","constant",800,164,0.540788264409585
"sir_collapsed","constant",800,164,0.544414942757737
"stan","constant",800,164,0.535442533683436
"montoril","linear",800,164,0.331361721389631
"pg_apf","linear",800,164,0.329583250490493
"sir_laplace","linear",800,164,0.332085810857059
"sir_collapsed","linear",800,164,0.339483125163178
"stan","linear",800,164,0.328080487623884
"montoril","quadratic",800,164,0.33613256725717
"pg_apf","quadratic",800,164,0.332761771400322
"sir_laplace","quadratic",800,164,0.33721844778367
"sir_collapsed","quadratic",800,164,0.344464821197906
"stan","quadratic",800,164,0.333114297448741
"montoril","sinusoidal",800,164,0.372246599853743
"pg_apf","sinusoidal",800,164,0.363984644141939
"sir_laplace","sinusoidal",800,164,0.369540066533337
"sir_collapsed","sinusoidal",800,164,0.380397204827887
"stan","sinusoidal",800,164,0.366665312058586
"montoril","constant",1600,164,0.501061426911037
"pg_apf","constant",1600,164,0.489213349618213
"sir_laplace","constant",1600,164,0.492680154066871
"sir_collapsed","constant",1600,164,0.494936752691544
"stan","constant",1600,164,0.490936069398963
"montoril","linear",1600,164,0.306352070766276
"pg_apf","linear",1600,164,0.297084380466387
"sir_laplace","linear",1600,164,0.302844481604515
"sir_collapsed","linear",1600,164,0.305986273111546
"stan","linear",1600,164,0.302517479915334
"montoril","quadratic",1600,164,0.304047457279799
"pg_apf","quadratic",1600,164,0.301184611369839
"sir_laplace","quadratic",1600,164,0.305670658465772
"sir_collapsed","quadratic",1600,164,0.310792973681473
"stan","quadratic",1600,164,0.304802990705913
"montoril","sinusoidal",1600,164,0.334992899774607
"pg_apf","sinusoidal",1600,164,0.335391922788896
"sir_laplace","sinusoidal",1600,164,0.340063517680081
"sir_collapsed","sinusoidal",1600,164,0.344092594303957
"stan","sinusoidal",1600,164,0.33693827444849
"montoril","constant",200,165,0.871915745709447
"pg_apf","constant",200,165,0.874007227159275
"sir_laplace","constant",200,165,0.877231586085331
"sir_collapsed","constant",200,165,0.874816153196892
"stan","constant",200,165,0.874016848593652
"montoril","linear",200,165,0.51972236882685
"pg_apf","linear",200,165,0.511815406465495
"sir_laplace","linear",200,165,0.513446066798069
"sir_collapsed","linear",200,165,0.515072807415283
"stan","linear",200,165,0.517349033451244
"montoril","quadratic",200,165,0.54805841517334
"pg_apf","quadratic",200,165,0.552550219306977
"sir_laplace","quadratic",200,165,0.552935766622447
"sir_collapsed","quadratic",200,165,0.554072205573275
"stan","quadratic",200,165,0.557082981837375
"montoril","sinusoidal",200,165,0.519783234569534
"pg_apf","sinusoidal",200,165,0.500151583509577
"sir_laplace","sinusoidal",200,165,0.504723370480955
"sir_collapsed","sinusoidal",200,165,0.504313439378296
"stan","sinusoidal",200,165,0.501507503684485
"montoril","constant",400,165,0.685350384820401
"pg_apf","constant",400,165,0.687118425290757
"sir_laplace","constant",400,165,0.687484316439762
"sir_collapsed","constant",400,165,0.68921172938681
"stan","constant",400,165,0.686799163271805
"montoril","linear",400,165,0.371593531375437
"pg_apf","linear",400,165,0.380948181171421
"sir_laplace","linear",400,165,0.387569538218421
"sir_collapsed","linear",400,165,0.396106345454737
"stan","linear",400,165,0.388814749789264
"montoril","quadratic",400,165,0.366593592930728
"pg_apf","quadratic",400,165,0.363856598422754
"sir_laplace","quadratic",400,165,0.369812534839697
"sir_collapsed","quadratic",400,165,0.375461280545528
"stan","quadratic",400,165,0.367701887131649
"montoril","sinusoidal",400,165,0.38129893860823
"pg_apf","sinusoidal",400,165,0.372546236040229
"sir_laplace","sinusoidal",400,165,0.372404514260631
"sir_collapsed","sinusoidal",400,165,0.379602973849855
"stan","sinusoidal",400,165,0.371734124748223
"montoril","constant",800,165,0.534153035225903
"pg_apf","constant",800,165,0.54563523930024
"sir_laplace","constant",800,165,0.542832175143025
"sir_collapsed","constant",800,165,0.544494980004361
"stan","constant",800,165,0.543527905995927
"montoril","linear",800,165,0.355748170332905
"pg_apf","linear",800,165,0.348822097548362
"sir_laplace","linear",800,165,0.349228591961901
"sir_collapsed","linear",800,165,0.354803925290963
"stan","linear",800,165,0.35174775524171
"montoril","quadratic",800,165,0.360229275611275
"pg_apf","quadratic",800,165,0.349921100106941
"sir_laplace","quadratic",800,165,0.351427547381109
"sir_collapsed","quadratic",800,165,0.356529217892835
"stan","quadratic",800,165,0.34961835284387
"montoril","sinusoidal",800,165,0.390809984253803
"pg_apf","sinusoidal",800,165,0.383025444487806
"sir_laplace","sinusoidal",800,165,0.38721665012582
"sir_collapsed","sinusoidal",800,165,0.389509903086673
"stan","sinusoidal",800,165,0.383523920062164
"montoril","constant",1600,165,0.470104642738595
"pg_apf","constant",1600,165,0.464847414602995
"sir_laplace","constant",1600,165,0.467696823730792
"sir_collapsed","constant",1600,165,0.46979896872443
"stan","constant",1600,165,0.467315035750939
"montoril","linear",1600,165,0.305924944458229
"pg_apf","linear",1600,165,0.295928521029894
"sir_laplace","linear",1600,165,0.302910039707613
"sir_collapsed","linear",1600,165,0.30562252448037
"stan","linear",1600,165,0.295822001243401
"montoril","quadratic",1600,165,0.311969373991308
"pg_apf","quadratic",1600,165,0.304324536209527
"sir_laplace","quadratic",1600,165,0.311774116872033
"sir_collapsed","quadratic",1600,165,0.314035860844562
"stan","quadratic",1600,165,0.310915266347161
"montoril","sinusoidal",1600,165,0.323393564858937
"pg_apf","sinusoidal",1600,165,0.325085918007501
"sir_laplace","sinusoidal",1600,165,0.325626333119919
"sir_collapsed","sinusoidal",1600,165,0.332820583417764
"stan","sinusoidal",1600,165,0.327115858263523
"montoril","constant",200,166,0.835539200461843
"pg_apf","constant",200,166,0.840445387110861
"sir_laplace","constant",200,166,0.833411713433054
"sir_collapsed","constant",200,166,0.828068614095337
"stan","constant",200,166,0.837606591059473
"montoril","linear",200,166,0.365824609517399
"pg_apf","linear",200,166,0.393572661984332
"sir_laplace","linear",200,166,0.387538093526847
"sir_collapsed","linear",200,166,0.378191897503788
"stan","linear",200,166,0.386505366143865
"montoril","quadratic",200,166,0.388581743066491
"pg_apf","quadratic",200,166,0.390859293759069
"sir_laplace","quadratic",200,166,0.387918594247347
"sir_collapsed","quadratic",200,166,0.386247601331567
"stan","quadratic",200,166,0.390455037439413
"montoril","sinusoidal",200,166,0.388204059861924
"pg_apf","sinusoidal",200,166,0.37748603859751
"sir_laplace","sinusoidal",200,166,0.378084000490986
"sir_collapsed","sinusoidal",200,166,0.376379592495491
"stan","sinusoidal",200,166,0.386345405816646
"montoril","constant",400,166,0.619920587683299
"pg_apf","constant",400,166,0.620896518905386
"sir_laplace","constant",400,166,0.621267839798043
"sir_collapsed","constant",400,166,0.622269780542106
"stan","constant",400,166,0.620786232894718
"montoril","linear",400,166,0.372764953946985
"pg_apf","linear",400,166,0.378597765407075
"sir_laplace","linear",400,166,0.379074213899711
"sir_collapsed","linear",400,166,0.385506286236087
"stan","linear",400,166,0.377696196484743
"montoril","quadratic",400,166,0.361324828590125
"pg_apf","quadratic",400,166,0.371840285087615
"sir_laplace","quadratic",400,166,0.374590809482288
"sir_collapsed","quadratic",400,166,0.375161710978955
"stan","quadratic",400,166,0.373080456481228
"montoril","sinusoidal",400,166,0.395975403728599
"pg_apf","sinusoidal",400,166,0.380548965910656
"sir_laplace","sinusoidal",400,166,0.382601147262843
"sir_collapsed","sinusoidal",400,166,0.388376821028406
"stan","sinusoidal",400,166,0.379352680324961
"montoril","constant",800,166,0.554536361981197
"pg_apf","constant",800,166,0.550040221756405
"sir_laplace","constant",800,166,0.552965065996236
"sir_collapsed","constant",800,166,0.557051552916718
"stan","constant",800,166,0.550579531711395
"montoril","linear",800,166,0.375723497381118
"pg_apf","linear",800,166,0.380325932385871
"sir_laplace","linear",800,166,0.383925064703413
"sir_collapsed","linear",800,166,0.389528969656431
"stan","linear",800,166,0.381270665723324
"montoril","quadratic",800,166,0.361087026912115
"pg_apf","quadratic",800,166,0.360199393380093
"sir_laplace","quadratic",800,166,0.362589194931944
"sir_collapsed","quadratic",800,166,0.365225813641807
"stan","quadratic",800,166,0.364037930046728
"montoril","sinusoidal",800,166,0.354467530111785
"pg_apf","sinusoidal",800,166,0.346119901527337
"sir_laplace","sinusoidal",800,166,0.349178926475344
"sir_collapsed","sinusoidal",800,166,0.355142423151998
"stan","sinusoidal",800,166,0.350273063725414
"montoril","constant",1600,166,0.467134997170025
"pg_apf","constant",1600,166,0.464357216945514
"sir_laplace","constant",1600,166,0.463516831103239
"sir_collapsed","constant",1600,166,0.464653966793173
"stan","constant",1600,166,0.463763091080168
"montoril","linear",1600,166,0.291575331727384
"pg_apf","linear",1600,166,0.287409064652719
"sir_laplace","linear",1600,166,0.290982452244386
"sir_collapsed","linear",1600,166,0.291826456625215
"stan","linear",1600,166,0.291663768109104
"montoril","quadratic",1600,166,0.279267618416673
"pg_apf","quadratic",1600,166,0.27570390854075
"sir_laplace","quadratic",1600,166,0.278492994101896
"sir_collapsed","quadratic",1600,166,0.280963061226052
"stan","quadratic",1600,166,0.279902464547345
"montoril","sinusoidal",1600,166,0.289718564381302
"pg_apf","sinusoidal",1600,166,0.283601555487843
"sir_laplace","sinusoidal",1600,166,0.287654523766185
"sir_collapsed","sinusoidal",1600,166,0.288392816385624
"stan","sinusoidal",1600,166,0.284841241768161
"montoril","constant",200,167,0.909476073581471
"pg_apf","constant",200,167,0.915093118357566
"sir_laplace","constant",200,167,0.905147885058387
"sir_collapsed","constant",200,167,0.900772591974538
"stan","constant",200,167,0.907002220024785
"montoril","linear",200,167,0.495787284747952
"pg_apf","linear",200,167,0.504795259049145
"sir_laplace","linear",200,167,0.505892829413739
"sir_collapsed","linear",200,167,0.511025551809521
"stan","linear",200,167,0.502511070118678
"montoril","quadratic",200,167,0.485357533422085
"pg_apf","quadratic",200,167,0.47645580847249
"sir_laplace","quadratic",200,167,0.483599486468688
"sir_collapsed","quadratic",200,167,0.485503780898973
"stan","quadratic",200,167,0.481852676705044
"montoril","sinusoidal",200,167,0.571372496378228
"pg_apf","sinusoidal",200,167,0.571340051742659
"sir_laplace","sinusoidal",200,167,0.568030989871545
"sir_collapsed","sinusoidal",200,167,0.576108937456748
"stan","sinusoidal",200,167,0.567042092593204
"montoril","constant",400,167,0.64994370449042
"pg_apf","constant",400,167,0.654332893525689
"sir_laplace","constant",400,167,0.656196579784337
"sir_collapsed","constant",400,167,0.656375114426955
"stan","constant",400,167,0.653304016318025
"montoril","linear",400,167,0.395937085282167
"pg_apf","linear",400,167,0.393207454136711
"sir_laplace","linear",400,167,0.394519486786769
"sir_collapsed","linear",400,167,0.403009181648296
"stan","linear",400,167,0.396342636447449
"montoril","quadratic",400,167,0.38671833980592
"pg_apf","quadratic",400,167,0.3955922851191
"sir_laplace","quadratic",400,167,0.396757265013935
"sir_collapsed","quadratic",400,167,0.401411760668699
"stan","quadratic",400,167,0.39877934755903
"montoril","sinusoidal",400,167,0.402996215277161
"pg_apf","sinusoidal",400,167,0.394742900239975
"sir_laplace","sinusoidal",400,167,0.403479715587597
"sir_collapsed","sinusoidal",400,167,0.40916957054715
"stan","sinusoidal",400,167,0.39594071130843
"montoril","constant",800,167,0.52104210494046
"pg_apf","constant",800,167,0.520939069411246
"sir_laplace","constant",800,167,0.522199088202208
"sir_collapsed","constant",800,167,0.523770679300084
"stan","constant",800,167,0.522465548523972
"montoril","linear",800,167,0.328855560768738
"pg_apf","linear",800,167,0.32117269172785
"sir_laplace","linear",800,167,0.321895626721506
"sir_collapsed","linear",800,167,0.326167382277915
"stan","linear",800,167,0.320202492380236
"montoril","quadratic",800,167,0.315648484764861
"pg_apf","quadratic",800,167,0.308015495002633
"sir_laplace","quadratic",800,167,0.311135162445407
"sir_collapsed","quadratic",800,167,0.316424528113315
"stan","quadratic",800,167,0.308448914018196
"montoril","sinusoidal",800,167,0.34138271495694
"pg_apf","sinusoidal",800,167,0.338638354828936
"sir_laplace","sinusoidal",800,167,0.343424700687971
"sir_collapsed","sinusoidal",800,167,0.349901339415521
"stan","sinusoidal",800,167,0.340472302006645
"montoril","constant",1600,167,0.441029471377456
"pg_apf","constant",1600,167,0.438322146384784
"sir_laplace","constant",1600,167,0.438375280221588
"sir_collapsed","constant",1600,167,0.438202351648783
"stan","constant",1600,167,0.442360442220042
"montoril","linear",1600,167,0.266063701311076
"pg_apf","linear",1600,167,0.263585490187409
"sir_laplace","linear",1600,167,0.264232968623561
"sir_collapsed","linear",1600,167,0.264670479868134
"stan","linear",1600,167,0.266686163019962
"montoril","quadratic",1600,167,0.255278763429385
"pg_apf","quadratic",1600,167,0.251759921633531
"sir_laplace","quadratic",1600,167,0.252605032457267
"sir_collapsed","quadratic",1600,167,0.255359536284242
"stan","quadratic",1600,167,0.25301864364984
"montoril","sinusoidal",1600,167,0.283705688816016
"pg_apf","sinusoidal",1600,167,0.285261292650358
"sir_laplace","sinusoidal",1600,167,0.286262814241661
"sir_collapsed","sinusoidal",1600,167,0.287707945400261
"stan","sinusoidal",1600,167,0.285455285951461
"montoril","constant",200,168,0.899197481743229
"pg_apf","constant",200,168,0.909250918354124
"sir_laplace","constant",200,168,0.90340933068498
"sir_collapsed","constant",200,168,0.901749116243274
"stan","constant",200,168,0.906609666432105
"montoril","linear",200,168,0.552167075693618
"pg_apf","linear",200,168,0.56102261886648
"sir_laplace","linear",200,168,0.557756993944541
"sir_collapsed","linear",200,168,0.560364699066875
"stan","linear",200,168,0.556081787952499
"montoril","quadratic",200,168,0.597973236356316
"pg_apf","quadratic",200,168,0.603953292141259
"sir_laplace","quadratic",200,168,0.602897804779213
"sir_collapsed","quadratic",200,168,0.608070949441274
"stan","quadratic",200,168,0.599297186835471
"montoril","sinusoidal",200,168,0.607860836862235
"pg_apf","sinusoidal",200,168,0.596883835613668
"sir_laplace","sinusoidal",200,168,0.60109245451955
"sir_collapsed","sinusoidal",200,168,0.598468597650411
"stan","sinusoidal",200,168,0.598431753848196
"montoril","constant",400,168,0.634486374080284
"pg_apf","constant",400,168,0.631171368176347
"sir_laplace","constant",400,168,0.625533957937205
"sir_collapsed","constant",400,168,0.620689288477376
"stan","constant",400,168,0.62973901444363
"montoril","linear",400,168,0.32548759981473
"pg_apf","linear",400,168,0.313828492754605
"sir_laplace","linear",400,168,0.309722154324845
"sir_collapsed","linear",400,168,0.309923398477065
"stan","linear",400,168,0.312798318661992
"montoril","quadratic",400,168,0.286157999113673
"pg_apf","quadratic",400,168,0.291189346534867
"sir_laplace","quadratic",400,168,0.293637720887048
"sir_collapsed","quadratic",400,168,0.292793995233279
"stan","quadratic",400,168,0.292408074248927
"montoril","sinusoidal",400,168,0.318574119822281
"pg_apf","sinusoidal",400,168,0.311582866104413
"sir_laplace","sinusoidal",400,168,0.315780920453117
"sir_collapsed","sinusoidal",400,168,0.313082734784881
"stan","sinusoidal",400,168,0.316357369849081
"montoril","constant",800,168,0.521202075089761
"pg_apf","constant",800,168,0.517795891436816
"sir_laplace","constant",800,168,0.519968224024386
"sir_collapsed","constant",800,168,0.521845777325744
"stan","constant",800,168,0.521864519988165
"montoril","linear",800,168,0.358973731154317
"pg_apf","linear",800,168,0.351962928123563
"sir_laplace","linear",800,168,0.349983431265367
"sir_collapsed","linear",800,168,0.354517812552586
"stan","linear",800,168,0.352657721872541
"montoril","quadratic",800,168,0.334475771406549
"pg_apf","quadratic",800,168,0.330259722661161
"sir_laplace","quadratic",800,168,0.333283460663312
"sir_collapsed","quadratic",800,168,0.332469660365337
"stan","quadratic",800,168,0.331575417892021
"montoril","sinusoidal",800,168,0.355104173693108
"pg_apf","sinusoidal",800,168,0.356347996526317
"sir_laplace","sinusoidal",800,168,0.355676339696517
"sir_collapsed","sinusoidal",800,168,0.359464586911825
"stan","sinusoidal",800,168,0.35826294174571
"montoril","constant",1600,168,0.448589329136014
"pg_apf","constant",1600,168,0.450852677765754
"sir_laplace","constant",1600,168,0.446483954094016
"sir_collapsed","constant",1600,168,0.445921970027069
"stan","constant",1600,168,0.447625340241442
"montoril","linear",1600,168,0.316208903235739
"pg_apf","linear",1600,168,0.312084376896161
"sir_laplace","linear",1600,168,0.312520002425812
"sir_collapsed","linear",1600,168,0.313411154015913
"stan","linear",1600,168,0.313957621903418
"montoril","quadratic",1600,168,0.317211321368678
"pg_apf","quadratic",1600,168,0.307151884487033
"sir_laplace","quadratic",1600,168,0.308495744073363
"sir_collapsed","quadratic",1600,168,0.309754886600463
"stan","quadratic",1600,168,0.309548076623889
"montoril","sinusoidal",1600,168,0.329361903656648
"pg_apf","sinusoidal",1600,168,0.321852474209394
"sir_laplace","sinusoidal",1600,168,0.322395905566395
"sir_collapsed","sinusoidal",1600,168,0.324260278748231
"stan","sinusoidal",1600,168,0.322018612170602
"montoril","constant",200,169,0.733193968481075
"pg_apf","constant",200,169,0.742222836422161
"sir_laplace","constant",200,169,0.731473123232636
"sir_collapsed","constant",200,169,0.729008955069982
"stan","constant",200,169,0.734655906726903
"montoril","linear",200,169,0.436089165810524
"pg_apf","linear",200,169,0.42422483674651
"sir_laplace","linear",200,169,0.431343402688527
"sir_collapsed","linear",200,169,0.426742909145101
"stan","linear",200,169,0.425654339529549
"montoril","quadratic",200,169,0.460733623182577
"pg_apf","quadratic",200,169,0.452717664531388
"sir_laplace","quadratic",200,169,0.458240538125195
"sir_collapsed","quadratic",200,169,0.464159133939836
"stan","quadratic",200,169,0.456864020480508
"montoril","sinusoidal",200,169,0.500725324416941
"pg_apf","sinusoidal",200,169,0.462604687532261
"sir_laplace","sinusoidal",200,169,0.467308930572131
"sir_collapsed","sinusoidal",200,169,0.467997738928004
"stan","sinusoidal",200,169,0.475906479010877
"montoril","constant",400,169,0.595162530233161
"pg_apf","constant",400,169,0.594222520147798
"sir_laplace","constant",400,169,0.592357384895989
"sir_collapsed","constant",400,169,0.588917562069899
"stan","constant",400,169,0.594606079618073
"montoril","linear",400,169,0.284961651427317
"pg_apf","linear",400,169,0.287587106754644
"sir_laplace","linear",400,169,0.285568721831682
"sir_collapsed","linear",400,169,0.286533816962847
"stan","linear",400,169,0.291872723737836
"montoril","quadratic",400,169,0.282226144053639
"pg_apf","quadratic",400,169,0.27622864888787
"sir_laplace","quadratic",400,169,0.275313334723709
"sir_collapsed","quadratic",400,169,0.272614748795803
"stan","quadratic",400,169,0.27521885571926
"montoril","sinusoidal",400,169,0.263384825945054
"pg_apf","sinusoidal",400,169,0.272595581402458
"sir_laplace","sinusoidal",400,169,0.271380648212425
"sir_collapsed","sinusoidal",400,169,0.268079447553195
"stan","sinusoidal",400,169,0.272262098055055
"montoril","constant",800,169,0.534441075657313
"pg_apf","constant",800,169,0.53688292110235
"sir_laplace","constant",800,169,0.541597774105004
"sir_collapsed","constant",800,169,0.543282787852836
"stan","constant",800,169,0.539686097856465
"montoril","linear",800,169,0.401673153757327
"pg_apf","linear",800,169,0.404303398335779
"sir_laplace","linear",800,169,0.410824248221054
"sir_collapsed","linear",800,169,0.413347804793714
"stan","linear",800,169,0.406848467559891
"montoril","quadratic",800,169,0.418663272442171
"pg_apf","quadratic",800,169,0.412462272686922
"sir_laplace","quadratic",800,169,0.415343208834939
"sir_collapsed","quadratic",800,169,0.418395031626961
"stan","quadratic",800,169,0.414237367896342
"montoril","sinusoidal",800,169,0.388821080729649
"pg_apf","sinusoidal",800,169,0.389461080728511
"sir_laplace","sinusoidal",800,169,0.391834236708698
"sir_collapsed","sinusoidal",800,169,0.392566805273515
"stan","sinusoidal",800,169,0.391163717413828
"montoril","constant",1600,169,0.458185030817655
"pg_apf","constant",1600,169,0.456751054496399
"sir_laplace","constant",1600,169,0.46002514035328
"sir_collapsed","constant",1600,169,0.461938773431174
"stan","constant",1600,169,0.457467951497109
"montoril","linear",1600,169,0.308990490820433
"pg_apf","linear",1600,169,0.299410608975976
"sir_laplace","linear",1600,169,0.305214770451743
"sir_collapsed","linear",1600,169,0.305045690215207
"stan","linear",1600,169,0.305325012790443
"montoril","quadratic",1600,169,0.298336079030513
"pg_apf","quadratic",1600,169,0.287860766986285
"sir_laplace","quadratic",1600,169,0.291989616022898
"sir_collapsed","quadratic",1600,169,0.290812715648908
"stan","quadratic",1600,169,0.284732406747176
"montoril","sinusoidal",1600,169,0.300275373532363
"pg_apf","sinusoidal",1600,169,0.293733441976418
"sir_laplace","sinusoidal",1600,169,0.299665304943226
"sir_collapsed","sinusoidal",1600,169,0.299384310747476
"stan","sinusoidal",1600,169,0.299369308453666
"montoril","constant",200,170,0.656395815285173
"pg_apf","constant",200,170,0.669611737534556
"sir_laplace","constant",200,170,0.664960348345151
"sir_collapsed","constant",200,170,0.667489834703054
"stan","constant",200,170,0.668491680535992
"montoril","linear",200,170,0.290321446577253
"pg_apf","linear",200,170,0.289755503664991
"sir_laplace","linear",200,170,0.287000923795494
"sir_collapsed","linear",200,170,0.280640560053085
"stan","linear",200,170,0.289918636427561
"montoril","quadratic",200,170,0.297999328652957
"pg_apf","quadratic",200,170,0.299992641391282
"sir_laplace","quadratic",200,170,0.29064594994228
"sir_collapsed","quadratic",200,170,0.2836711096183
"stan","quadratic",200,170,0.301882016522257
"montoril","sinusoidal",200,170,0.267887763425668
"pg_apf","sinusoidal",200,170,0.254878423396105
"sir_laplace","sinusoidal",200,170,0.256539634124996
"sir_collapsed","sinusoidal",200,170,0.250579490206246
"stan","sinusoidal",200,170,0.258155064098687
"montoril","constant",400,170,0.623610597295091
"pg_apf","constant",400,170,0.620095688952651
"sir_laplace","constant",400,170,0.620200090033367
"sir_collapsed","constant",400,170,0.625605162741771
"stan","constant",400,170,0.620123815264686
"montoril","linear",400,170,0.295536537774614
"pg_apf","linear",400,170,0.306640771685207
"sir_laplace","linear",400,170,0.308542188854043
"sir_collapsed","linear",400,170,0.315703592355432
"stan","linear",400,170,0.308800742664479
"montoril","quadratic",400,170,0.330641005025336
"pg_apf","quadratic",400,170,0.334809287719881
"sir_laplace","quadratic",400,170,0.336240623868725
"sir_collapsed","quadratic",400,170,0.346664347379046
"stan","quadratic",400,170,0.337540572991019
"montoril","sinusoidal",400,170,0.335734680478552
"pg_apf","sinusoidal",400,170,0.321460818915969
"sir_laplace","sinusoidal",400,170,0.327254732319461
"sir_collapsed","sinusoidal",400,170,0.335396025810931
"stan","sinusoidal",400,170,0.320079021852383
"montoril","constant",800,170,0.539848676676187
"pg_apf","constant",800,170,0.537644179657937
"sir_laplace","constant",800,170,0.533052844719535
"sir_collapsed","constant",800,170,0.531201391518119
"stan","constant",800,170,0.535294241159681
"montoril","linear",800,170,0.330711811998806
"pg_apf","linear",800,170,0.308833260658155
"sir_laplace","linear",800,170,0.308652954002635
"sir_collapsed","linear",800,170,0.307763469468216
"stan","linear",800,170,0.310186165881149
"montoril","quadratic",800,170,0.302948143464995
"pg_apf","quadratic",800,170,0.304830784396375
"sir_laplace","quadratic",800,170,0.303953252856848
"sir_collapsed","quadratic",800,170,0.305453631612723
"stan","quadratic",800,170,0.305741022310691
"montoril","sinusoidal",800,170,0.358416339397564
"pg_apf","sinusoidal",800,170,0.351421180255778
"sir_laplace","sinusoidal",800,170,0.354404580720263
"sir_collapsed","sinusoidal",800,170,0.353706540084792
"stan","sinusoidal",800,170,0.356438439856196
"montoril","constant",1600,170,0.459142360081056
"pg_apf","constant",1600,170,0.45758585719431
"sir_laplace","constant",1600,170,0.456145619522584
"sir_collapsed","constant",1600,170,0.457520637044979
"stan","constant",1600,170,0.459256765982186
"montoril","linear",1600,170,0.327423116015801
"pg_apf","linear",1600,170,0.322412222021598
"sir_laplace","linear",1600,170,0.324960961699737
"sir_collapsed","linear",1600,170,0.326856582808695
"stan","linear",1600,170,0.322915011561515
"montoril","quadratic",1600,170,0.32178284593424
"pg_apf","quadratic",1600,170,0.311756548498653
"sir_laplace","quadratic",1600,170,0.313034810656275
"sir_collapsed","quadratic",1600,170,0.316052692038416
"stan","quadratic",1600,170,0.3129589488331
"montoril","sinusoidal",1600,170,0.343083050438302
"pg_apf","sinusoidal",1600,170,0.330057386499488
"sir_laplace","sinusoidal",1600,170,0.33584547953685
"sir_collapsed","sinusoidal",1600,170,0.337355081254561
"stan","sinusoidal",1600,170,0.332662274875151
"montoril","constant",200,171,0.742023769124395
"pg_apf","constant",200,171,0.745091234136386
"sir_laplace","constant",200,171,0.742144949476092
"sir_collapsed","constant",200,171,0.743405817051854
"stan","constant",200,171,0.744454814620276
"montoril","linear",200,171,0.36498386358881
"pg_apf","linear",200,171,0.354356082125639
"sir_laplace","linear",200,171,0.356776767845933
"sir_collapsed","linear",200,171,0.359314352101031
"stan","linear",200,171,0.357435140760401
"montoril","quadratic",200,171,0.390193066418736
"pg_apf","quadratic",200,171,0.390734731599703
"sir_laplace","quadratic",200,171,0.395274579785568
"sir_collapsed","quadratic",200,171,0.397343417132733
"stan","quadratic",200,171,0.392132452286902
"montoril","sinusoidal",200,171,0.341758709213072
"pg_apf","sinusoidal",200,171,0.33500924755207
"sir_laplace","sinusoidal",200,171,0.337155077175097
"sir_collapsed","sinusoidal",200,171,0.344798753616192
"stan","sinusoidal",200,171,0.336674413110998
"montoril","constant",400,171,0.591513033515455
"pg_apf","constant",400,171,0.596056131410363
"sir_laplace","constant",400,171,0.591307141973269
"sir_collapsed","constant",400,171,0.587869767928636
"stan","constant",400,171,0.595762479813485
"montoril","linear",400,171,0.28956258570447
"pg_apf","linear",400,171,0.2894203189262
"sir_laplace","linear",400,171,0.285155557384523
"sir_collapsed","linear",400,171,0.280927535626649
"stan","linear",400,171,0.289572378818854
"montoril","quadratic",400,171,0.279997999765786
"pg_apf","quadratic",400,171,0.273117905687179
"sir_laplace","quadratic",400,171,0.271117379434454
"sir_collapsed","quadratic",400,171,0.270831208171711
"stan","quadratic",400,171,0.274777775487991
"montoril","sinusoidal",400,171,0.284399323111873
"pg_apf","sinusoidal",400,171,0.277373071555232
"sir_laplace","sinusoidal",400,171,0.281266762866425
"sir_collapsed","sinusoidal",400,171,0.280015723164442
"stan","sinusoidal",400,171,0.280858623885259
"montoril","constant",800,171,0.554141265214067
"pg_apf","constant",800,171,0.541851523140527
"sir_laplace","constant",800,171,0.541015202247911
"sir_collapsed","constant",800,171,0.538688853405381
"stan","constant",800,171,0.542540891339806
"montoril","linear",800,171,0.382701095293121
"pg_apf","linear",800,171,0.367828621443477
"sir_laplace","linear",800,171,0.367885380431769
"sir_collapsed","linear",800,171,0.366531902611811
"stan","linear",800,171,0.370254362301876
"montoril","quadratic",800,171,0.327216258775777
"pg_apf","quadratic",800,171,0.340477893955544
"sir_laplace","quadratic",800,171,0.338296600150324
"sir_collapsed","quadratic",800,171,0.337014862462711
"stan","quadratic",800,171,0.342498073293359
"montoril","sinusoidal",800,171,0.379235623035004
"pg_apf","sinusoidal",800,171,0.371055392613786
"sir_laplace","sinusoidal",800,171,0.370247699099038
"sir_collapsed","sinusoidal",800,171,0.370766624851281
"stan","sinusoidal",800,171,0.373667211766489
"montoril","constant",1600,171,0.490715674452441
"pg_apf","constant",1600,171,0.491334298128893
"sir_laplace","constant",1600,171,0.489830339179877
"sir_collapsed","constant",1600,171,0.489856245603889
"stan","constant",1600,171,0.491511919910787
"montoril","linear",1600,171,0.304456057435364
"pg_apf","linear",1600,171,0.297337282519791
"sir_laplace","linear",1600,171,0.299624772020232
"sir_collapsed","linear",1600,171,0.300287761468846
"stan","linear",1600,171,0.298882866038807
"montoril","quadratic",1600,171,0.307441632009713
"pg_apf","quadratic",1600,171,0.297203193062461
"sir_laplace","quadratic",1600,171,0.298381715420647
"sir_collapsed","quadratic",1600,171,0.300452827191062
"stan","quadratic",1600,171,0.296598729393521
"montoril","sinusoidal",1600,171,0.303196120683983
"pg_apf","sinusoidal",1600,171,0.299067753245804
"sir_laplace","sinusoidal",1600,171,0.302615868602688
"sir_collapsed","sinusoidal",1600,171,0.307060217010364
"stan","sinusoidal",1600,171,0.305230223078262
"montoril","constant",200,172,0.832917757937087
"pg_apf","constant",200,172,0.836730307664456
"sir_laplace","constant",200,172,0.837519966075633
"sir_collapsed","constant",200,172,0.831338424330001
"stan","constant",200,172,0.840764305442557
"montoril","linear",200,172,0.359714079674041
"pg_apf","linear",200,172,0.374306267018619
"sir_laplace","linear",200,172,0.372517440810249
"sir_collapsed","linear",200,172,0.371802196452443
"stan","linear",200,172,0.372597224422482
"montoril","quadratic",200,172,0.341176135550069
"pg_apf","quadratic",200,172,0.343971174621741
"sir_laplace","quadratic",200,172,0.339458284058283
"sir_collapsed","quadratic",200,172,0.340047161804447
"stan","quadratic",200,172,0.340945906885278
"montoril","sinusoidal",200,172,0.399643840811172
"pg_apf","sinusoidal",200,172,0.400660139200242
"sir_laplace","sinusoidal",200,172,0.397290680773154
"sir_collapsed","sinusoidal",200,172,0.400584081575192
"stan","sinusoidal",200,172,0.397606595530851
"montoril","constant",400,172,0.622862321548177
"pg_apf","constant",400,172,0.619688374905577
"sir_laplace","constant",400,172,0.622153889100053
"sir_collapsed","constant",400,172,0.623186448785298
"stan","constant",400,172,0.621103175264733
"montoril","linear",400,172,0.34551055052891
"pg_apf","linear",400,172,0.346294672455815
"sir_laplace","linear",400,172,0.346126701730212
"sir_collapsed","linear",400,172,0.348572092022306
"stan","linear",400,172,0.347070395547189
"montoril","quadratic",400,172,0.322532241433472
"pg_apf","quadratic",400,172,0.332396800115155
"sir_laplace","quadratic",400,172,0.331490568595519
"sir_collapsed","quadratic",400,172,0.336452002150831
"stan","quadratic",400,172,0.334360698047893
"montoril","sinusoidal",400,172,0.318816008913016
"pg_apf","sinusoidal",400,172,0.325700075639284
"sir_laplace","sinusoidal",400,172,0.330662792786192
"sir_collapsed","sinusoidal",400,172,0.335851244736756
"stan","sinusoidal",400,172,0.326224360723759
"montoril","constant",800,172,0.50837366456684
"pg_apf","constant",800,172,0.515846546314875
"sir_laplace","constant",800,172,0.514835355844418
"sir_collapsed","constant",800,172,0.514522287698091
"stan","constant",800,172,0.516275068339514
"montoril","linear",800,172,0.293761153472644
"pg_apf","linear",800,172,0.289430368623861
"sir_laplace","linear",800,172,0.28800905268625
"sir_collapsed","linear",800,172,0.290100668718271
"stan","linear",800,172,0.291653838136395
"montoril","quadratic",800,172,0.30172191377983
"pg_apf","quadratic",800,172,0.305164286762791
"sir_laplace","quadratic",800,172,0.304047577369137
"sir_collapsed","quadratic",800,172,0.303262411509514
"stan","quadratic",800,172,0.308124745213368
"montoril","sinusoidal",800,172,0.26012806874947
"pg_apf","sinusoidal",800,172,0.267539813518088
"sir_laplace","sinusoidal",800,172,0.265154429139661
"sir_collapsed","sinusoidal",800,172,0.268257568310213
"stan","sinusoidal",800,172,0.270965827259336
"montoril","constant",1600,172,0.477565826164538
"pg_apf","constant",1600,172,0.473932967492728
"sir_laplace","constant",1600,172,0.474370586893561
"sir_collapsed","constant",1600,172,0.475386195521279
"stan","constant",1600,172,0.474432282369826
"montoril","linear",1600,172,0.312000433518304
"pg_apf","linear",1600,172,0.303365734712682
"sir_laplace","linear",1600,172,0.307439664702744
"sir_collapsed","linear",1600,172,0.307290149963001
"stan","linear",1600,172,0.307590303742835
"montoril","quadratic",1600,172,0.334063296938296
"pg_apf","quadratic",1600,172,0.319977220741578
"sir_laplace","quadratic",1600,172,0.322929732554896
"sir_collapsed","quadratic",1600,172,0.320542649212658
"stan","quadratic",1600,172,0.321438532869533
"montoril","sinusoidal",1600,172,0.323587232456673
"pg_apf","sinusoidal",1600,172,0.315860761217959
"sir_laplace","sinusoidal",1600,172,0.323183355186279
"sir_collapsed","sinusoidal",1600,172,0.318717225818598
"stan","sinusoidal",1600,172,0.320935667317158
"montoril","constant",200,173,0.853010966396909
"pg_apf","constant",200,173,0.851990163290105
"sir_laplace","constant",200,173,0.851361625527097
"sir_collapsed","constant",200,173,0.844941251620128
"stan","constant",200,173,0.854753780602789
"montoril","linear",200,173,0.461620880912274
"pg_apf","linear",200,173,0.469628276445321
"sir_laplace","linear",200,173,0.465876654986799
"sir_collapsed","linear",200,173,0.461001490554516
"stan","linear",200,173,0.458114163107471
"montoril","quadratic",200,173,0.480214216285481
"pg_apf","quadratic",200,173,0.487678756222681
"sir_laplace","quadratic",200,173,0.480752640543814
"sir_collapsed","quadratic",200,173,0.471656103364782
"stan","quadratic",200,173,0.495789683886954
"montoril","sinusoidal",200,173,0.514965289877688
"pg_apf","sinusoidal",200,173,0.49769028517892
"sir_laplace","sinusoidal",200,173,0.499000331324159
"sir_collapsed","sinusoidal",200,173,0.505992631104096
"stan","sinusoidal",200,173,0.511021080691188
"montoril","constant",400,173,0.62652029557803
"pg_apf","constant",400,173,0.635105292399578
"sir_laplace","constant",400,173,0.636090570872871
"sir_collapsed","constant",400,173,0.637895267951336
"stan","constant",400,173,0.635819199642777
"montoril","linear",400,173,0.395099370253375
"pg_apf","linear",400,173,0.38753296485859
"sir_laplace","linear",400,173,0.387163967529157
"sir_collapsed","linear",400,173,0.39331760517437
"stan","linear",400,173,0.388780318644009
"montoril","quadratic",400,173,0.401423717169971
"pg_apf","quadratic",400,173,0.398459718932457
"sir_laplace","quadratic",400,173,0.402248884517236
"sir_collapsed","quadratic",400,173,0.404841681078659
"stan","quadratic",400,173,0.400326947172214
"montoril","sinusoidal",400,173,0.42847936137099
"pg_apf","sinusoidal",400,173,0.400072472464882
"sir_laplace","sinusoidal",400,173,0.407278569481951
"sir_collapsed","sinusoidal",400,173,0.415599273932302
"stan","sinusoidal",400,173,0.406204267679688
"montoril","constant",800,173,0.474750849677661
"pg_apf","constant",800,173,0.473998248528096
"sir_laplace","constant",800,173,0.476426337030855
"sir_collapsed","constant",800,173,0.478087645571938
"stan","constant",800,173,0.474931124295636
"montoril","linear",800,173,0.248478748280011
"pg_apf","linear",800,173,0.247508401531864
"sir_laplace","linear",800,173,0.248794718318281
"sir_collapsed","linear",800,173,0.255228458445262
"stan","linear",800,173,0.247689651167555
"montoril","quadratic",800,173,0.233314160800763
"pg_apf","quadratic",800,173,0.237319916118198
"sir_laplace","quadratic",800,173,0.239609914309198
"sir_collapsed","quadratic",800,173,0.245958610109224
"stan","quadratic",800,173,0.237373523137256
"montoril","sinusoidal",800,173,0.258596967850665
"pg_apf","sinusoidal",800,173,0.258565261547483
"sir_laplace","sinusoidal",800,173,0.263642540429489
"sir_collapsed","sinusoidal",800,173,0.26998925512671
"stan","sinusoidal",800,173,0.262893077576418
"montoril","constant",1600,173,0.511170874871967
"pg_apf","constant",1600,173,0.508541515308153
"sir_laplace","constant",1600,173,0.508485081209201
"sir_collapsed","constant",1600,173,0.508471709411654
"stan","constant",1600,173,0.509626554768637
"montoril","linear",1600,173,0.331636039982502
"pg_apf","linear",1600,173,0.326196853058423
"sir_laplace","linear",1600,173,0.328067851791108
"sir_collapsed","linear",1600,173,0.327875197767964
"stan","linear",1600,173,0.330379252985866
"montoril","quadratic",1600,173,0.328281263908249
"pg_apf","quadratic",1600,173,0.320273600769061
"sir_laplace","quadratic",1600,173,0.323137074497039
"sir_collapsed","quadratic",1600,173,0.323126446167945
"stan","quadratic",1600,173,0.323649530785511
"montoril","sinusoidal",1600,173,0.344873357974612
"pg_apf","sinusoidal",1600,173,0.349481579986591
"sir_laplace","sinusoidal",1600,173,0.34969388721946
"sir_collapsed","sinusoidal",1600,173,0.351114414787425
"stan","sinusoidal",1600,173,0.350901256408639
"montoril","constant",200,174,0.717090194654155
"pg_apf","constant",200,174,0.723871115679839
"sir_laplace","constant",200,174,0.721923331988049
"sir_collapsed","constant",200,174,0.725509848992779
"stan","constant",200,174,0.717065068346284
"montoril","linear",200,174,0.420567598603194
"pg_apf","linear",200,174,0.412713626446328
"sir_laplace","linear",200,174,0.417345657395485
"sir_collapsed","linear",200,174,0.421547077895102
"stan","linear",200,174,0.419429011612059
"montoril","quadratic",200,174,0.45337133840481
"pg_apf","quadratic",200,174,0.463730299941501
"sir_laplace","quadratic",200,174,0.465539697397374
"sir_collapsed","quadratic",200,174,0.463729886213245
"stan","quadratic",200,174,0.465656921865793
"montoril","sinusoidal",200,174,0.404685820058819
"pg_apf","sinusoidal",200,174,0.414773266395443
"sir_laplace","sinusoidal",200,174,0.417706217522684
"sir_collapsed","sinusoidal",200,174,0.426712490442607
"stan","sinusoidal",200,174,0.417238976403328
"montoril","constant",400,174,0.59503459876577
"pg_apf","constant",400,174,0.594228121922935
"sir_laplace","constant",400,174,0.589541227072706
"sir_collapsed","constant",400,174,0.589011890451724
"stan","constant",400,174,0.592815310025517
"montoril","linear",400,174,0.292518274528845
"pg_apf","linear",400,174,0.289467930794549
"sir_laplace","linear",400,174,0.292303301550358
"sir_collapsed","linear",400,174,0.297841762962263
"stan","linear",400,174,0.290485734288995
"montoril","quadratic",400,174,0.329304710607451
"pg_apf","quadratic",400,174,0.320453977969167
"sir_laplace","quadratic",400,174,0.319972340903977
"sir_collapsed","quadratic",400,174,0.328519175553925
"stan","quadratic",400,174,0.323872819619617
"montoril","sinusoidal",400,174,0.304987428354133
"pg_apf","sinusoidal",400,174,0.314442214489723
"sir_laplace","sinusoidal",400,174,0.312561890325848
"sir_collapsed","sinusoidal",400,174,0.319713889284332
"stan","sinusoidal",400,174,0.314247844020545
"montoril","constant",800,174,0.594518573050156
"pg_apf","constant",800,174,0.597735382800316
"sir_laplace","constant",800,174,0.598965124971207
"sir_collapsed","constant",800,174,0.597016490485863
"stan","constant",800,174,0.599204493846333
"montoril","linear",800,174,0.312227706720399
"pg_apf","linear",800,174,0.310951505418814
"sir_laplace","linear",800,174,0.311532777443184
"sir_collapsed","linear",800,174,0.313652524675727
"stan","linear",800,174,0.313131261629157
"montoril","quadratic",800,174,0.29443943353763
"pg_apf","quadratic",800,174,0.293893360764419
"sir_laplace","quadratic",800,174,0.293918247378158
"sir_collapsed","quadratic",800,174,0.299803961394266
"stan","quadratic",800,174,0.297117093095578
"montoril","sinusoidal",800,174,0.374039136520874
"pg_apf","sinusoidal",800,174,0.365335441441165
"sir_laplace","sinusoidal",800,174,0.363751067663624
"sir_collapsed","sinusoidal",800,174,0.367872709229771
"stan","sinusoidal",800,174,0.366498976432766
"montoril","constant",1600,174,0.469196856620252
"pg_apf","constant",1600,174,0.464350821442476
"sir_laplace","constant",1600,174,0.465989788972026
"sir_collapsed","constant",1600,174,0.464724362368305
"stan","constant",1600,174,0.465198267695788
"montoril","linear",1600,174,0.260020235088291
"pg_apf","linear",1600,174,0.253739752177536
"sir_laplace","linear",1600,174,0.263680099518483
"sir_collapsed","linear",1600,174,0.262782854152094
"stan","linear",1600,174,0.259236509309957
"montoril","quadratic",1600,174,0.25209071550193
"pg_apf","quadratic",1600,174,0.243794827453234
"sir_laplace","quadratic",1600,174,0.248156687443581
"sir_collapsed","quadratic",1600,174,0.251335433985138
"stan","quadratic",1600,174,0.245831529546067
"montoril","sinusoidal",1600,174,0.30053716097744
"pg_apf","sinusoidal",1600,174,0.294874927971226
"sir_laplace","sinusoidal",1600,174,0.300537350090024
"sir_collapsed","sinusoidal",1600,174,0.303992469078384
"stan","sinusoidal",1600,174,0.299508220040887
"montoril","constant",200,175,0.795826162522642
"pg_apf","constant",200,175,0.800528999393138
"sir_laplace","constant",200,175,0.789390977649123
"sir_collapsed","constant",200,175,0.782410613930139
"stan","constant",200,175,0.796772748370327
"montoril","linear",200,175,0.323933923361167
"pg_apf","linear",200,175,0.326308715770641
"sir_laplace","linear",200,175,0.315875421539401
"sir_collapsed","linear",200,175,0.311884720347726
"stan","linear",200,175,0.324270618901454
"montoril","quadratic",200,175,0.343311688781375
"pg_apf","quadratic",200,175,0.344623809728145
"sir_laplace","quadratic",200,175,0.332200196619934
"sir_collapsed","quadratic",200,175,0.330304652240016
"stan","quadratic",200,175,0.346572363242686
"montoril","sinusoidal",200,175,0.373135736354754
"pg_apf","sinusoidal",200,175,0.374298551800104
"sir_laplace","sinusoidal",200,175,0.373736632264313
"sir_collapsed","sinusoidal",200,175,0.366558665538844
"stan","sinusoidal",200,175,0.378238959557481
"montoril","constant",400,175,0.74694875254495
"pg_apf","constant",400,175,0.739429958880047
"sir_laplace","constant",400,175,0.737390264475656
"sir_collapsed","constant",400,175,0.734383898766719
"stan","constant",400,175,0.739279535100978
"montoril","linear",400,175,0.457782240421919
"pg_apf","linear",400,175,0.444971156530808
"sir_laplace","linear",400,175,0.440899917598992
"sir_collapsed","linear",400,175,0.441733714311863
"stan","linear",400,175,0.444912467992545
"montoril","quadratic",400,175,0.409434457059572
"pg_apf","quadratic",400,175,0.414945105944646
"sir_laplace","quadratic",400,175,0.412076399524304
"sir_collapsed","quadratic",400,175,0.413575840150949
"stan","quadratic",400,175,0.415316318813751
"montoril","sinusoidal",400,175,0.375789969273711
"pg_apf","sinusoidal",400,175,0.367289319522848
"sir_laplace","sinusoidal",400,175,0.363015078689617
"sir_collapsed","sinusoidal",400,175,0.371856011896073
"stan","sinusoidal",400,175,0.365505714214451
"montoril","constant",800,175,0.512021143989596
"pg_apf","constant",800,175,0.510248568345461
"sir_laplace","constant",800,175,0.514690859589438
"sir_collapsed","constant",800,175,0.514566358762019
"stan","constant",800,175,0.510612231964976
"montoril","linear",800,175,0.31477696178658
"pg_apf","linear",800,175,0.313286870912367
"sir_laplace","linear",800,175,0.3207606393002
"sir_collapsed","linear",800,175,0.324798214330956
"stan","linear",800,175,0.319870373712
"montoril","quadratic",800,175,0.327488867650905
"pg_apf","quadratic",800,175,0.334369400125598
"sir_laplace","quadratic",800,175,0.334497591184059
"sir_collapsed","quadratic",800,175,0.343291916825448
"stan","quadratic",800,175,0.340182740163694
"montoril","sinusoidal",800,175,0.342104970640943
"pg_apf","sinusoidal",800,175,0.329613558087657
"sir_laplace","sinusoidal",800,175,0.332696991463988
"sir_collapsed","sinusoidal",800,175,0.336327011448735
"stan","sinusoidal",800,175,0.331997269874369
"montoril","constant",1600,175,0.476764480112926
"pg_apf","constant",1600,175,0.469403814969626
"sir_laplace","constant",1600,175,0.469852372225278
"sir_collapsed","constant",1600,175,0.470946692967137
"stan","constant",1600,175,0.469265900286968
"montoril","linear",1600,175,0.363150257126657
"pg_apf","linear",1600,175,0.359655315917024
"sir_laplace","linear",1600,175,0.358955637819458
"sir_collapsed","linear",1600,175,0.363615207705235
"stan","linear",1600,175,0.36078116188918
"montoril","quadratic",1600,175,0.36988334349172
"pg_apf","quadratic",1600,175,0.367394637059997
"sir_laplace","quadratic",1600,175,0.367922364268912
"sir_collapsed","quadratic",1600,175,0.371723602538584
"stan","quadratic",1600,175,0.370311560560725
"montoril","sinusoidal",1600,175,0.369293189607107
"pg_apf","sinusoidal",1600,175,0.369494503937535
"sir_laplace","sinusoidal",1600,175,0.371849268448606
"sir_collapsed","sinusoidal",1600,175,0.374677370477026
"stan","sinusoidal",1600,175,0.372300541943767
"montoril","constant",200,176,0.664203156705628
"pg_apf","constant",200,176,0.669226549343997
"sir_laplace","constant",200,176,0.66534062530481
"sir_collapsed","constant",200,176,0.66323458808769
"stan","constant",200,176,0.66489255304202
"montoril","linear",200,176,0.447580973299999
"pg_apf","linear",200,176,0.449112314871844
"sir_laplace","linear",200,176,0.450395739534548
"sir_collapsed","linear",200,176,0.450661910818545
"stan","linear",200,176,0.452715855652232
"montoril","quadratic",200,176,0.444230552139753
"pg_apf","quadratic",200,176,0.44727680580579
"sir_laplace","quadratic",200,176,0.449634425199235
"sir_collapsed","quadratic",200,176,0.452151955143072
"stan","quadratic",200,176,0.446395077464793
"montoril","sinusoidal",200,176,0.439487127814158
"pg_apf","sinusoidal",200,176,0.443514377386476
"sir_laplace","sinusoidal",200,176,0.444524983231694
"sir_collapsed","sinusoidal",200,176,0.448251224795494
"stan","sinusoidal",200,176,0.442069509134802
"montoril","constant",400,176,0.732950561630798
"pg_apf","constant",400,176,0.738725005412303
"sir_laplace","constant",400,176,0.74138405795431
"sir_collapsed","constant",400,176,0.740315792801171
"stan","constant",400,176,0.741988481363795
"montoril","linear",400,176,0.433031385176372
"pg_apf","linear",400,176,0.437913247332921
"sir_laplace","linear",400,176,0.438308597538405
"sir_collapsed","linear",400,176,0.44310214019736
"stan","linear",400,176,0.439953981124675
"montoril","quadratic",400,176,0.4221239137521
"pg_apf","quadratic",400,176,0.411927389327434
"sir_laplace","quadratic",400,176,0.414161044456435
"sir_collapsed","quadratic",400,176,0.421395650943924
"stan","quadratic",400,176,0.413080311263463
"montoril","sinusoidal",400,176,0.396602765822114
"pg_apf","sinusoidal",400,176,0.385913555595242
"sir_laplace","sinusoidal",400,176,0.390555001581578
"sir_collapsed","sinusoidal",400,176,0.399061276415782
"stan","sinusoidal",400,176,0.383363902572428
"montoril","constant",800,176,0.576812658120147
"pg_apf","constant",800,176,0.57320796119065
"sir_laplace","constant",800,176,0.574091106461675
"sir_collapsed","constant",800,176,0.571490702366397
"stan","constant",800,176,0.575509494304012
"montoril","linear",800,176,0.373059970994479
"pg_apf","linear",800,176,0.356609136882333
"sir_laplace","linear",800,176,0.355383237409682
"sir_collapsed","linear",800,176,0.359073024466628
"stan","linear",800,176,0.358601663875221
"montoril","quadratic",800,176,0.364419605922649
"pg_apf","quadratic",800,176,0.367812565548931
"sir_laplace","quadratic",800,176,0.367223333878832
"sir_collapsed","quadratic",800,176,0.371181983169726
"stan","quadratic",800,176,0.370670011679051
"montoril","sinusoidal",800,176,0.383295029206974
"pg_apf","sinusoidal",800,176,0.384649187118285
"sir_laplace","sinusoidal",800,176,0.379488866495947
"sir_collapsed","sinusoidal",800,176,0.386411083585776
"stan","sinusoidal",800,176,0.385860744681308
"montoril","constant",1600,176,0.496604586408016
"pg_apf","constant",1600,176,0.496248970390199
"sir_laplace","constant",1600,176,0.494894968914826
"sir_collapsed","constant",1600,176,0.493503755501738
"stan","constant",1600,176,0.495812671001198
"montoril","linear",1600,176,0.289575154935844
"pg_apf","linear",1600,176,0.274720191515435
"sir_laplace","linear",1600,176,0.273528412903624
"sir_collapsed","linear",1600,176,0.276948933359844
"stan","linear",1600,176,0.278972643293832
"montoril","quadratic",1600,176,0.289321005361402
"pg_apf","quadratic",1600,176,0.273188746213311
"sir_laplace","quadratic",1600,176,0.275553999517587
"sir_collapsed","quadratic",1600,176,0.27642495350195
"stan","quadratic",1600,176,0.277869950034371
"montoril","sinusoidal",1600,176,0.326904231578223
"pg_apf","sinusoidal",1600,176,0.32121816558769
"sir_laplace","sinusoidal",1600,176,0.324446541139852
"sir_collapsed","sinusoidal",1600,176,0.326848045909994
"stan","sinusoidal",1600,176,0.328043744575906
"montoril","constant",200,177,0.870398650640722
"pg_apf","constant",200,177,0.879357158297661
"sir_laplace","constant",200,177,0.873334471658684
"sir_collapsed","constant",200,177,0.87422571989587
"stan","constant",200,177,0.879787961366259
"montoril","linear",200,177,0.594226842451611
"pg_apf","linear",200,177,0.580062160558136
"sir_laplace","linear",200,177,0.579565145229445
"sir_collapsed","linear",200,177,0.586939982781008
"stan","linear",200,177,0.58057742391317
"montoril","quadratic",200,177,0.62032505598001
"pg_apf","quadratic",200,177,0.622934698529079
"sir_laplace","quadratic",200,177,0.617064994908279
"sir_collapsed","quadratic",200,177,0.619188399347786
"stan","quadratic",200,177,0.623428437513217
"montoril","sinusoidal",200,177,0.52575542639222
"pg_apf","sinusoidal",200,177,0.516149918754032
"sir_laplace","sinusoidal",200,177,0.516319913234978
"sir_collapsed","sinusoidal",200,177,0.516669905967088
"stan","sinusoidal",200,177,0.516082944368797
"montoril","constant",400,177,0.71239222312527
"pg_apf","constant",400,177,0.715931080883376
"sir_laplace","constant",400,177,0.711110936427187
"sir_collapsed","constant",400,177,0.70358166568677
"stan","constant",400,177,0.712465427487599
"montoril","linear",400,177,0.377907599124691
"pg_apf","linear",400,177,0.362120610801456
"sir_laplace","linear",400,177,0.357663216711051
"sir_collapsed","linear",400,177,0.360036075436885
"stan","linear",400,177,0.367980641609668
"montoril","quadratic",400,177,0.37808412144335
"pg_apf","quadratic",400,177,0.363488676669358
"sir_laplace","quadratic",400,177,0.364204994804907
"sir_collapsed","quadratic",400,177,0.364176212265522
"stan","quadratic",400,177,0.367296012996709
"montoril","sinusoidal",400,177,0.380280625126877
"pg_apf","sinusoidal",400,177,0.388428030427999
"sir_laplace","sinusoidal",400,177,0.38304497317656
"sir_collapsed","sinusoidal",400,177,0.379301068372143
"stan","sinusoidal",400,177,0.384264022022675
"montoril","constant",800,177,0.548439441849251
"pg_apf","constant",800,177,0.546597932255823
"sir_laplace","constant",800,177,0.546012587489858
"sir_collapsed","constant",800,177,0.54620821554558
"stan","constant",800,177,0.547942427872147
"montoril","linear",800,177,0.34091750031294
"pg_apf","linear",800,177,0.347009402535507
"sir_laplace","linear",800,177,0.350533071696422
"sir_collapsed","linear",800,177,0.354236610672339
"stan","linear",800,177,0.35176740480613
"montoril","quadratic",800,177,0.33279553257769
"pg_apf","quadratic",800,177,0.344725043858642
"sir_laplace","quadratic",800,177,0.349827748918686
"sir_collapsed","quadratic",800,177,0.353515532911116
"stan","quadratic",800,177,0.34795562359791
"montoril","sinusoidal",800,177,0.378713245675161
"pg_apf","sinusoidal",800,177,0.362475137390954
"sir_laplace","sinusoidal",800,177,0.365005271230254
"sir_collapsed","sinusoidal",800,177,0.366226347154568
"stan","sinusoidal",800,177,0.366866567858395
"montoril","constant",1600,177,0.428454795249407
"pg_apf","constant",1600,177,0.428914308201109
"sir_laplace","constant",1600,177,0.427028974695481
"sir_collapsed","constant",1600,177,0.426293054747974
"stan","constant",1600,177,0.42947748570478
"montoril","linear",1600,177,0.262843660948285
"pg_apf","linear",1600,177,0.265859128214081
"sir_laplace","linear",1600,177,0.26597842126112
"sir_collapsed","linear",1600,177,0.266776600210288
"stan","linear",1600,177,0.267604969302308
"montoril","quadratic",1600,177,0.278195488740254
"pg_apf","quadratic",1600,177,0.263093589965803
"sir_laplace","quadratic",1600,177,0.268401056606611
"sir_collapsed","quadratic",1600,177,0.268945627885043
"stan","quadratic",1600,177,0.2670555316011
"montoril","sinusoidal",1600,177,0.278369198163196
"pg_apf","sinusoidal",1600,177,0.269558160654033
"sir_laplace","sinusoidal",1600,177,0.274591243871303
"sir_collapsed","sinusoidal",1600,177,0.274378809349747
"stan","sinusoidal",1600,177,0.274199989642136
"montoril","constant",200,178,0.705809613386159
"pg_apf","constant",200,178,0.703219304018849
"sir_laplace","constant",200,178,0.697222832888299
"sir_collapsed","constant",200,178,0.689698570937183
"stan","constant",200,178,0.702997461107947
"montoril","linear",200,178,0.349541402459177
"pg_apf","linear",200,178,0.339261245401696
"sir_laplace","linear",200,178,0.338522268431695
"sir_collapsed","linear",200,178,0.334939535853878
"stan","linear",200,178,0.344181768116623
"montoril","quadratic",200,178,0.374976038305
"pg_apf","quadratic",200,178,0.371090530714208
"sir_laplace","quadratic",200,178,0.367981080938427
"sir_collapsed","quadratic",200,178,0.363790720224744
"stan","quadratic",200,178,0.371102927302626
"montoril","sinusoidal",200,178,0.29358576839638
"pg_apf","sinusoidal",200,178,0.283046052609743
"sir_laplace","sinusoidal",200,178,0.284916396960191
"sir_collapsed","sinusoidal",200,178,0.284240098413081
"stan","sinusoidal",200,178,0.293427663900796
"montoril","constant",400,178,0.568090930257711
"pg_apf","constant",400,178,0.571541572089383
"sir_laplace","constant",400,178,0.568852527161918
"sir_collapsed","constant",400,178,0.564836380004255
"stan","constant",400,178,0.56917397935015
"montoril","linear",400,178,0.321847274457524
"pg_apf","linear",400,178,0.319925912350408
"sir_laplace","linear",400,178,0.318392281174431
"sir_collapsed","linear",400,178,0.324452907961869
"stan","linear",400,178,0.319964917022558
"montoril","quadratic",400,178,0.292571097939682
"pg_apf","quadratic",400,178,0.285161134223762
"sir_laplace","quadratic",400,178,0.28909170667529
"sir_collapsed","quadratic",400,178,0.291367678246029
"stan","quadratic",400,178,0.287275270529668
"montoril","sinusoidal",400,178,0.283810166744152
"pg_apf","sinusoidal",400,178,0.287688937431156
"sir_laplace","sinusoidal",400,178,0.285912606732901
"sir_collapsed","sinusoidal",400,178,0.291356275269969
"stan","sinusoidal",400,178,0.28990381419916
"montoril","constant",800,178,0.520557369304029
"pg_apf","constant",800,178,0.521166065046669
"sir_laplace","constant",800,178,0.518120675330997
"sir_collapsed","constant",800,178,0.515128023780521
"stan","constant",800,178,0.522208764393231
"montoril","linear",800,178,0.319648776452203
"pg_apf","linear",800,178,0.320504923497447
"sir_laplace","linear",800,178,0.319513836787584
"sir_collapsed","linear",800,178,0.320862834885139
"stan","linear",800,178,0.321534509368795
"montoril","quadratic",800,178,0.3262497299028
"pg_apf","quadratic",800,178,0.323403558900144
"sir_laplace","quadratic",800,178,0.324370960607719
"sir_collapsed","quadratic",800,178,0.323690433610444
"stan","quadratic",800,178,0.323001465019045
"montoril","sinusoidal",800,178,0.320745317237732
"pg_apf","sinusoidal",800,178,0.307800320011075
"sir_laplace","sinusoidal",800,178,0.310065891739521
"sir_collapsed","sinusoidal",800,178,0.310010523171592
"stan","sinusoidal",800,178,0.311313365252515
"montoril","constant",1600,178,0.43039805767334
"pg_apf","constant",1600,178,0.425566747588654
"sir_laplace","constant",1600,178,0.426178355790999
"sir_collapsed","constant",1600,178,0.426393941817853
"stan","constant",1600,178,0.427819274910719
"montoril","linear",1600,178,0.28970179971255
"pg_apf","linear",1600,178,0.272376187183909
"sir_laplace","linear",1600,178,0.27534855229198
"sir_collapsed","linear",1600,178,0.27576234428069
"stan","linear",1600,178,0.272888099669236
"montoril","quadratic",1600,178,0.280056303093674
"pg_apf","quadratic",1600,178,0.26697884251126
"sir_laplace","quadratic",1600,178,0.272117771868827
"sir_collapsed","quadratic",1600,178,0.27052567614611
"stan","quadratic",1600,178,0.273697127127748
"montoril","sinusoidal",1600,178,0.294620209070291
"pg_apf","sinusoidal",1600,178,0.279679859802914
"sir_laplace","sinusoidal",1600,178,0.28148036701244
"sir_collapsed","sinusoidal",1600,178,0.283156453076739
"stan","sinusoidal",1600,178,0.281515837599584
"montoril","constant",200,179,0.697932510275503
"pg_apf","constant",200,179,0.697123426337222
"sir_laplace","constant",200,179,0.696967745927557
"sir_collapsed","constant",200,179,0.699109984144271
"stan","constant",200,179,0.693996367101621
"montoril","linear",200,179,0.424969943881574
"pg_apf","linear",200,179,0.413818069637789
"sir_laplace","linear",200,179,0.417446150487859
"sir_collapsed","linear",200,179,0.429653828126517
"stan","linear",200,179,0.41860586704904
"montoril","quadratic",200,179,0.463818871084273
"pg_apf","quadratic",200,179,0.448592723421986
"sir_laplace","quadratic",200,179,0.455909747020762
"sir_collapsed","quadratic",200,179,0.460537432611308
"stan","quadratic",200,179,0.453163457737893
"montoril","sinusoidal",200,179,0.450901734718182
"pg_apf","sinusoidal",200,179,0.474877211389345
"sir_laplace","sinusoidal",200,179,0.475135430155976
"sir_collapsed","sinusoidal",200,179,0.483474418921711
"stan","sinusoidal",200,179,0.473884338632009
"montoril","constant",400,179,0.672196750754062
"pg_apf","constant",400,179,0.668956681385984
"sir_laplace","constant",400,179,0.669012178054296
"sir_collapsed","constant",400,179,0.667831349249113
"stan","constant",400,179,0.672285699863659
"montoril","linear",400,179,0.485078983138159
"pg_apf","linear",400,179,0.472449300620075
"sir_laplace","linear",400,179,0.473378333482649
"sir_collapsed","linear",400,179,0.473670426471869
"stan","linear",400,179,0.472134442135025
"montoril","quadratic",400,179,0.47256197518042
"pg_apf","quadratic",400,179,0.47345218175403
"sir_laplace","quadratic",400,179,0.469167826022947
"sir_collapsed","quadratic",400,179,0.46875961903669
"stan","quadratic",400,179,0.471553216690883
"montoril","sinusoidal",400,179,0.548218783474229
"pg_apf","sinusoidal",400,179,0.541402475386679
"sir_laplace","sinusoidal",400,179,0.543152326889066
"sir_collapsed","sinusoidal",400,179,0.54367496104787
"stan","sinusoidal",400,179,0.542181666173285
"montoril","constant",800,179,0.567907616422079
"pg_apf","constant",800,179,0.573046676103397
"sir_laplace","constant",800,179,0.57159292944007
"sir_collapsed","constant",800,179,0.568777393653973
"stan","constant",800,179,0.572995700022346
"montoril","linear",800,179,0.427774798247748
"pg_apf","linear",800,179,0.412107264531272
"sir_laplace","linear",800,179,0.413880854094252
"sir_collapsed","linear",800,179,0.416754384428686
"stan","linear",800,179,0.411408529788713
"montoril","quadratic",800,179,0.399686591526176
"pg_apf","quadratic",800,179,0.395906371685045
"sir_laplace","quadratic",800,179,0.400593068511379
"sir_collapsed","quadratic",800,179,0.403984629571213
"stan","quadratic",800,179,0.397971526789696
"montoril","sinusoidal",800,179,0.39117560180897
"pg_apf","sinusoidal",800,179,0.390998216259012
"sir_laplace","sinusoidal",800,179,0.389601409515654
"sir_collapsed","sinusoidal",800,179,0.394040175886557
"stan","sinusoidal",800,179,0.392264706900324
"montoril","constant",1600,179,0.487839239807677
"pg_apf","constant",1600,179,0.490307652542451
"sir_laplace","constant",1600,179,0.490247526549229
"sir_collapsed","constant",1600,179,0.490626073410276
"stan","constant",1600,179,0.491478631642694
"montoril","linear",1600,179,0.365606956972267
"pg_apf","linear",1600,179,0.364961596669103
"sir_laplace","linear",1600,179,0.36723204869116
"sir_collapsed","linear",1600,179,0.367731205695555
"stan","linear",1600,179,0.369435293551617
"montoril","quadratic",1600,179,0.334400593447055
"pg_apf","quadratic",1600,179,0.33278954282163
"sir_laplace","quadratic",1600,179,0.333879339292957
"sir_collapsed","quadratic",1600,179,0.334250878498708
"stan","quadratic",1600,179,0.337042138330739
"montoril","sinusoidal",1600,179,0.349054425849965
"pg_apf","sinusoidal",1600,179,0.340029231870407
"sir_laplace","sinusoidal",1600,179,0.340054695263175
"sir_collapsed","sinusoidal",1600,179,0.342769752696934
"stan","sinusoidal",1600,179,0.340985191959588
"montoril","constant",200,180,0.733170666457317
"pg_apf","constant",200,180,0.729514009862811
"sir_laplace","constant",200,180,0.725732357759268
"sir_collapsed","constant",200,180,0.727537932321904
"stan","constant",200,180,0.728014346286603
"montoril","linear",200,180,0.363375344604298
"pg_apf","linear",200,180,0.361416072438793
"sir_laplace","linear",200,180,0.362493548170196
"sir_collapsed","linear",200,180,0.369064724582041
"stan","linear",200,180,0.361770421504249
"montoril","quadratic",200,180,0.476999481063396
"pg_apf","quadratic",200,180,0.461253655678763
"sir_laplace","quadratic",200,180,0.458156540623348
"sir_collapsed","quadratic",200,180,0.455800077136191
"stan","quadratic",200,180,0.459134722279087
"montoril","sinusoidal",200,180,0.381017015685657
"pg_apf","sinusoidal",200,180,0.398613261810231
"sir_laplace","sinusoidal",200,180,0.398681984543784
"sir_collapsed","sinusoidal",200,180,0.402919679310155
"stan","sinusoidal",200,180,0.399983329125065
"montoril","constant",400,180,0.631907040341068
"pg_apf","constant",400,180,0.642552850522795
"sir_laplace","constant",400,180,0.641127103741997
"sir_collapsed","constant",400,180,0.641097609450722
"stan","constant",400,180,0.636417451451084
"montoril","linear",400,180,0.381534316699982
"pg_apf","linear",400,180,0.355609420544669
"sir_laplace","linear",400,180,0.359393929781259
"sir_collapsed","linear",400,180,0.366369166000531
"stan","linear",400,180,0.35532629562199
"montoril","quadratic",400,180,0.375172511754703
"pg_apf","quadratic",400,180,0.385390271384684
"sir_laplace","quadratic",400,180,0.387580306616469
"sir_collapsed","quadratic",400,180,0.394886690162242
"stan","quadratic",400,180,0.385213914489772
"montoril","sinusoidal",400,180,0.382741462800988
"pg_apf","sinusoidal",400,180,0.37641332787252
"sir_laplace","sinusoidal",400,180,0.378268576674393
"sir_collapsed","sinusoidal",400,180,0.386089675970315
"stan","sinusoidal",400,180,0.376969520025536
"montoril","constant",800,180,0.536476985643195
"pg_apf","constant",800,180,0.537338792138953
"sir_laplace","constant",800,180,0.536136359117631
"sir_collapsed","constant",800,180,0.536064023006333
"stan","constant",800,180,0.536456093723946
"montoril","linear",800,180,0.316085160774272
"pg_apf","linear",800,180,0.309378711766465
"sir_laplace","linear",800,180,0.30976457061394
"sir_collapsed","linear",800,180,0.317469421251117
"stan","linear",800,180,0.313524955525264
"montoril","quadratic",800,180,0.30906245492482
"pg_apf","quadratic",800,180,0.320974421319209
"sir_laplace","quadratic",800,180,0.325045297307907
"sir_collapsed","quadratic",800,180,0.329318118973879
"stan","quadratic",800,180,0.322693558499633
"montoril","sinusoidal",800,180,0.329286257770451
"pg_apf","sinusoidal",800,180,0.328972702675931
"sir_laplace","sinusoidal",800,180,0.335051605514602
"sir_collapsed","sinusoidal",800,180,0.341826545790013
"stan","sinusoidal",800,180,0.332815256674556
"montoril","constant",1600,180,0.45384422698574
"pg_apf","constant",1600,180,0.448797891739184
"sir_laplace","constant",1600,180,0.450830988957272
"sir_collapsed","constant",1600,180,0.452577882338498
"stan","constant",1600,180,0.450406143047863
"montoril","linear",1600,180,0.258918783370949
"pg_apf","linear",1600,180,0.246317603070832
"sir_laplace","linear",1600,180,0.248167574471024
"sir_collapsed","linear",1600,180,0.250243131508359
"stan","linear",1600,180,0.248463635193126
"montoril","quadratic",1600,180,0.258977229332814
"pg_apf","quadratic",1600,180,0.252130408054702
"sir_laplace","quadratic",1600,180,0.25429627505385
"sir_collapsed","quadratic",1600,180,0.256683388970388
"stan","quadratic",1600,180,0.254553509090032
"montoril","sinusoidal",1600,180,0.291250532343398
"pg_apf","sinusoidal",1600,180,0.281716423133728
"sir_laplace","sinusoidal",1600,180,0.286677531641321
"sir_collapsed","sinusoidal",1600,180,0.287884240698802
"stan","sinusoidal",1600,180,0.286190333724909
"montoril","constant",200,181,0.892455851218457
"pg_apf","constant",200,181,0.885614695950171
"sir_laplace","constant",200,181,0.882089351407382
"sir_collapsed","constant",200,181,0.882567238605415
"stan","constant",200,181,0.88522774562228
"montoril","linear",200,181,0.431314202455735
"pg_apf","linear",200,181,0.418200770382397
"sir_laplace","linear",200,181,0.417393869119897
"sir_collapsed","linear",200,181,0.420287089351398
"stan","linear",200,181,0.423368108617316
"montoril","quadratic",200,181,0.472347693134315
"pg_apf","quadratic",200,181,0.472460984868542
"sir_laplace","quadratic",200,181,0.474560355589333
"sir_collapsed","quadratic",200,181,0.475328621296253
"stan","quadratic",200,181,0.476598179141114
"montoril","sinusoidal",200,181,0.445358806062088
"pg_apf","sinusoidal",200,181,0.433300196031336
"sir_laplace","sinusoidal",200,181,0.43511212047333
"sir_collapsed","sinusoidal",200,181,0.437850797351142
"stan","sinusoidal",200,181,0.431964346055027
"montoril","constant",400,181,0.579681845402778
"pg_apf","constant",400,181,0.588854255946954
"sir_laplace","constant",400,181,0.584675927173013
"sir_collapsed","constant",400,181,0.580471413806772
"stan","constant",400,181,0.58790308858622
"montoril","linear",400,181,0.28360877125631
"pg_apf","linear",400,181,0.272876917609362
"sir_laplace","linear",400,181,0.27181950561268
"sir_collapsed","linear",400,181,0.267799564332586
"stan","linear",400,181,0.272900968151639
"montoril","quadratic",400,181,0.259901220801479
"pg_apf","quadratic",400,181,0.262501240308376
"sir_laplace","quadratic",400,181,0.25689863014527
"sir_collapsed","quadratic",400,181,0.257872674463378
"stan","quadratic",400,181,0.260312325225146
"montoril","sinusoidal",400,181,0.29510900319564
"pg_apf","sinusoidal",400,181,0.28790648622588
"sir_laplace","sinusoidal",400,181,0.28301258865717
"sir_collapsed","sinusoidal",400,181,0.280273190020071
"stan","sinusoidal",400,181,0.285725060058478
"montoril","constant",800,181,0.637410546719855
"pg_apf","constant",800,181,0.639466915711846
"sir_laplace","constant",800,181,0.635094968830484
"sir_collapsed","constant",800,181,0.63329603891338
"stan","constant",800,181,0.637852553946386
"montoril","linear",800,181,0.398873361207886
"pg_apf","linear",800,181,0.388273556296694
"sir_laplace","linear",800,181,0.38590349255065
"sir_collapsed","linear",800,181,0.391105315178109
"stan","linear",800,181,0.391325966000914
"montoril","quadratic",800,181,0.398104819647516
"pg_apf","quadratic",800,181,0.388487215816436
"sir_laplace","quadratic",800,181,0.391231953016669
"sir_collapsed","quadratic",800,181,0.390859129369823
"stan","quadratic",800,181,0.388336273231814
"montoril","sinusoidal",800,181,0.450362678418306
"pg_apf","sinusoidal",800,181,0.439997924570814
"sir_laplace","sinusoidal",800,181,0.445790815035211
"sir_collapsed","sinusoidal",800,181,0.447379771561251
"stan","sinusoidal",800,181,0.44196706216578
"montoril","constant",1600,181,0.431703037500458
"pg_apf","constant",1600,181,0.430470716649099
"sir_laplace","constant",1600,181,0.430765216004032
"sir_collapsed","constant",1600,181,0.432058728698479
"stan","constant",1600,181,0.430257035071675
"montoril","linear",1600,181,0.295666380674646
"pg_apf","linear",1600,181,0.293914242394274
"sir_laplace","linear",1600,181,0.298127155587245
"sir_collapsed","linear",1600,181,0.299241907204773
"stan","linear",1600,181,0.296836368897068
"montoril","quadratic",1600,181,0.313013949968849
"pg_apf","quadratic",1600,181,0.299811675587332
"sir_laplace","quadratic",1600,181,0.300189821113005
"sir_collapsed","quadratic",1600,181,0.304826067032746
"stan","quadratic",1600,181,0.299669000080877
"montoril","sinusoidal",1600,181,0.333626170220138
"pg_apf","sinusoidal",1600,181,0.319819715123547
"sir_laplace","sinusoidal",1600,181,0.322052104864441
"sir_collapsed","sinusoidal",1600,181,0.32668399306384
"stan","sinusoidal",1600,181,0.319928878528181
"montoril","constant",200,182,0.731281406074822
"pg_apf","constant",200,182,0.735441460544834
"sir_laplace","constant",200,182,0.730179023592234
"sir_collapsed","constant",200,182,0.727191278058698
"stan","constant",200,182,0.73395312365841
"montoril","linear",200,182,0.392838395282423
"pg_apf","linear",200,182,0.37887878089649
"sir_laplace","linear",200,182,0.389624837911965
"sir_collapsed","linear",200,182,0.387489771106665
"stan","linear",200,182,0.388274513038764
"montoril","quadratic",200,182,0.43278662136421
"pg_apf","quadratic",200,182,0.425855550228177
"sir_laplace","quadratic",200,182,0.43429575222354
"sir_collapsed","quadratic",200,182,0.431237932089028
"stan","quadratic",200,182,0.436010697252751
"montoril","sinusoidal",200,182,0.368016740508533
"pg_apf","sinusoidal",200,182,0.362607127023215
"sir_laplace","sinusoidal",200,182,0.359679602972438
"sir_collapsed","sinusoidal",200,182,0.366093751474271
"stan","sinusoidal",200,182,0.359928879556371
"montoril","constant",400,182,0.598233691677881
"pg_apf","constant",400,182,0.594077370695992
"sir_laplace","constant",400,182,0.595274641987285
"sir_collapsed","constant",400,182,0.592917165714947
"stan","constant",400,182,0.596012706780996
"montoril","linear",400,182,0.363284838689832
"pg_apf","linear",400,182,0.370351369786726
"sir_laplace","linear",400,182,0.365994376167157
"sir_collapsed","linear",400,182,0.36860098048083
"stan","linear",400,182,0.369478778167
"montoril","quadratic",400,182,0.34856409331018
"pg_apf","quadratic",400,182,0.338929137079272
"sir_laplace","quadratic",400,182,0.336225913136889
"sir_collapsed","quadratic",400,182,0.339504536474
"stan","quadratic",400,182,0.339983840361321
"montoril","sinusoidal",400,182,0.374696908124592
"pg_apf","sinusoidal",400,182,0.379924934588138
"sir_laplace","sinusoidal",400,182,0.377184796975771
"sir_collapsed","sinusoidal",400,182,0.379361671066711
"stan","sinusoidal",400,182,0.380620752585584
"montoril","constant",800,182,0.602309849655581
"pg_apf","constant",800,182,0.604030141793181
"sir_laplace","constant",800,182,0.599529279146903
"sir_collapsed","constant",800,182,0.597672010206904
"stan","constant",800,182,0.600737116114508
"montoril","linear",800,182,0.376147128866738
"pg_apf","linear",800,182,0.371887800146392
"sir_laplace","linear",800,182,0.373969102053507
"sir_collapsed","linear",800,182,0.372414821413218
"stan","linear",800,182,0.374147837424839
"montoril","quadratic",800,182,0.367414966761724
"pg_apf","quadratic",800,182,0.370531469396756
"sir_laplace","quadratic",800,182,0.369833188690626
"sir_collapsed","quadratic",800,182,0.370094484289095
"stan","quadratic",800,182,0.374286421078803
"montoril","sinusoidal",800,182,0.392865926287271
"pg_apf","sinusoidal",800,182,0.393329307298807
"sir_laplace","sinusoidal",800,182,0.391821430218749
"sir_collapsed","sinusoidal",800,182,0.392837651159191
"stan","sinusoidal",800,182,0.391078408643793
"montoril","constant",1600,182,0.471142529043046
"pg_apf","constant",1600,182,0.469398106208442
"sir_laplace","constant",1600,182,0.467424120128119
"sir_collapsed","constant",1600,182,0.469208584168619
"stan","constant",1600,182,0.469764357462998
"montoril","linear",1600,182,0.303137418833516
"pg_apf","linear",1600,182,0.294890761047834
"sir_laplace","linear",1600,182,0.298951336888488
"sir_collapsed","linear",1600,182,0.299502281796173
"stan","linear",1600,182,0.299768422188993
"montoril","quadratic",1600,182,0.280873921711322
"pg_apf","quadratic",1600,182,0.282447134455912
"sir_laplace","quadratic",1600,182,0.282850688944183
"sir_collapsed","quadratic",1600,182,0.283868406003832
"stan","quadratic",1600,182,0.285815742701373
"montoril","sinusoidal",1600,182,0.312032013766437
"pg_apf","sinusoidal",1600,182,0.305807448554432
"sir_laplace","sinusoidal",1600,182,0.309311078633382
"sir_collapsed","sinusoidal",1600,182,0.310121277358873
"stan","sinusoidal",1600,182,0.308120046830169
"montoril","constant",200,183,0.660007228415432
"pg_apf","constant",200,183,0.66022838436788
"sir_laplace","constant",200,183,0.659818563476197
"sir_collapsed","constant",200,183,0.654602348107629
"stan","constant",200,183,0.658136442267189
"montoril","linear",200,183,0.321918888518842
"pg_apf","linear",200,183,0.309009124002322
"sir_laplace","linear",200,183,0.307928213032472
"sir_collapsed","linear",200,183,0.302961652532697
"stan","linear",200,183,0.311361806590871
"montoril","quadratic",200,183,0.381777333770301
"pg_apf","quadratic",200,183,0.391211357116081
"sir_laplace","quadratic",200,183,0.388115577172849
"sir_collapsed","quadratic",200,183,0.384998220881172
"stan","quadratic",200,183,0.391884697331848
"montoril","sinusoidal",200,183,0.241896455315586
"pg_apf","sinusoidal",200,183,0.256387839986587
"sir_laplace","sinusoidal",200,183,0.262375206333637
"sir_collapsed","sinusoidal",200,183,0.267815616262138
"stan","sinusoidal",200,183,0.261980726726594
"montoril","constant",400,183,0.641391884920903
"pg_apf","constant",400,183,0.643929888048531
"sir_laplace","constant",400,183,0.643722542115311
"sir_collapsed","constant",400,183,0.645389916621828
"stan","constant",400,183,0.641693257119844
"montoril","linear",400,183,0.297054902208765
"pg_apf","linear",400,183,0.303441980867016
"sir_laplace","linear",400,183,0.312131414217419
"sir_collapsed","linear",400,183,0.314959195641807
"stan","linear",400,183,0.307597797471075
"montoril","quadratic",400,183,0.299163731163326
"pg_apf","quadratic",400,183,0.304651987054278
"sir_laplace","quadratic",400,183,0.304162920377017
"sir_collapsed","quadratic",400,183,0.309745731517946
"stan","quadratic",400,183,0.30827257176087
"montoril","sinusoidal",400,183,0.367271966491198
"pg_apf","sinusoidal",400,183,0.367900976213181
"sir_laplace","sinusoidal",400,183,0.374100104121445
"sir_collapsed","sinusoidal",400,183,0.378188299655899
"stan","sinusoidal",400,183,0.371381156876037
"montoril","constant",800,183,0.502492282085577
"pg_apf","constant",800,183,0.501851711037669
"sir_laplace","constant",800,183,0.500461633193101
"sir_collapsed","constant",800,183,0.50315843472621
"stan","constant",800,183,0.499376572918575
"montoril","linear",800,183,0.323317326226987
"pg_apf","linear",800,183,0.297434733047383
"sir_laplace","linear",800,183,0.303139005931946
"sir_collapsed","linear",800,183,0.310718209628046
"stan","linear",800,183,0.297839215425041
"montoril","quadratic",800,183,0.299337648234964
"pg_apf","quadratic",800,183,0.298933417923656
"sir_laplace","quadratic",800,183,0.305084997447783
"sir_collapsed","quadratic",800,183,0.312074088771188
"stan","quadratic",800,183,0.30184022275033
"montoril","sinusoidal",800,183,0.306821296644916
"pg_apf","sinusoidal",800,183,0.285040936383238
"sir_laplace","sinusoidal",800,183,0.287732022320336
"sir_collapsed","sinusoidal",800,183,0.293645169262618
"stan","sinusoidal",800,183,0.285403349777056
"montoril","constant",1600,183,0.424636549545574
"pg_apf","constant",1600,183,0.424703791325793
"sir_laplace","constant",1600,183,0.424370835690194
"sir_collapsed","constant",1600,183,0.422828785317442
"stan","constant",1600,183,0.424198936155475
"montoril","linear",1600,183,0.282105771435385
"pg_apf","linear",1600,183,0.277816220434206
"sir_laplace","linear",1600,183,0.278461032492721
"sir_collapsed","linear",1600,183,0.281251493664916
"stan","linear",1600,183,0.28056849377489
"montoril","quadratic",1600,183,0.259865193037633
"pg_apf","quadratic",1600,183,0.260929284604292
"sir_laplace","quadratic",1600,183,0.26029687507697
"sir_collapsed","quadratic",1600,183,0.263344457281178
"stan","quadratic",1600,183,0.262470289616518
"montoril","sinusoidal",1600,183,0.278512439748169
"pg_apf","sinusoidal",1600,183,0.267096442636808
"sir_laplace","sinusoidal",1600,183,0.272041648937057
"sir_collapsed","sinusoidal",1600,183,0.272439037201356
"stan","sinusoidal",1600,183,0.268578734916508
"montoril","constant",200,184,0.713200707317859
"pg_apf","constant",200,184,0.711257750662078
"sir_laplace","constant",200,184,0.710006025779914
"sir_collapsed","constant",200,184,0.713321769280127
"stan","constant",200,184,0.710964668227968
"montoril","linear",200,184,0.392951477256554
"pg_apf","linear",200,184,0.385479761717045
"sir_laplace","linear",200,184,0.391147456085277
"sir_collapsed","linear",200,184,0.391726094113007
"stan","linear",200,184,0.387402254410154
"montoril","quadratic",200,184,0.365368390444191
"pg_apf","quadratic",200,184,0.345004687024286
"sir_laplace","quadratic",200,184,0.35163928247786
"sir_collapsed","quadratic",200,184,0.360761657284152
"stan","quadratic",200,184,0.354120891079212
"montoril","sinusoidal",200,184,0.338095801962926
"pg_apf","sinusoidal",200,184,0.331501900613885
"sir_laplace","sinusoidal",200,184,0.337423613132447
"sir_collapsed","sinusoidal",200,184,0.343124881374822
"stan","sinusoidal",200,184,0.334558660138079
"montoril","constant",400,184,0.668967518379115
"pg_apf","constant",400,184,0.667233504241813
"sir_laplace","constant",400,184,0.663146390638278
"sir_collapsed","constant",400,184,0.661757771915479
"stan","constant",400,184,0.667455091999278
"montoril","linear",400,184,0.378632985282545
"pg_apf","linear",400,184,0.361210376170918
"sir_laplace","linear",400,184,0.366808939183006
"sir_collapsed","linear",400,184,0.362209076456777
"stan","linear",400,184,0.365689805636428
"montoril","quadratic",400,184,0.376305565782705
"pg_apf","quadratic",400,184,0.367718528438917
"sir_laplace","quadratic",400,184,0.361314788660478
"sir_collapsed","quadratic",400,184,0.368162524834461
"stan","quadratic",400,184,0.370055365178224
"montoril","sinusoidal",400,184,0.408888679520675
"pg_apf","sinusoidal",400,184,0.419155709583024
"sir_laplace","sinusoidal",400,184,0.416619116007614
"sir_collapsed","sinusoidal",400,184,0.417267443691919
"stan","sinusoidal",400,184,0.412693784223107
"montoril","constant",800,184,0.535745081687524
"pg_apf","constant",800,184,0.532325451936504
"sir_laplace","constant",800,184,0.536542372422247
"sir_collapsed","constant",800,184,0.540151849323992
"stan","constant",800,184,0.537522893082821
"montoril","linear",800,184,0.402597578575507
"pg_apf","linear",800,184,0.394733207846548
"sir_laplace","linear",800,184,0.395827033133346
"sir_collapsed","linear",800,184,0.403338720744
"stan","linear",800,184,0.398030216124157
"montoril","quadratic",800,184,0.409241756644721
"pg_apf","quadratic",800,184,0.400374320858708
"sir_laplace","quadratic",800,184,0.407028691274659
"sir_collapsed","quadratic",800,184,0.413601761789385
"stan","quadratic",800,184,0.407318737880587
"montoril","sinusoidal",800,184,0.39459779282337
"pg_apf","sinusoidal",800,184,0.38734230398584
"sir_laplace","sinusoidal",800,184,0.393038757118746
"sir_collapsed","sinusoidal",800,184,0.39882314380304
"stan","sinusoidal",800,184,0.391668852521633
"montoril","constant",1600,184,0.482701645769877
"pg_apf","constant",1600,184,0.48142967348294
"sir_laplace","constant",1600,184,0.479379874518178
"sir_collapsed","constant",1600,184,0.477890402086477
"stan","constant",1600,184,0.481526510348192
"montoril","linear",1600,184,0.356377412819622
"pg_apf","linear",1600,184,0.349607676348852
"sir_laplace","linear",1600,184,0.350533560222086
"sir_collapsed","linear",1600,184,0.351122516661661
"stan","linear",1600,184,0.352084348972018
"montoril","quadratic",1600,184,0.347468026949569
"pg_apf","quadratic",1600,184,0.345868362415573
"sir_laplace","quadratic",1600,184,0.346523910267197
"sir_collapsed","quadratic",1600,184,0.345638911266186
"stan","quadratic",1600,184,0.347261151021724
"montoril","sinusoidal",1600,184,0.347122276800971
"pg_apf","sinusoidal",1600,184,0.34266204735343
"sir_laplace","sinusoidal",1600,184,0.344843391909546
"sir_collapsed","sinusoidal",1600,184,0.343684059581031
"stan","sinusoidal",1600,184,0.343682702455851
"montoril","constant",200,185,0.888347393506778
"pg_apf","constant",200,185,0.885694861489986
"sir_laplace","constant",200,185,0.887129551901886
"sir_collapsed","constant",200,185,0.883099978877682
"stan","constant",200,185,0.889441157941457
"montoril","linear",200,185,0.484686496015363
"pg_apf","linear",200,185,0.475241330496511
"sir_laplace","linear",200,185,0.476176128409218
"sir_collapsed","linear",200,185,0.476793754360581
"stan","linear",200,185,0.476169144193325
"montoril","quadratic",200,185,0.499064061435007
"pg_apf","quadratic",200,185,0.496589714764136
"sir_laplace","quadratic",200,185,0.49539019062542
"sir_collapsed","quadratic",200,185,0.500361741765532
"stan","quadratic",200,185,0.496808596280336
"montoril","sinusoidal",200,185,0.459245391158568
"pg_apf","sinusoidal",200,185,0.452222294518588
"sir_laplace","sinusoidal",200,185,0.455740291430613
"sir_collapsed","sinusoidal",200,185,0.461851913876978
"stan","sinusoidal",200,185,0.447367920723589
"montoril","constant",400,185,0.574206713856307
"pg_apf","constant",400,185,0.574921410010966
"sir_laplace","constant",400,185,0.572547778835175
"sir_collapsed","constant",400,185,0.57106763536991
"stan","constant",400,185,0.57486054439511
"montoril","linear",400,185,0.347493924361263
"pg_apf","linear",400,185,0.331937453339598
"sir_laplace","linear",400,185,0.33191976706398
"sir_collapsed","linear",400,185,0.332363610480463
"stan","linear",400,185,0.334256382964854
"montoril","quadratic",400,185,0.31349439439091
"pg_apf","quadratic",400,185,0.315535604377864
"sir_laplace","quadratic",400,185,0.31218616490207
"sir_collapsed","quadratic",400,185,0.311049255568797
"stan","quadratic",400,185,0.319536516884436
"montoril","sinusoidal",400,185,0.311801345091585
"pg_apf","sinusoidal",400,185,0.296776928506295
"sir_laplace","sinusoidal",400,185,0.297628090563978
"sir_collapsed","sinusoidal",400,185,0.294943176764396
"stan","sinusoidal",400,185,0.297336557386681
"montoril","constant",800,185,0.530503055019008
"pg_apf","constant",800,185,0.525234210997355
"sir_laplace","constant",800,185,0.523209240641736
"sir_collapsed","constant",800,185,0.52129306438643
"stan","constant",800,185,0.524690476868542
"montoril","linear",800,185,0.345214591454049
"pg_apf","linear",800,185,0.335386282922742
"sir_laplace","linear",800,185,0.335005661562565
"sir_collapsed","linear",800,185,0.339763317238957
"stan","linear",800,185,0.335533786866543
"montoril","quadratic",800,185,0.322996835612775
"pg_apf","quadratic",800,185,0.327229023803452
"sir_laplace","quadratic",800,185,0.32913859810053
"sir_collapsed","quadratic",800,185,0.336114959129711
"stan","quadratic",800,185,0.329024537277529
"montoril","sinusoidal",800,185,0.338864902343342
"pg_apf","sinusoidal",800,185,0.325759325916248
"sir_laplace","sinusoidal",800,185,0.3278726687461
"sir_collapsed","sinusoidal",800,185,0.329227121338321
"stan","sinusoidal",800,185,0.326035717206288
"montoril","constant",1600,185,0.481808707307325
"pg_apf","constant",1600,185,0.48025238241463
"sir_laplace","constant",1600,185,0.482466197081215
"sir_collapsed","constant",1600,185,0.484644133129472
"stan","constant",1600,185,0.482193967407916
"montoril","linear",1600,185,0.313027875583701
"pg_apf","linear",1600,185,0.308083645596203
"sir_laplace","linear",1600,185,0.312680816319335
"sir_collapsed","linear",1600,185,0.313470728393601
"stan","linear",1600,185,0.31026371731507
"montoril","quadratic",1600,185,0.305261725929861
"pg_apf","quadratic",1600,185,0.304222887168286
"sir_laplace","quadratic",1600,185,0.306250427231575
"sir_collapsed","quadratic",1600,185,0.309191342474018
"stan","quadratic",1600,185,0.307564053857127
"montoril","sinusoidal",1600,185,0.358497828202868
"pg_apf","sinusoidal",1600,185,0.358278052960983
"sir_laplace","sinusoidal",1600,185,0.35997472818726
"sir_collapsed","sinusoidal",1600,185,0.362528899614684
"stan","sinusoidal",1600,185,0.360447098874856
"montoril","constant",200,186,0.821700217987513
"pg_apf","constant",200,186,0.831146628269967
"sir_laplace","constant",200,186,0.831405938575101
"sir_collapsed","constant",200,186,0.828017243216001
"stan","constant",200,186,0.828769880140928
"montoril","linear",200,186,0.417820068587759
"pg_apf","linear",200,186,0.421599958338053
"sir_laplace","linear",200,186,0.428332632741354
"sir_collapsed","linear",200,186,0.444897274674211
"stan","linear",200,186,0.418365570951018
"montoril","quadratic",200,186,0.434409405685876
"pg_apf","quadratic",200,186,0.435799189516322
"sir_laplace","quadratic",200,186,0.442179322711635
"sir_collapsed","quadratic",200,186,0.459654386908825
"stan","quadratic",200,186,0.432688653054347
"montoril","sinusoidal",200,186,0.368812822501847
"pg_apf","sinusoidal",200,186,0.381044877371462
"sir_laplace","sinusoidal",200,186,0.386564618345295
"sir_collapsed","sinusoidal",200,186,0.398761951112668
"stan","sinusoidal",200,186,0.382488912511423
"montoril","constant",400,186,0.66186011188295
"pg_apf","constant",400,186,0.662472952459178
"sir_laplace","constant",400,186,0.658936328592671
"sir_collapsed","constant",400,186,0.663073418531894
"stan","constant",400,186,0.658521418884962
"montoril","linear",400,186,0.370031351344772
"pg_apf","linear",400,186,0.3430123993736
"sir_laplace","linear",400,186,0.345217449180908
"sir_collapsed","linear",400,186,0.351231231137941
"stan","linear",400,186,0.349416720310992
"montoril","quadratic",400,186,0.330612256386196
"pg_apf","quadratic",400,186,0.33740028154157
"sir_laplace","quadratic",400,186,0.345144094079993
"sir_collapsed","quadratic",400,186,0.346367780172569
"stan","quadratic",400,186,0.343182721308023
"montoril","sinusoidal",400,186,0.375576897878713
"pg_apf","sinusoidal",400,186,0.368674118358698
"sir_laplace","sinusoidal",400,186,0.372452855988878
"sir_collapsed","sinusoidal",400,186,0.379797438338652
"stan","sinusoidal",400,186,0.367613151309606
"montoril","constant",800,186,0.534573946366666
"pg_apf","constant",800,186,0.538145478246201
"sir_laplace","constant",800,186,0.535153570332598
"sir_collapsed","constant",800,186,0.535008935648552
"stan","constant",800,186,0.536344983713515
"montoril","linear",800,186,0.334615902491718
"pg_apf","linear",800,186,0.31580175194647
"sir_laplace","linear",800,186,0.320743457374124
"sir_collapsed","linear",800,186,0.326012700527854
"stan","linear",800,186,0.321434029131381
"montoril","quadratic",800,186,0.339754914839658
"pg_apf","quadratic",800,186,0.319254310961907
"sir_laplace","quadratic",800,186,0.324261622321842
"sir_collapsed","quadratic",800,186,0.328301465061889
"stan","quadratic",800,186,0.325295781031164
"montoril","sinusoidal",800,186,0.363263987897715
"pg_apf","sinusoidal",800,186,0.36444914356999
"sir_laplace","sinusoidal",800,186,0.365175874677815
"sir_collapsed","sinusoidal",800,186,0.366972387437506
"stan","sinusoidal",800,186,0.369488087321959
"montoril","constant",1600,186,0.440507342162266
"pg_apf","constant",1600,186,0.43678410278271
"sir_laplace","constant",1600,186,0.436080355357307
"sir_collapsed","constant",1600,186,0.433069472721785
"stan","constant",1600,186,0.437313193589754
"montoril","linear",1600,186,0.298313301451448
"pg_apf","linear",1600,186,0.288190990262562
"sir_laplace","linear",1600,186,0.288213764396065
"sir_collapsed","linear",1600,186,0.285672617702456
"stan","linear",1600,186,0.289282565210126
"montoril","quadratic",1600,186,0.26520884088583
"pg_apf","quadratic",1600,186,0.267877906361385
"sir_laplace","quadratic",1600,186,0.267001166150893
"sir_collapsed","quadratic",1600,186,0.267320776940107
"stan","quadratic",1600,186,0.268971971934522
"montoril","sinusoidal",1600,186,0.286702791847108
"pg_apf","sinusoidal",1600,186,0.286598936483119
"sir_laplace","sinusoidal",1600,186,0.286511359768475
"sir_collapsed","sinusoidal",1600,186,0.286076038661105
"stan","sinusoidal",1600,186,0.291319874457943
"montoril","constant",200,187,0.738218602731913
"pg_apf","constant",200,187,0.741872638727401
"sir_laplace","constant",200,187,0.738514456637923
"sir_collapsed","constant",200,187,0.733171291174315
"stan","constant",200,187,0.742232767471152
"montoril","linear",200,187,0.423101773033426
"pg_apf","linear",200,187,0.435624572315661
"sir_laplace","linear",200,187,0.424915307637315
"sir_collapsed","linear",200,187,0.430260080134957
"stan","linear",200,187,0.433832466341864
"montoril","quadratic",200,187,0.451086830786325
"pg_apf","quadratic",200,187,0.455753135496366
"sir_laplace","quadratic",200,187,0.45058808508869
"sir_collapsed","quadratic",200,187,0.458372994795436
"stan","quadratic",200,187,0.458118317637637
"montoril","sinusoidal",200,187,0.429075393010829
"pg_apf","sinusoidal",200,187,0.420902163400704
"sir_laplace","sinusoidal",200,187,0.423059984253076
"sir_collapsed","sinusoidal",200,187,0.41989673731085
"stan","sinusoidal",200,187,0.420432082608556
"montoril","constant",400,187,0.649687792859599
"pg_apf","constant",400,187,0.647542104174755
"sir_laplace","constant",400,187,0.644959629950735
"sir_collapsed","constant",400,187,0.642316092944996
"stan","constant",400,187,0.647663008425563
"montoril","linear",400,187,0.491166340904249
"pg_apf","linear",400,187,0.47794252021276
"sir_laplace","linear",400,187,0.478325550410416
"sir_collapsed","linear",400,187,0.481503043834975
"stan","linear",400,187,0.482346530887515
"montoril","quadratic",400,187,0.488289716315107
"pg_apf","quadratic",400,187,0.482066104755209
"sir_laplace","quadratic",400,187,0.485366610762212
"sir_collapsed","quadratic",400,187,0.485453956081378
"stan","quadratic",400,187,0.48376982060394
"montoril","sinusoidal",400,187,0.485408747437268
"pg_apf","sinusoidal",400,187,0.481332501602189
"sir_laplace","sinusoidal",400,187,0.481844592958047
"sir_collapsed","sinusoidal",400,187,0.489302963125095
"stan","sinusoidal",400,187,0.481817602718355
"montoril","constant",800,187,0.509605683067997
"pg_apf","constant",800,187,0.511270770382844
"sir_laplace","constant",800,187,0.512128376335019
"sir_collapsed","constant",800,187,0.512474265893853
"stan","constant",800,187,0.51174459250595
"montoril","linear",800,187,0.348900067428197
"pg_apf","linear",800,187,0.338884737563795
"sir_laplace","linear",800,187,0.339994783987902
"sir_collapsed","linear",800,187,0.342359945268855
"stan","linear",800,187,0.338653537554949
"montoril","quadratic",800,187,0.356346368496353
"pg_apf","quadratic",800,187,0.343649202543744
"sir_laplace","quadratic",800,187,0.342425083095151
"sir_collapsed","quadratic",800,187,0.344403186220406
"stan","quadratic",800,187,0.342543346307593
"montoril","sinusoidal",800,187,0.346718736547876
"pg_apf","sinusoidal",800,187,0.335448637259323
"sir_laplace","sinusoidal",800,187,0.339564444343833
"sir_collapsed","sinusoidal",800,187,0.340176106196586
"stan","sinusoidal",800,187,0.339148057857006
"montoril","constant",1600,187,0.448045881186916
"pg_apf","constant",1600,187,0.441997123550199
"sir_laplace","constant",1600,187,0.444842256496169
"sir_collapsed","constant",1600,187,0.445220763812239
"stan","constant",1600,187,0.444788561582242
"montoril","linear",1600,187,0.287193868086328
"pg_apf","linear",1600,187,0.280062294591284
"sir_laplace","linear",1600,187,0.285651981267632
"sir_collapsed","linear",1600,187,0.285854330378822
"stan","linear",1600,187,0.28176314839768
"montoril","quadratic",1600,187,0.298177507745012
"pg_apf","quadratic",1600,187,0.291098173399998
"sir_laplace","quadratic",1600,187,0.295416027890038
"sir_collapsed","quadratic",1600,187,0.296780836598377
"stan","quadratic",1600,187,0.293580938419629
"montoril","sinusoidal",1600,187,0.300248048581844
"pg_apf","sinusoidal",1600,187,0.294462128156227
"sir_laplace","sinusoidal",1600,187,0.298342294500607
"sir_collapsed","sinusoidal",1600,187,0.301729729183898
"stan","sinusoidal",1600,187,0.299826711357729
"montoril","constant",200,188,0.810506130795876
"pg_apf","constant",200,188,0.812127082501483
"sir_laplace","constant",200,188,0.814760566527992
"sir_collapsed","constant",200,188,0.809522020418733
"stan","constant",200,188,0.811221974941828
"montoril","linear",200,188,0.44553475837768
"pg_apf","linear",200,188,0.441856555070527
"sir_laplace","linear",200,188,0.439599314316358
"sir_collapsed","linear",200,188,0.438036376046657
"stan","linear",200,188,0.43944137363822
"montoril","quadratic",200,188,0.451098569782102
"pg_apf","quadratic",200,188,0.438219373464154
"sir_laplace","quadratic",200,188,0.437193407075027
"sir_collapsed","quadratic",200,188,0.438631661826315
"stan","quadratic",200,188,0.43283262578567
"montoril","sinusoidal",200,188,0.394200330237018
"pg_apf","sinusoidal",200,188,0.379844039487876
"sir_laplace","sinusoidal",200,188,0.388671402694361
"sir_collapsed","sinusoidal",200,188,0.395117300732141
"stan","sinusoidal",200,188,0.391936000574927
"montoril","constant",400,188,0.64122672955968
"pg_apf","constant",400,188,0.643287163336997
"sir_laplace","constant",400,188,0.640517174504861
"sir_collapsed","constant",400,188,0.642418094271864
"stan","constant",400,188,0.640052541642927
"montoril","linear",400,188,0.280287389773919
"pg_apf","linear",400,188,0.26657388123131
"sir_laplace","linear",400,188,0.269453726069566
"sir_collapsed","linear",400,188,0.27726813611228
"stan","linear",400,188,0.268567577581191
"montoril","quadratic",400,188,0.233357796497843
"pg_apf","quadratic",400,188,0.237523216716288
"sir_laplace","quadratic",400,188,0.244063780950148
"sir_collapsed","quadratic",400,188,0.242971541606529
"stan","quadratic",400,188,0.239761221581179
"montoril","sinusoidal",400,188,0.298837721598047
"pg_apf","sinusoidal",400,188,0.297325852784189
"sir_laplace","sinusoidal",400,188,0.302228715091598
"sir_collapsed","sinusoidal",400,188,0.305687073381051
"stan","sinusoidal",400,188,0.299846135466167
"montoril","constant",800,188,0.5416779030381
"pg_apf","constant",800,188,0.53886835032245
"sir_laplace","constant",800,188,0.536775051508575
"sir_collapsed","constant",800,188,0.53747484669205
"stan","constant",800,188,0.538307083051739
"montoril","linear",800,188,0.36345597327815
"pg_apf","linear",800,188,0.352463500720592
"sir_laplace","linear",800,188,0.351631438240447
"sir_collapsed","linear",800,188,0.354570004207597
"stan","linear",800,188,0.355830354446813
"montoril","quadratic",800,188,0.328218798757169
"pg_apf","quadratic",800,188,0.327407444163657
"sir_laplace","quadratic",800,188,0.329736321599146
"sir_collapsed","quadratic",800,188,0.329137345215973
"stan","quadratic",800,188,0.331265613694467
"montoril","sinusoidal",800,188,0.335082857803508
"pg_apf","sinusoidal",800,188,0.32973873342523
"sir_laplace","sinusoidal",800,188,0.329190661033031
"sir_collapsed","sinusoidal",800,188,0.332885477505473
"stan","sinusoidal",800,188,0.334184562640985
"montoril","constant",1600,188,0.485661154417756
"pg_apf","constant",1600,188,0.487089077654948
"sir_laplace","constant",1600,188,0.489557208267952
"sir_collapsed","constant",1600,188,0.490391106056868
"stan","constant",1600,188,0.487799297376009
"montoril","linear",1600,188,0.347234789467666
"pg_apf","linear",1600,188,0.341644205047899
"sir_laplace","linear",1600,188,0.343672128434756
"sir_collapsed","linear",1600,188,0.348324851950144
"stan","linear",1600,188,0.343573961969404
"montoril","quadratic",1600,188,0.338180219200391
"pg_apf","quadratic",1600,188,0.342112336088814
"sir_laplace","quadratic",1600,188,0.34156471953616
"sir_collapsed","quadratic",1600,188,0.347430365150905
"stan","quadratic",1600,188,0.342794030213477
"montoril","sinusoidal",1600,188,0.383969022324664
"pg_apf","sinusoidal",1600,188,0.377641472028604
"sir_laplace","sinusoidal",1600,188,0.381414135689268
"sir_collapsed","sinusoidal",1600,188,0.385658270796333
"stan","sinusoidal",1600,188,0.380026097563516
"montoril","constant",200,189,0.748315873973602
"pg_apf","constant",200,189,0.756190811912811
"sir_laplace","constant",200,189,0.743664903414258
"sir_collapsed","constant",200,189,0.742125679892171
"stan","constant",200,189,0.747960781084595
"montoril","linear",200,189,0.321830576457578
"pg_apf","linear",200,189,0.318740912265489
"sir_laplace","linear",200,189,0.314180232504978
"sir_collapsed","linear",200,189,0.315200954887607
"stan","linear",200,189,0.320000226597549
"montoril","quadratic",200,189,0.330525991687046
"pg_apf","quadratic",200,189,0.325584153683405
"sir_laplace","quadratic",200,189,0.324551648951454
"sir_collapsed","quadratic",200,189,0.322938818168975
"stan","quadratic",200,189,0.325901495344129
"montoril","sinusoidal",200,189,0.264765542706196
"pg_apf","sinusoidal",200,189,0.273838226787061
"sir_laplace","sinusoidal",200,189,0.269176456866126
"sir_collapsed","sinusoidal",200,189,0.272234417076077
"stan","sinusoidal",200,189,0.267310291801392
"montoril","constant",400,189,0.662512176612286
"pg_apf","constant",400,189,0.660993684118123
"sir_laplace","constant",400,189,0.657498483547821
"sir_collapsed","constant",400,189,0.664498813747044
"stan","constant",400,189,0.657603129560765
"montoril","linear",400,189,0.400561286009857
"pg_apf","linear",400,189,0.381021653731814
"sir_laplace","linear",400,189,0.38270629474423
"sir_collapsed","linear",400,189,0.396259627182498
"stan","linear",400,189,0.383293099254931
"montoril","quadratic",400,189,0.377516211051565
"pg_apf","quadratic",400,189,0.373897550893402
"sir_laplace","quadratic",400,189,0.378553991797693
"sir_collapsed","quadratic",400,189,0.387164176119982
"stan","quadratic",400,189,0.370042731796598
"montoril","sinusoidal",400,189,0.41742757176191
"pg_apf","sinusoidal",400,189,0.399859280184269
"sir_laplace","sinusoidal",400,189,0.406588381380843
"sir_collapsed","sinusoidal",400,189,0.414747373688574
"stan","sinusoidal",400,189,0.403441272234118
"montoril","constant",800,189,0.542977952715679
"pg_apf","constant",800,189,0.540304068031532
"sir_laplace","constant",800,189,0.538522329826376
"sir_collapsed","constant",800,189,0.541634824710873
"stan","constant",800,189,0.539747372225048
"montoril","linear",800,189,0.31175024658996
"pg_apf","linear",800,189,0.301101517962981
"sir_laplace","linear",800,189,0.303339750407608
"sir_collapsed","linear",800,189,0.306689239913176
"stan","linear",800,189,0.302268000806188
"montoril","quadratic",800,189,0.28326664110951
"pg_apf","quadratic",800,189,0.271388674643937
"sir_laplace","quadratic",800,189,0.276284938208097
"sir_collapsed","quadratic",800,189,0.279343413354278
"stan","quadratic",800,189,0.273485042813134
"montoril","sinusoidal",800,189,0.284864196300532
"pg_apf","sinusoidal",800,189,0.287559746922211
"sir_laplace","sinusoidal",800,189,0.290829559133564
"sir_collapsed","sinusoidal",800,189,0.295369142845333
"stan","sinusoidal",800,189,0.289282547153266
"montoril","constant",1600,189,0.425908534759526
"pg_apf","constant",1600,189,0.421424060163802
"sir_laplace","constant",1600,189,0.419418274029532
"sir_collapsed","constant",1600,189,0.420969739976621
"stan","constant",1600,189,0.422350957843003
"montoril","linear",1600,189,0.294764366339367
"pg_apf","linear",1600,189,0.284342228629032
"sir_laplace","linear",1600,189,0.284102016509681
"sir_collapsed","linear",1600,189,0.289102137683193
"stan","linear",1600,189,0.286574978366954
"montoril","quadratic",1600,189,0.308745383955077
"pg_apf","quadratic",1600,189,0.305184602228879
"sir_laplace","quadratic",1600,189,0.30666314303688
"sir_collapsed","quadratic",1600,189,0.310361518034701
"stan","quadratic",1600,189,0.304813164196143
"montoril","sinusoidal",1600,189,0.302004633835063
"pg_apf","sinusoidal",1600,189,0.298735985115672
"sir_laplace","sinusoidal",1600,189,0.30092118065258
"sir_collapsed","sinusoidal",1600,189,0.306610786253627
"stan","sinusoidal",1600,189,0.302746029291009
"montoril","constant",200,190,0.67399163133635
"pg_apf","constant",200,190,0.678322511790607
"sir_laplace","constant",200,190,0.675475570258651
"sir_collapsed","constant",200,190,0.675029007209571
"stan","constant",200,190,0.674886082679597
"montoril","linear",200,190,0.320956621160602
"pg_apf","linear",200,190,0.327612198427896
"sir_laplace","linear",200,190,0.326767105584598
"sir_collapsed","linear",200,190,0.328649654563797
"stan","linear",200,190,0.329524610376394
"montoril","quadratic",200,190,0.357274454295907
"pg_apf","quadratic",200,190,0.358244754343814
"sir_laplace","quadratic",200,190,0.35877273626007
"sir_collapsed","quadratic",200,190,0.357286665102426
"stan","quadratic",200,190,0.366044553742728
"montoril","sinusoidal",200,190,0.339710871765459
"pg_apf","sinusoidal",200,190,0.358570343024782
"sir_laplace","sinusoidal",200,190,0.355302848840707
"sir_collapsed","sinusoidal",200,190,0.359076538042117
"stan","sinusoidal",200,190,0.358406229933018
"montoril","constant",400,190,0.684070257661784
"pg_apf","constant",400,190,0.68451977970164
"sir_laplace","constant",400,190,0.682463145418315
"sir_collapsed","constant",400,190,0.684028904447439
"stan","constant",400,190,0.680692903431559
"montoril","linear",400,190,0.327213710793021
"pg_apf","linear",400,190,0.320843235073738
"sir_laplace","linear",400,190,0.322997842954834
"sir_collapsed","linear",400,190,0.336087555370942
"stan","linear",400,190,0.324513767502998
"montoril","quadratic",400,190,0.356301166369939
"pg_apf","quadratic",400,190,0.346664109984715
"sir_laplace","quadratic",400,190,0.345622619230127
"sir_collapsed","quadratic",400,190,0.350897679313289
"stan","quadratic",400,190,0.343174032051889
"montoril","sinusoidal",400,190,0.376469961468221
"pg_apf","sinusoidal",400,190,0.377625393017506
"sir_laplace","sinusoidal",400,190,0.378151742785731
"sir_collapsed","sinusoidal",400,190,0.388801199677101
"stan","sinusoidal",400,190,0.377623250878312
"montoril","constant",800,190,0.529900039434228
"pg_apf","constant",800,190,0.528249389908418
"sir_laplace","constant",800,190,0.530333683958563
"sir_collapsed","constant",800,190,0.532729528794901
"stan","constant",800,190,0.527723534654241
"montoril","linear",800,190,0.321898573035469
"pg_apf","linear",800,190,0.307944670373973
"sir_laplace","linear",800,190,0.311937835827186
"sir_collapsed","linear",800,190,0.319047751222983
"stan","linear",800,190,0.31092939359738
"montoril","quadratic",800,190,0.293101314224298
"pg_apf","quadratic",800,190,0.294066162419779
"sir_laplace","quadratic",800,190,0.295098478168843
"sir_collapsed","quadratic",800,190,0.301689674898731
"stan","quadratic",800,190,0.295624922780727
"montoril","sinusoidal",800,190,0.319300182768871
"pg_apf","sinusoidal",800,190,0.315037729489762
"sir_laplace","sinusoidal",800,190,0.320765865238671
"sir_collapsed","sinusoidal",800,190,0.327667524290108
"stan","sinusoidal",800,190,0.316142825856904
"montoril","constant",1600,190,0.42459568197855
"pg_apf","constant",1600,190,0.428723986349983
"sir_laplace","constant",1600,190,0.426440882061806
"sir_collapsed","constant",1600,190,0.426263785491902
"stan","constant",1600,190,0.426465149191661
"montoril","linear",1600,190,0.272372156656592
"pg_apf","linear",1600,190,0.265382690335261
"sir_laplace","linear",1600,190,0.268449275429728
"sir_collapsed","linear",1600,190,0.269996947604628
"stan","linear",1600,190,0.267224045251304
"montoril","quadratic",1600,190,0.264627166593488
"pg_apf","quadratic",1600,190,0.258844493480055
"sir_laplace","quadratic",1600,190,0.260299913767626
"sir_collapsed","quadratic",1600,190,0.262869312215715
"stan","quadratic",1600,190,0.261652121669069
"montoril","sinusoidal",1600,190,0.275784496574434
"pg_apf","sinusoidal",1600,190,0.272441925697404
"sir_laplace","sinusoidal",1600,190,0.273697519177063
"sir_collapsed","sinusoidal",1600,190,0.273363501482585
"stan","sinusoidal",1600,190,0.274608346300334
"montoril","constant",200,191,0.696158657565303
"pg_apf","constant",200,191,0.696978915046144
"sir_laplace","constant",200,191,0.690211810369757
"sir_collapsed","constant",200,191,0.684225868070831
"stan","constant",200,191,0.69631707709114
"montoril","linear",200,191,0.468356563959828
"pg_apf","linear",200,191,0.479862646051785
"sir_laplace","linear",200,191,0.477827740682584
"sir_collapsed","linear",200,191,0.474089057115626
"stan","linear",200,191,0.482275307835495
"montoril","quadratic",200,191,0.571224980146017
"pg_apf","quadratic",200,191,0.57591665547963
"sir_laplace","quadratic",200,191,0.569933599251366
"sir_collapsed","quadratic",200,191,0.559263890744274
"stan","quadratic",200,191,0.574697827332439
"montoril","sinusoidal",200,191,0.452442780458181
"pg_apf","sinusoidal",200,191,0.441623938476993
"sir_laplace","sinusoidal",200,191,0.437211546508075
"sir_collapsed","sinusoidal",200,191,0.430418040876116
"stan","sinusoidal",200,191,0.443906297220898
"montoril","constant",400,191,0.674145747597757
"pg_apf","constant",400,191,0.67528324328049
"sir_laplace","constant",400,191,0.676387624473688
"sir_collapsed","constant",400,191,0.67782152606362
"stan","constant",400,191,0.674012564077026
"montoril","linear",400,191,0.398259580283208
"pg_apf","linear",400,191,0.398660487999667
"sir_laplace","linear",400,191,0.401856835873895
"sir_collapsed","linear",400,191,0.410236675812391
"stan","linear",400,191,0.397463123095461
"montoril","quadratic",400,191,0.380300778566439
"pg_apf","quadratic",400,191,0.383848245165765
"sir_laplace","quadratic",400,191,0.381592150244338
"sir_collapsed","quadratic",400,191,0.400704698421205
"stan","quadratic",400,191,0.384568865735932
"montoril","sinusoidal",400,191,0.450046481829293
"pg_apf","sinusoidal",400,191,0.434377490332507
"sir_laplace","sinusoidal",400,191,0.452561453911814
"sir_collapsed","sinusoidal",400,191,0.457599465627789
"stan","sinusoidal",400,191,0.444375777307963
"montoril","constant",800,191,0.514507312012175
"pg_apf","constant",800,191,0.512975143706595
"sir_laplace","constant",800,191,0.51782634653571
"sir_collapsed","constant",800,191,0.518034975800285
"stan","constant",800,191,0.518520878435468
"montoril","linear",800,191,0.29463026244362
"pg_apf","linear",800,191,0.288501468482211
"sir_laplace","linear",800,191,0.288626964982637
"sir_collapsed","linear",800,191,0.292557751165896
"stan","linear",800,191,0.289903784492403
"montoril","quadratic",800,191,0.280418667999317
"pg_apf","quadratic",800,191,0.27653189120803
"sir_laplace","quadratic",800,191,0.278998051461106
"sir_collapsed","quadratic",800,191,0.28434310853492
"stan","quadratic",800,191,0.281308337487716
"montoril","sinusoidal",800,191,0.298130251340441
"pg_apf","sinusoidal",800,191,0.29087463728172
"sir_laplace","sinusoidal",800,191,0.292267795884419
"sir_collapsed","sinusoidal",800,191,0.298196349966291
"stan","sinusoidal",800,191,0.295043059576357
"montoril","constant",1600,191,0.4923444040767
"pg_apf","constant",1600,191,0.498363833474193
"sir_laplace","constant",1600,191,0.49403636142639
"sir_collapsed","constant",1600,191,0.493679664196091
"stan","constant",1600,191,0.496566806894844
"montoril","linear",1600,191,0.300085522360203
"pg_apf","linear",1600,191,0.29201909654225
"sir_laplace","linear",1600,191,0.2955231404432
"sir_collapsed","linear",1600,191,0.297494786734522
"stan","linear",1600,191,0.297662896778936
"montoril","quadratic",1600,191,0.304146159019129
"pg_apf","quadratic",1600,191,0.293023541032393
"sir_laplace","quadratic",1600,191,0.297929688622678
"sir_collapsed","quadratic",1600,191,0.295730121839877
"stan","quadratic",1600,191,0.298436241665346
"montoril","sinusoidal",1600,191,0.35436694563585
"pg_apf","sinusoidal",1600,191,0.344619541792672
"sir_laplace","sinusoidal",1600,191,0.349459934374365
"sir_collapsed","sinusoidal",1600,191,0.350347960053067
"stan","sinusoidal",1600,191,0.353256726921456
"montoril","constant",200,192,0.86319045948562
"pg_apf","constant",200,192,0.870651004537685
"sir_laplace","constant",200,192,0.863806410636412
"sir_collapsed","constant",200,192,0.860834043077044
"stan","constant",200,192,0.865364291893154
"montoril","linear",200,192,0.48741857546804
"pg_apf","linear",200,192,0.497872263769957
"sir_laplace","linear",200,192,0.50487160325701
"sir_collapsed","linear",200,192,0.50970789835448
"stan","linear",200,192,0.504188135476431
"montoril","quadratic",200,192,0.443078126757241
"pg_apf","quadratic",200,192,0.429616249050239
"sir_laplace","quadratic",200,192,0.439191401030895
"sir_collapsed","quadratic",200,192,0.440237567152187
"stan","quadratic",200,192,0.430911937584139
"montoril","sinusoidal",200,192,0.547260958979304
"pg_apf","sinusoidal",200,192,0.547849369189394
"sir_laplace","sinusoidal",200,192,0.544108759498553
"sir_collapsed","sinusoidal",200,192,0.555928616404873
"stan","sinusoidal",200,192,0.55458948962495
"montoril","constant",400,192,0.580374144213286
"pg_apf","constant",400,192,0.573852212763007
"sir_laplace","constant",400,192,0.579642100422731
"sir_collapsed","constant",400,192,0.585280992848084
"stan","constant",400,192,0.576934836208772
"montoril","linear",400,192,0.307182979101171
"pg_apf","linear",400,192,0.293385302640198
"sir_laplace","linear",400,192,0.297039248148859
"sir_collapsed","linear",400,192,0.307518722776751
"stan","linear",400,192,0.295011821551403
"montoril","quadratic",400,192,0.283215720919481
"pg_apf","quadratic",400,192,0.280227135024162
"sir_laplace","quadratic",400,192,0.28178896849815
"sir_collapsed","quadratic",400,192,0.290731781245429
"stan","quadratic",400,192,0.28162292449754
"montoril","sinusoidal",400,192,0.329862461817804
"pg_apf","sinusoidal",400,192,0.321831527271892
"sir_laplace","sinusoidal",400,192,0.328306806977602
"sir_collapsed","sinusoidal",400,192,0.336168508655378
"stan","sinusoidal",400,192,0.320538529565965
"montoril","constant",800,192,0.504007395337129
"pg_apf","constant",800,192,0.505968861993504
"sir_laplace","constant",800,192,0.507785124913338
"sir_collapsed","constant",800,192,0.511030307795246
"stan","constant",800,192,0.506056085923847
"montoril","linear",800,192,0.315096985055778
"pg_apf","linear",800,192,0.307321080427186
"sir_laplace","linear",800,192,0.307845249625338
"sir_collapsed","linear",800,192,0.317750905388551
"stan","linear",800,192,0.308146758260286
"montoril","quadratic",800,192,0.342830892671444
"pg_apf","quadratic",800,192,0.330486789992204
"sir_laplace","quadratic",800,192,0.338234156055664
"sir_collapsed","quadratic",800,192,0.342534823580343
"stan","quadratic",800,192,0.332836196134452
"montoril","sinusoidal",800,192,0.346136197202796
"pg_apf","sinusoidal",800,192,0.345320255177649
"sir_laplace","sinusoidal",800,192,0.346804718998039
"sir_collapsed","sinusoidal",800,192,0.355484464416757
"stan","sinusoidal",800,192,0.343930453011246
"montoril","constant",1600,192,0.477609853433085
"pg_apf","constant",1600,192,0.472118749157602
"sir_laplace","constant",1600,192,0.473256736606615
"sir_collapsed","constant",1600,192,0.471125920474348
"stan","constant",1600,192,0.474178395524831
"montoril","linear",1600,192,0.372772828901075
"pg_apf","linear",1600,192,0.362368114745093
"sir_laplace","linear",1600,192,0.361024697319322
"sir_collapsed","linear",1600,192,0.363324988197222
"stan","linear",1600,192,0.367866979814468
"montoril","quadratic",1600,192,0.388846326911017
"pg_apf","quadratic",1600,192,0.391215609006993
"sir_laplace","quadratic",1600,192,0.392103871411874
"sir_collapsed","quadratic",1600,192,0.39220839805808
"stan","quadratic",1600,192,0.393608189511498
"montoril","sinusoidal",1600,192,0.405881279835742
"pg_apf","sinusoidal",1600,192,0.388195757670162
"sir_laplace","sinusoidal",1600,192,0.387118565386433
"sir_collapsed","sinusoidal",1600,192,0.38878055339026
"stan","sinusoidal",1600,192,0.389405367639032
"montoril","constant",200,193,1.03104209628446
"pg_apf","constant",200,193,1.02839567706568
"sir_laplace","constant",200,193,1.0233044451735
"sir_collapsed","constant",200,193,1.01299892916716
"stan","constant",200,193,1.0265370702385
"montoril","linear",200,193,0.610583050351071
"pg_apf","linear",200,193,0.625490808170155
"sir_laplace","linear",200,193,0.613436250540181
"sir_collapsed","linear",200,193,0.613569593455029
"stan","linear",200,193,0.622954519674809
"montoril","quadratic",200,193,0.577959893015812
"pg_apf","quadratic",200,193,0.582870532355102
"sir_laplace","quadratic",200,193,0.576372276559722
"sir_collapsed","quadratic",200,193,0.570099830100139
"stan","quadratic",200,193,0.577753937544879
"montoril","sinusoidal",200,193,0.638377785757817
"pg_apf","sinusoidal",200,193,0.632807272334909
"sir_laplace","sinusoidal",200,193,0.629935792011807
"sir_collapsed","sinusoidal",200,193,0.631506591208373
"stan","sinusoidal",200,193,0.633282070718008
"montoril","constant",400,193,0.602429774730799
"pg_apf","constant",400,193,0.600936696124562
"sir_laplace","constant",400,193,0.599859706542288
"sir_collapsed","constant",400,193,0.603543763864289
"stan","constant",400,193,0.600193422772388
"montoril","linear",400,193,0.324083844155114
"pg_apf","linear",400,193,0.316418062440814
"sir_laplace","linear",400,193,0.32225843555208
"sir_collapsed","linear",400,193,0.330874116094081
"stan","linear",400,193,0.322448832641649
"montoril","quadratic",400,193,0.321080524627972
"pg_apf","quadratic",400,193,0.321410379289964
"sir_laplace","quadratic",400,193,0.323149147472031
"sir_collapsed","quadratic",400,193,0.329896544707891
"stan","quadratic",400,193,0.322736817988377
"montoril","sinusoidal",400,193,0.344942738584563
"pg_apf","sinusoidal",400,193,0.339508267951048
"sir_laplace","sinusoidal",400,193,0.339528424347735
"sir_collapsed","sinusoidal",400,193,0.350470770580456
"stan","sinusoidal",400,193,0.341967000655917
"montoril","constant",800,193,0.537343154275884
"pg_apf","constant",800,193,0.542193529045691
"sir_laplace","constant",800,193,0.537904590905367
"sir_collapsed","constant",800,193,0.537008964807398
"stan","constant",800,193,0.539369116712663
"montoril","linear",800,193,0.386525492785488
"pg_apf","linear",800,193,0.387373685878736
"sir_laplace","linear",800,193,0.390455298190529
"sir_collapsed","linear",800,193,0.393571210119883
"stan","linear",800,193,0.386021070423398
"montoril","quadratic",800,193,0.411112015960488
"pg_apf","quadratic",800,193,0.409283011122879
"sir_laplace","quadratic",800,193,0.410774798862475
"sir_collapsed","quadratic",800,193,0.411970848239534
"stan","quadratic",800,193,0.408986288890048
"montoril","sinusoidal",800,193,0.4005523460817
"pg_apf","sinusoidal",800,193,0.394219682134816
"sir_laplace","sinusoidal",800,193,0.397822592130401
"sir_collapsed","sinusoidal",800,193,0.399222667664163
"stan","sinusoidal",800,193,0.396112211702137
"montoril","constant",1600,193,0.466739062432975
"pg_apf","constant",1600,193,0.465238660901549
"sir_laplace","constant",1600,193,0.467536806064636
"sir_collapsed","constant",1600,193,0.467598559866553
"stan","constant",1600,193,0.466922559544334
"montoril","linear",1600,193,0.296334811159357
"pg_apf","linear",1600,193,0.283145084702764
"sir_laplace","linear",1600,193,0.283009784742075
"sir_collapsed","linear",1600,193,0.286093511646062
"stan","linear",1600,193,0.285614726443416
"montoril","quadratic",1600,193,0.286877984943747
"pg_apf","quadratic",1600,193,0.275412498070723
"sir_laplace","quadratic",1600,193,0.277101170192704
"sir_collapsed","quadratic",1600,193,0.279372956734573
"stan","quadratic",1600,193,0.2764387245789
"montoril","sinusoidal",1600,193,0.311408897021085
"pg_apf","sinusoidal",1600,193,0.312906403094289
"sir_laplace","sinusoidal",1600,193,0.315326397765593
"sir_collapsed","sinusoidal",1600,193,0.317361914970698
"stan","sinusoidal",1600,193,0.315032749007604
"montoril","constant",200,194,0.768129998673663
"pg_apf","constant",200,194,0.773026679845457
"sir_laplace","constant",200,194,0.769523524931618
"sir_collapsed","constant",200,194,0.766842814413243
"stan","constant",200,194,0.765759216405321
"montoril","linear",200,194,0.42301757855846
"pg_apf","linear",200,194,0.439655798730827
"sir_laplace","linear",200,194,0.437658868178791
"sir_collapsed","linear",200,194,0.440395850906731
"stan","linear",200,194,0.433228746040256
"montoril","quadratic",200,194,0.446519174001787
"pg_apf","quadratic",200,194,0.459711601845619
"sir_laplace","quadratic",200,194,0.457400393518296
"sir_collapsed","quadratic",200,194,0.463807369459701
"stan","quadratic",200,194,0.454876862812798
"montoril","sinusoidal",200,194,0.44691877792754
"pg_apf","sinusoidal",200,194,0.455244150924
"sir_laplace","sinusoidal",200,194,0.452208129151822
"sir_collapsed","sinusoidal",200,194,0.457676733150666
"stan","sinusoidal",200,194,0.452981419713542
"montoril","constant",400,194,0.710581002364956
"pg_apf","constant",400,194,0.714591294992815
"sir_laplace","constant",400,194,0.708803231857754
"sir_collapsed","constant",400,194,0.707133552025669
"stan","constant",400,194,0.710700172972785
"montoril","linear",400,194,0.439098434119113
"pg_apf","linear",400,194,0.432598863491598
"sir_laplace","linear",400,194,0.435797446999993
"sir_collapsed","linear",400,194,0.432657242605028
"stan","linear",400,194,0.432789529808387
"montoril","quadratic",400,194,0.423138040161982
"pg_apf","quadratic",400,194,0.413938731084411
"sir_laplace","quadratic",400,194,0.411469707022291
"sir_collapsed","quadratic",400,194,0.41444562011372
"stan","quadratic",400,194,0.414616432245478
"montoril","sinusoidal",400,194,0.444742193187747
"pg_apf","sinusoidal",400,194,0.441657946467517
"sir_laplace","sinusoidal",400,194,0.440318837611451
"sir_collapsed","sinusoidal",400,194,0.439116252529546
"stan","sinusoidal",400,194,0.441073517949644
"montoril","constant",800,194,0.51248137587968
"pg_apf","constant",800,194,0.509076640649421
"sir_laplace","constant",800,194,0.510372559008564
"sir_collapsed","constant",800,194,0.507376910017324
"stan","constant",800,194,0.510690264603023
"montoril","linear",800,194,0.275154123599026
"pg_apf","linear",800,194,0.271527411711044
"sir_laplace","linear",800,194,0.275198819492169
"sir_collapsed","linear",800,194,0.276863614250844
"stan","linear",800,194,0.276778847314776
"montoril","quadratic",800,194,0.286040715995474
"pg_apf","quadratic",800,194,0.27926956674854
"sir_laplace","quadratic",800,194,0.27969689504171
"sir_collapsed","quadratic",800,194,0.281198092808173
"stan","quadratic",800,194,0.281372393906267
"montoril","sinusoidal",800,194,0.302140119115704
"pg_apf","sinusoidal",800,194,0.29669663802398
"sir_laplace","sinusoidal",800,194,0.303797606279991
"sir_collapsed","sinusoidal",800,194,0.302536746559604
"stan","sinusoidal",800,194,0.302620914894373
"montoril","constant",1600,194,0.445425315195081
"pg_apf","constant",1600,194,0.438512305333737
"sir_laplace","constant",1600,194,0.439334002611168
"sir_collapsed","constant",1600,194,0.43969890388807
"stan","constant",1600,194,0.440626173301055
"montoril","linear",1600,194,0.269413138664719
"pg_apf","linear",1600,194,0.277145113605305
"sir_laplace","linear",1600,194,0.279223941949715
"sir_collapsed","linear",1600,194,0.281930120982445
"stan","linear",1600,194,0.277695923400826
"montoril","quadratic",1600,194,0.271198605073492
"pg_apf","quadratic",1600,194,0.263277867163874
"sir_laplace","quadratic",1600,194,0.265380033404994
"sir_collapsed","quadratic",1600,194,0.26617472946734
"stan","quadratic",1600,194,0.264317939256629
"montoril","sinusoidal",1600,194,0.274496095017223
"pg_apf","sinusoidal",1600,194,0.270735965098838
"sir_laplace","sinusoidal",1600,194,0.274697808026253
"sir_collapsed","sinusoidal",1600,194,0.276776712901891
"stan","sinusoidal",1600,194,0.276574464579702
"montoril","constant",200,195,0.737416367839145
"pg_apf","constant",200,195,0.741620144710369
"sir_laplace","constant",200,195,0.737113632839808
"sir_collapsed","constant",200,195,0.736980603533279
"stan","constant",200,195,0.739360740031717
"montoril","linear",200,195,0.398345877963684
"pg_apf","linear",200,195,0.372932310044019
"sir_laplace","linear",200,195,0.37695295530056
"sir_collapsed","linear",200,195,0.387166164101425
"stan","linear",200,195,0.38133643386313
"montoril","quadratic",200,195,0.392108543603944
"pg_apf","quadratic",200,195,0.387565969853496
"sir_laplace","quadratic",200,195,0.390044251264893
"sir_collapsed","quadratic",200,195,0.399553088897654
"stan","quadratic",200,195,0.382593584921782
"montoril","sinusoidal",200,195,0.420842558081368
"pg_apf","sinusoidal",200,195,0.415749384814154
"sir_laplace","sinusoidal",200,195,0.426433604541463
"sir_collapsed","sinusoidal",200,195,0.438684668474079
"stan","sinusoidal",200,195,0.419263369263267
"montoril","constant",400,195,0.781246685969556
"pg_apf","constant",400,195,0.777322714878951
"sir_laplace","constant",400,195,0.772710646408736
"sir_collapsed","constant",400,195,0.773596882238092
"stan","constant",400,195,0.777772911375809
"montoril","linear",400,195,0.444001971887864
"pg_apf","linear",400,195,0.433570669796061
"sir_laplace","linear",400,195,0.436773595303662
"sir_collapsed","linear",400,195,0.436449825044816
"stan","linear",400,195,0.437477218505682
"montoril","quadratic",400,195,0.430744601353943
"pg_apf","quadratic",400,195,0.42225324168241
"sir_laplace","quadratic",400,195,0.4186382524728
"sir_collapsed","quadratic",400,195,0.429777520822245
"stan","quadratic",400,195,0.425504531067252
"montoril","sinusoidal",400,195,0.436155924918864
"pg_apf","sinusoidal",400,195,0.439113594331454
"sir_laplace","sinusoidal",400,195,0.433703853361064
"sir_collapsed","sinusoidal",400,195,0.440717885045618
"stan","sinusoidal",400,195,0.441438949061937
"montoril","constant",800,195,0.548366942847995
"pg_apf","constant",800,195,0.548398875395466
"sir_laplace","constant",800,195,0.551426431417592
"sir_collapsed","constant",800,195,0.551006893814381
"stan","constant",800,195,0.549488385964471
"montoril","linear",800,195,0.427524790404841
"pg_apf","linear",800,195,0.41234675590892
"sir_laplace","linear",800,195,0.415229988806322
"sir_collapsed","linear",800,195,0.420535003963693
"stan","linear",800,195,0.415518895830214
"montoril","quadratic",800,195,0.441587497125159
"pg_apf","quadratic",800,195,0.424280755313295
"sir_laplace","quadratic",800,195,0.429206316251581
"sir_collapsed","quadratic",800,195,0.436757501697326
"stan","quadratic",800,195,0.426679678008109
"montoril","sinusoidal",800,195,0.414163746241926
"pg_apf","sinusoidal",800,195,0.417525589646214
"sir_laplace","sinusoidal",800,195,0.423238421709489
"sir_collapsed","sinusoidal",800,195,0.427505317242707
"stan","sinusoidal",800,195,0.424489572422348
"montoril","constant",1600,195,0.486430551642594
"pg_apf","constant",1600,195,0.485620775301455
"sir_laplace","constant",1600,195,0.487767605128089
"sir_collapsed","constant",1600,195,0.487588121026703
"stan","constant",1600,195,0.487191841304467
"montoril","linear",1600,195,0.348703062048137
"pg_apf","linear",1600,195,0.351066439821374
"sir_laplace","linear",1600,195,0.355190749639396
"sir_collapsed","linear",1600,195,0.355585205943601
"stan","linear",1600,195,0.353344101105543
"montoril","quadratic",1600,195,0.365906591255344
"pg_apf","quadratic",1600,195,0.354670668233337
"sir_laplace","quadratic",1600,195,0.357506197189252
"sir_collapsed","quadratic",1600,195,0.358976909718505
"stan","quadratic",1600,195,0.358024509875385
"montoril","sinusoidal",1600,195,0.384764404918493
"pg_apf","sinusoidal",1600,195,0.376630569177015
"sir_laplace","sinusoidal",1600,195,0.379087626733309
"sir_collapsed","sinusoidal",1600,195,0.385182751925781
"stan","sinusoidal",1600,195,0.382151797780169
"montoril","constant",200,196,0.720372153857003
"pg_apf","constant",200,196,0.717792844148488
"sir_laplace","constant",200,196,0.720275089290688
"sir_collapsed","constant",200,196,0.71625260333666
"stan","constant",200,196,0.725160223368911
"montoril","linear",200,196,0.354215082191522
"pg_apf","linear",200,196,0.349124371236891
"sir_laplace","linear",200,196,0.347231789692665
"sir_collapsed","linear",200,196,0.351714241650505
"stan","linear",200,196,0.349604083244946
"montoril","quadratic",200,196,0.390336822733568
"pg_apf","quadratic",200,196,0.38864723832269
"sir_laplace","quadratic",200,196,0.386752943918111
"sir_collapsed","quadratic",200,196,0.387774311930967
"stan","quadratic",200,196,0.384638563593832
"montoril","sinusoidal",200,196,0.286213267581379
"pg_apf","sinusoidal",200,196,0.290282894762743
"sir_laplace","sinusoidal",200,196,0.288199826860642
"sir_collapsed","sinusoidal",200,196,0.294404490387879
"stan","sinusoidal",200,196,0.293193279900728
"montoril","constant",400,196,0.682773355004428
"pg_apf","constant",400,196,0.683148042335592
"sir_laplace","constant",400,196,0.678102767910009
"sir_collapsed","constant",400,196,0.676175167107477
"stan","constant",400,196,0.681606142287575
"montoril","linear",400,196,0.35579832874452
"pg_apf","linear",400,196,0.367379596309405
"sir_laplace","linear",400,196,0.366221498476338
"sir_collapsed","linear",400,196,0.369297777649013
"stan","linear",400,196,0.367983189114625
"montoril","quadratic",400,196,0.360172555170855
"pg_apf","quadratic",400,196,0.355858126229938
"sir_laplace","quadratic",400,196,0.356594248331358
"sir_collapsed","quadratic",400,196,0.359047368317052
"stan","quadratic",400,196,0.355175588865278
"montoril","sinusoidal",400,196,0.329541235285785
"pg_apf","sinusoidal",400,196,0.341940592931866
"sir_laplace","sinusoidal",400,196,0.34252225240818
"sir_collapsed","sinusoidal",400,196,0.342090058542147
"stan","sinusoidal",400,196,0.338426717944885
"montoril","constant",800,196,0.562873875624956
"pg_apf","constant",800,196,0.563464188676867
"sir_laplace","constant",800,196,0.562121164855834
"sir_collapsed","constant",800,196,0.560677650231673
"stan","constant",800,196,0.562111211816629
"montoril","linear",800,196,0.330835406189058
"pg_apf","linear",800,196,0.326075825408144
"sir_laplace","linear",800,196,0.321905847687604
"sir_collapsed","linear",800,196,0.324899355659463
"stan","linear",800,196,0.324585252120977
"montoril","quadratic",800,196,0.290501000999724
"pg_apf","quadratic",800,196,0.295423475777845
"sir_laplace","quadratic",800,196,0.298861896973893
"sir_collapsed","quadratic",800,196,0.297907179752598
"stan","quadratic",800,196,0.298856136006552
"montoril","sinusoidal",800,196,0.317332397390901
"pg_apf","sinusoidal",800,196,0.30827363068156
"sir_laplace","sinusoidal",800,196,0.309380752777018
"sir_collapsed","sinusoidal",800,196,0.312210212598445
"stan","sinusoidal",800,196,0.311702862096238
"montoril","constant",1600,196,0.464229589348217
"pg_apf","constant",1600,196,0.467642827571877
"sir_laplace","constant",1600,196,0.469560671999757
"sir_collapsed","constant",1600,196,0.470769257788464
"stan","constant",1600,196,0.468395106290606
"montoril","linear",1600,196,0.328107696349946
"pg_apf","linear",1600,196,0.325816114328694
"sir_laplace","linear",1600,196,0.329301327876376
"sir_collapsed","linear",1600,196,0.332515609655804
"stan","linear",1600,196,0.327291000076671
"montoril","quadratic",1600,196,0.309885655703297
"pg_apf","quadratic",1600,196,0.309284688447131
"sir_laplace","quadratic",1600,196,0.315286086910141
"sir_collapsed","quadratic",1600,196,0.318034488134251
"stan","quadratic",1600,196,0.313287423859732
"montoril","sinusoidal",1600,196,0.377594564048813
"pg_apf","sinusoidal",1600,196,0.3603821075227
"sir_laplace","sinusoidal",1600,196,0.363923586137178
"sir_collapsed","sinusoidal",1600,196,0.367132165667312
"stan","sinusoidal",1600,196,0.362554911714232
"montoril","constant",200,197,0.753525053628782
"pg_apf","constant",200,197,0.754833013396501
"sir_laplace","constant",200,197,0.758270727362284
"sir_collapsed","constant",200,197,0.758383468857164
"stan","constant",200,197,0.752912254847804
"montoril","linear",200,197,0.47761547794742
"pg_apf","linear",200,197,0.477036062499475
"sir_laplace","linear",200,197,0.487572657497692
"sir_collapsed","linear",200,197,0.489729487303674
"stan","linear",200,197,0.480500217374521
"montoril","quadratic",200,197,0.502316883804644
"pg_apf","quadratic",200,197,0.509782473740717
"sir_laplace","quadratic",200,197,0.509995169716407
"sir_collapsed","quadratic",200,197,0.520588622249241
"stan","quadratic",200,197,0.510317574751607
"montoril","sinusoidal",200,197,0.491510461045661
"pg_apf","sinusoidal",200,197,0.494243957186768
"sir_laplace","sinusoidal",200,197,0.494180120832036
"sir_collapsed","sinusoidal",200,197,0.505532608755375
"stan","sinusoidal",200,197,0.490699331982702
"montoril","constant",400,197,0.616428927368847
"pg_apf","constant",400,197,0.619259001065096
"sir_laplace","constant",400,197,0.615580667865371
"sir_collapsed","constant",400,197,0.611436750889352
"stan","constant",400,197,0.6224843931336
"montoril","linear",400,197,0.416919432005208
"pg_apf","linear",400,197,0.417754538531852
"sir_laplace","linear",400,197,0.415493036771928
"sir_collapsed","linear",400,197,0.417942481453843
"stan","linear",400,197,0.415258832288386
"montoril","quadratic",400,197,0.357895746876975
"pg_apf","quadratic",400,197,0.356323737975923
"sir_laplace","quadratic",400,197,0.35739277285112
"sir_collapsed","quadratic",400,197,0.361740622189946
"stan","quadratic",400,197,0.359816744195061
"montoril","sinusoidal",400,197,0.368827349486354
"pg_apf","sinusoidal",400,197,0.377509177432222
"sir_laplace","sinusoidal",400,197,0.38021173772168
"sir_collapsed","sinusoidal",400,197,0.379373967516115
"stan","sinusoidal",400,197,0.377785127124926
"montoril","constant",800,197,0.579007869306149
"pg_apf","constant",800,197,0.579615455130858
"sir_laplace","constant",800,197,0.576822391738789
"sir_collapsed","constant",800,197,0.578167561878095
"stan","constant",800,197,0.577431079595223
"montoril","linear",800,197,0.442554117341809
"pg_apf","linear",800,197,0.435140641227316
"sir_laplace","linear",800,197,0.439137362046048
"sir_collapsed","linear",800,197,0.447341677488732
"stan","linear",800,197,0.436676897147567
"montoril","quadratic",800,197,0.449996215752092
"pg_apf","quadratic",800,197,0.454577803090784
"sir_laplace","quadratic",800,197,0.457217016625128
"sir_collapsed","quadratic",800,197,0.463980051898843
"stan","quadratic",800,197,0.452926705939955
"montoril","sinusoidal",800,197,0.45065719067268
"pg_apf","sinusoidal",800,197,0.442963746990042
"sir_laplace","sinusoidal",800,197,0.45048614868636
"sir_collapsed","sinusoidal",800,197,0.453023353367246
"stan","sinusoidal",800,197,0.445515887889177
"montoril","constant",1600,197,0.431062943597147
"pg_apf","constant",1600,197,0.427730777863363
"sir_laplace","constant",1600,197,0.427706054772152
"sir_collapsed","constant",1600,197,0.427567642412635
"stan","constant",1600,197,0.429640694203381
"montoril","linear",1600,197,0.275849670980174
"pg_apf","linear",1600,197,0.275091866704973
"sir_laplace","linear",1600,197,0.274754317621549
"sir_collapsed","linear",1600,197,0.275092070999063
"stan","linear",1600,197,0.27782429552418
"montoril","quadratic",1600,197,0.279480927391191
"pg_apf","quadratic",1600,197,0.279118604349698
"sir_laplace","quadratic",1600,197,0.280813350650898
"sir_collapsed","quadratic",1600,197,0.281209804656026
"stan","quadratic",1600,197,0.279919150021532
"montoril","sinusoidal",1600,197,0.289810671003236
"pg_apf","sinusoidal",1600,197,0.279879127147086
"sir_laplace","sinusoidal",1600,197,0.278330100247445
"sir_collapsed","sinusoidal",1600,197,0.27960627853229
"stan","sinusoidal",1600,197,0.282665672560249
"montoril","constant",200,198,0.860096055235123
"pg_apf","constant",200,198,0.869525633376799
"sir_laplace","constant",200,198,0.86839603376478
"sir_collapsed","constant",200,198,0.871420311450492
"stan","constant",200,198,0.865707397819743
"montoril","linear",200,198,0.469233989957772
"pg_apf","linear",200,198,0.477727263842467
"sir_laplace","linear",200,198,0.477324095902823
"sir_collapsed","linear",200,198,0.488957891428818
"stan","linear",200,198,0.475509426041058
"montoril","quadratic",200,198,0.486697340112144
"pg_apf","quadratic",200,198,0.471884708980647
"sir_laplace","quadratic",200,198,0.479662594714876
"sir_collapsed","quadratic",200,198,0.487824987319445
"stan","quadratic",200,198,0.472287561273579
"montoril","sinusoidal",200,198,0.464498265438696
"pg_apf","sinusoidal",200,198,0.48826962930703
"sir_laplace","sinusoidal",200,198,0.493499707332517
"sir_collapsed","sinusoidal",200,198,0.505232231384537
"stan","sinusoidal",200,198,0.488338006186259
"montoril","constant",400,198,0.642634702485576
"pg_apf","constant",400,198,0.654643499360574
"sir_laplace","constant",400,198,0.655254819054857
"sir_collapsed","constant",400,198,0.660766520941552
"stan","constant",400,198,0.648283087224702
"montoril","linear",400,198,0.415577051163334
"pg_apf","linear",400,198,0.419419067618733
"sir_laplace","linear",400,198,0.426853599147379
"sir_collapsed","linear",400,198,0.441351760233763
"stan","linear",400,198,0.421229145219658
"montoril","quadratic",400,198,0.408649003805663
"pg_apf","quadratic",400,198,0.410088803313519
"sir_laplace","quadratic",400,198,0.415319751010454
"sir_collapsed","quadratic",400,198,0.427968545375825
"stan","quadratic",400,198,0.411554548343221
"montoril","sinusoidal",400,198,0.438504322437687
"pg_apf","sinusoidal",400,198,0.430544785336505
"sir_laplace","sinusoidal",400,198,0.437735301022001
"sir_collapsed","sinusoidal",400,198,0.446515593362531
"stan","sinusoidal",400,198,0.43292954884632
"montoril","constant",800,198,0.467172288060184
"pg_apf","constant",800,198,0.473924140275715
"sir_laplace","constant",800,198,0.471271282905493
"sir_collapsed","constant",800,198,0.471029796666501
"stan","constant",800,198,0.473033695986552
"montoril","linear",800,198,0.320180464481491
"pg_apf","linear",800,198,0.314424552206708
"sir_laplace","linear",800,198,0.314256068223822
"sir_collapsed","linear",800,198,0.313513425530077
"stan","linear",800,198,0.314192876268341
"montoril","quadratic",800,198,0.268759652170146
"pg_apf","quadratic",800,198,0.27117757307323
"sir_laplace","quadratic",800,198,0.270318381500878
"sir_collapsed","quadratic",800,198,0.272309592120319
"stan","quadratic",800,198,0.271232283029318
"montoril","sinusoidal",800,198,0.259703690534858
"pg_apf","sinusoidal",800,198,0.259853027339792
"sir_laplace","sinusoidal",800,198,0.261602481051107
"sir_collapsed","sinusoidal",800,198,0.263245926525257
"stan","sinusoidal",800,198,0.26220529382833
"montoril","constant",1600,198,0.456906759143434
"pg_apf","constant",1600,198,0.46010625315304
"sir_laplace","constant",1600,198,0.462395675994449
"sir_collapsed","constant",1600,198,0.465105646932287
"stan","constant",1600,198,0.461688245368193
"montoril","linear",1600,198,0.326012963408813
"pg_apf","linear",1600,198,0.322197108287064
"sir_laplace","linear",1600,198,0.324657633655973
"sir_collapsed","linear",1600,198,0.328319911157527
"stan","linear",1600,198,0.322564959931487
"montoril","quadratic",1600,198,0.321212017245366
"pg_apf","quadratic",1600,198,0.322497879611039
"sir_laplace","quadratic",1600,198,0.326354560371815
"sir_collapsed","quadratic",1600,198,0.328653508488569
"stan","quadratic",1600,198,0.323742131141729
"montoril","sinusoidal",1600,198,0.319879996537269
"pg_apf","sinusoidal",1600,198,0.30956065565548
"sir_laplace","sinusoidal",1600,198,0.31429276660739
"sir_collapsed","sinusoidal",1600,198,0.316180084688659
"stan","sinusoidal",1600,198,0.312747288477444
"montoril","constant",200,199,0.836265395696827
"pg_apf","constant",200,199,0.848291778951413
"sir_laplace","constant",200,199,0.835759565714466
"sir_collapsed","constant",200,199,0.833313026860341
"stan","constant",200,199,0.84171316767358
"montoril","linear",200,199,0.444587217109366
"pg_apf","linear",200,199,0.444353288572077
"sir_laplace","linear",200,199,0.436033828301841
"sir_collapsed","linear",200,199,0.437779802338338
"stan","linear",200,199,0.437939623590036
"montoril","quadratic",200,199,0.426727301980434
"pg_apf","quadratic",200,199,0.419710977316141
"sir_laplace","quadratic",200,199,0.418761392646577
"sir_collapsed","quadratic",200,199,0.420821992651891
"stan","quadratic",200,199,0.418966298754162
"montoril","sinusoidal",200,199,0.461365754709625
"pg_apf","sinusoidal",200,199,0.457446951975275
"sir_laplace","sinusoidal",200,199,0.455463971418958
"sir_collapsed","sinusoidal",200,199,0.45852838094611
"stan","sinusoidal",200,199,0.453569103763594
"montoril","constant",400,199,0.678007039257319
"pg_apf","constant",400,199,0.681642015544957
"sir_laplace","constant",400,199,0.678405720119939
"sir_collapsed","constant",400,199,0.675865608545554
"stan","constant",400,199,0.677758558628868
"montoril","linear",400,199,0.407656790533359
"pg_apf","linear",400,199,0.412404633956238
"sir_laplace","linear",400,199,0.412878146709474
"sir_collapsed","linear",400,199,0.418200913362126
"stan","linear",400,199,0.412826077365021
"montoril","quadratic",400,199,0.459608931922509
"pg_apf","quadratic",400,199,0.453754225348805
"sir_laplace","quadratic",400,199,0.445583169843331
"sir_collapsed","quadratic",400,199,0.454849583414873
"stan","quadratic",400,199,0.447997658624521
"montoril","sinusoidal",400,199,0.438129609516581
"pg_apf","sinusoidal",400,199,0.426947353622373
"sir_laplace","sinusoidal",400,199,0.428193486392316
"sir_collapsed","sinusoidal",400,199,0.431758432286287
"stan","sinusoidal",400,199,0.425420793761986
"montoril","constant",800,199,0.561360972065316
"pg_apf","constant",800,199,0.560635198326021
"sir_laplace","constant",800,199,0.561161329544451
"sir_collapsed","constant",800,199,0.563232606491698
"stan","constant",800,199,0.558737984443753
"montoril","linear",800,199,0.366239823450845
"pg_apf","linear",800,199,0.354294636965352
"sir_laplace","linear",800,199,0.360841990539586
"sir_collapsed","linear",800,199,0.367777379968314
"stan","linear",800,199,0.354198053196575
"montoril","quadratic",800,199,0.375943808859175
"pg_apf","quadratic",800,199,0.37191550471609
"sir_laplace","quadratic",800,199,0.379840742188936
"sir_collapsed","quadratic",800,199,0.38827932658505
"stan","quadratic",800,199,0.376940449255304
"montoril","sinusoidal",800,199,0.385222074586248
"pg_apf","sinusoidal",800,199,0.377752716370256
"sir_laplace","sinusoidal",800,199,0.383106881443119
"sir_collapsed","sinusoidal",800,199,0.390415156919629
"stan","sinusoidal",800,199,0.381890669638617
"montoril","constant",1600,199,0.440315419266831
"pg_apf","constant",1600,199,0.437361856898451
"sir_laplace","constant",1600,199,0.434535323133842
"sir_collapsed","constant",1600,199,0.434474939503345
"stan","constant",1600,199,0.436743201341554
"montoril","linear",1600,199,0.318192673685307
"pg_apf","linear",1600,199,0.305021905702042
"sir_laplace","linear",1600,199,0.306587670550453
"sir_collapsed","linear",1600,199,0.3072217394062
"stan","linear",1600,199,0.308472092969073
"montoril","quadratic",1600,199,0.295864704679766
"pg_apf","quadratic",1600,199,0.287188938542631
"sir_laplace","quadratic",1600,199,0.289729274669821
"sir_collapsed","quadratic",1600,199,0.290493164783922
"stan","quadratic",1600,199,0.289890816952592
"montoril","sinusoidal",1600,199,0.297225475196617
"pg_apf","sinusoidal",1600,199,0.284942991840268
"sir_laplace","sinusoidal",1600,199,0.287668406889162
"sir_collapsed","sinusoidal",1600,199,0.289570919676382
"stan","sinusoidal",1600,199,0.288507080700973
"montoril","constant",200,200,0.660872854656989
"pg_apf","constant",200,200,0.668549703452854
"sir_laplace","constant",200,200,0.657409349403663
"sir_collapsed","constant",200,200,0.658335717661856
"stan","constant",200,200,0.660160553085653
"montoril","linear",200,200,0.252923897417908
"pg_apf","linear",200,200,0.236917245937276
"sir_laplace","linear",200,200,0.233944421552851
"sir_collapsed","linear",200,200,0.240461935655842
"stan","linear",200,200,0.234628692632627
"montoril","quadratic",200,200,0.269496407540798
"pg_apf","quadratic",200,200,0.263172002959426
"sir_laplace","quadratic",200,200,0.268397572843767
"sir_collapsed","quadratic",200,200,0.277174518479805
"stan","quadratic",200,200,0.265384490488204
"montoril","sinusoidal",200,200,0.237324798955975
"pg_apf","sinusoidal",200,200,0.255864629504167
"sir_laplace","sinusoidal",200,200,0.260186001810003
"sir_collapsed","sinusoidal",200,200,0.26485908605077
"stan","sinusoidal",200,200,0.257937712785144
"montoril","constant",400,200,0.574030256710697
"pg_apf","constant",400,200,0.573718473231873
"sir_laplace","constant",400,200,0.570924916576172
"sir_collapsed","constant",400,200,0.571311164860967
"stan","constant",400,200,0.57058559022179
"montoril","linear",400,200,0.277194664752867
"pg_apf","linear",400,200,0.286980135307235
"sir_laplace","linear",400,200,0.288408072382631
"sir_collapsed","linear",400,200,0.292702131949376
"stan","linear",400,200,0.286521340809897
"montoril","quadratic",400,200,0.277006722793055
"pg_apf","quadratic",400,200,0.279442878111722
"sir_laplace","quadratic",400,200,0.279684323511682
"sir_collapsed","quadratic",400,200,0.283665800715612
"stan","quadratic",400,200,0.278259180029254
"montoril","sinusoidal",400,200,0.307230676108113
"pg_apf","sinusoidal",400,200,0.302702682515804
"sir_laplace","sinusoidal",400,200,0.306500065892463
"sir_collapsed","sinusoidal",400,200,0.310878365528989
"stan","sinusoidal",400,200,0.305932494892215
"montoril","constant",800,200,0.585943261302111
"pg_apf","constant",800,200,0.577371665614687
"sir_laplace","constant",800,200,0.575809477465167
"sir_collapsed","constant",800,200,0.574524326528372
"stan","constant",800,200,0.578426485488304
"montoril","linear",800,200,0.327207057458551
"pg_apf","linear",800,200,0.327875876627797
"sir_laplace","linear",800,200,0.326314471268325
"sir_collapsed","linear",800,200,0.33059603763101
"stan","linear",800,200,0.330729577340403
"montoril","quadratic",800,200,0.356602721178705
"pg_apf","quadratic",800,200,0.338594501287193
"sir_laplace","quadratic",800,200,0.340246078410693
"sir_collapsed","quadratic",800,200,0.347836075673964
"stan","quadratic",800,200,0.343714453337296
"montoril","sinusoidal",800,200,0.373417046238871
"pg_apf","sinusoidal",800,200,0.367208271814334
"sir_laplace","sinusoidal",800,200,0.368328585906702
"sir_collapsed","sinusoidal",800,200,0.371426172207529
"stan","sinusoidal",800,200,0.365334077849285
"montoril","constant",1600,200,0.47406996499325
"pg_apf","constant",1600,200,0.473439893245223
"sir_laplace","constant",1600,200,0.472308563661032
"sir_collapsed","constant",1600,200,0.471443127364101
"stan","constant",1600,200,0.473999082529338
"montoril","linear",1600,200,0.327133695922907
"pg_apf","linear",1600,200,0.326079711828123
"sir_laplace","linear",1600,200,0.324854205065617
"sir_collapsed","linear",1600,200,0.326899100490063
"stan","linear",1600,200,0.326822424821424
"montoril","quadratic",1600,200,0.312706838922064
"pg_apf","quadratic",1600,200,0.313274887554042
"sir_laplace","quadratic",1600,200,0.314699582299361
"sir_collapsed","quadratic",1600,200,0.314619985993423
"stan","quadratic",1600,200,0.318033391894091
"montoril","sinusoidal",1600,200,0.321036865502419
"pg_apf","sinusoidal",1600,200,0.32457956469388
"sir_laplace","sinusoidal",1600,200,0.32634804213595
"sir_collapsed","sinusoidal",1600,200,0.324273971435962
"stan","sinusoidal",1600,200,0.325601784776306
